<?xml version="1.0" encoding="UTF-8"?><InteractionHistory Id="http://framework.zend.com/issues-17283" Version="1"><InteractionEvent Delta="null" EndDate="2010-04-14 19:08:14.593 IDT" Interest="1.0" Kind="propagation" Navigation="null" OriginId="org.eclipse.php.editor" StartDate="2010-04-14 19:08:14.593 IDT" StructureHandle="/ZendFramework" StructureKind="resource"/><InteractionEvent Delta="null" EndDate="2010-04-14 19:08:24.46 IDT" Interest="1.0" Kind="selection" Navigation="null" OriginId="org.eclipse.php.editor" StartDate="2010-04-14 19:08:24.46 IDT" StructureHandle="=ZendFramework/&amp;lt;Zend\/Gdata\/Gapps{EmailListRecipientFeed.php" StructureKind="DLTK"/><InteractionEvent Delta="null" EndDate="2010-04-14 19:08:11.843 IDT" Interest="1.0" Kind="edit" Navigation="null" OriginId="org.eclipse.php.editor" StartDate="2010-04-14 19:08:11.843 IDT" StructureHandle="=ZendFramework/&amp;lt;Zend\/Gdata{Feed.php" StructureKind="DLTK"/><InteractionEvent Delta="null" EndDate="2010-04-14 19:08:33.250 IDT" Interest="1.0" Kind="propagation" Navigation="null" OriginId="org.eclipse.php.editor" StartDate="2010-04-14 19:08:33.250 IDT" StructureHandle="/ZendFramework/Zend/Gdata/Gapps/EmailListQuery.php" StructureKind="resource"/><InteractionEvent Delta="null" EndDate="2010-04-14 19:08:33.250 IDT" Interest="1.0" Kind="selection" Navigation="null" OriginId="org.eclipse.php.editor" StartDate="2010-04-14 19:08:33.250 IDT" StructureHandle="=ZendFramework/&amp;lt;Zend\/Gdata\/Gapps{EmailListQuery.php" StructureKind="DLTK"/><InteractionEvent Delta="null" EndDate="2010-04-14 19:08:08.203 IDT" Interest="0.01700002" Kind="propagation" Navigation="org.eclipse.mylyn.core.model.edges.containment" OriginId="org.eclipse.mylyn.core.model.interest.propagation" StartDate="2010-04-14 19:08:08.203 IDT" StructureHandle="/ZendFramework/Zend" StructureKind="resource"/><InteractionEvent Delta="null" EndDate="2010-04-14 19:08:08.500 IDT" Interest="1.0" Kind="propagation" Navigation="org.eclipse.mylyn.core.model.edges.containment" OriginId="org.eclipse.mylyn.core.model.interest.propagation" StartDate="2010-04-14 19:08:08.500 IDT" StructureHandle="=ZendFramework/&amp;lt;Zend\/Gdata" StructureKind="DLTK"/><InteractionEvent Delta="null" EndDate="2010-04-14 19:08:11.843 IDT" Interest="0.6999998" Kind="propagation" Navigation="org.eclipse.mylyn.core.model.edges.containment" OriginId="org.eclipse.mylyn.core.model.interest.propagation" StartDate="2010-04-14 19:08:11.843 IDT" StructureHandle="=ZendFramework/&amp;lt;Zend\/Gdata" StructureKind="DLTK"/><InteractionEvent Delta="null" EndDate="2010-04-14 19:08:40.609 IDT" Interest="0.99999905" Kind="propagation" Navigation="org.eclipse.mylyn.core.model.edges.containment" OriginId="org.eclipse.mylyn.core.model.interest.propagation" StartDate="2010-04-14 19:08:40.609 IDT" StructureHandle="=ZendFramework" StructureKind="resource"/><InteractionEvent Delta="null" EndDate="2010-04-14 19:08:48.906 IDT" Interest="1.0" Kind="propagation" Navigation="null" OriginId="org.eclipse.php.editor" StartDate="2010-04-14 19:08:48.906 IDT" StructureHandle="/ZendFramework" StructureKind="resource"/><InteractionEvent Delta="null" EndDate="2010-04-14 19:08:47.703 IDT" Interest="0.6999999" Kind="propagation" Navigation="org.eclipse.mylyn.core.model.edges.containment" OriginId="org.eclipse.mylyn.core.model.interest.propagation" StartDate="2010-04-14 19:08:47.703 IDT" StructureHandle="=ZendFramework/&amp;lt;Zend\/Gdata\/Gapps{EmailListQuery.php[Zend_Gdata_Gapps_EmailListQuery" StructureKind="DLTK"/><InteractionEvent Delta="null" EndDate="2010-04-14 19:08:08.203 IDT" Interest="1.0" Kind="propagation" Navigation="null" OriginId="org.eclipse.php.ui.explorer" StartDate="2010-04-14 19:08:08.203 IDT" StructureHandle="/ZendFramework/Zend/Gdata/Feed.php" StructureKind="resource"/><InteractionEvent Delta="null" EndDate="2010-04-14 19:08:23.843 IDT" Interest="1.0" Kind="propagation" Navigation="null" OriginId="org.eclipse.php.ui.explorer" StartDate="2010-04-14 19:08:23.843 IDT" StructureHandle="/ZendFramework" StructureKind="resource"/><InteractionEvent Delta="null" EndDate="2010-04-14 19:08:11.843 IDT" Interest="0.9999995" Kind="propagation" Navigation="org.eclipse.mylyn.core.model.edges.containment" OriginId="org.eclipse.mylyn.core.model.interest.propagation" StartDate="2010-04-14 19:08:11.843 IDT" StructureHandle="/ZendFramework/Zend" StructureKind="resource"/><InteractionEvent Delta="null" EndDate="2010-04-14 19:08:47.703 IDT" Interest="1.0" Kind="propagation" Navigation="org.eclipse.mylyn.core.model.edges.containment" OriginId="org.eclipse.mylyn.core.model.interest.propagation" StartDate="2010-04-14 19:08:47.703 IDT" StructureHandle="/ZendFramework/Zend" StructureKind="resource"/><InteractionEvent Delta="null" EndDate="2010-04-14 19:08:24.109 IDT" Interest="1.0000001" Kind="propagation" Navigation="org.eclipse.mylyn.core.model.edges.containment" OriginId="org.eclipse.mylyn.core.model.interest.propagation" StartDate="2010-04-14 19:08:24.109 IDT" StructureHandle="/ZendFramework/Zend/Gdata/Gapps" StructureKind="resource"/><InteractionEvent Delta="null" EndDate="2010-04-14 19:08:48.906 IDT" Interest="1.0" Kind="propagation" Navigation="org.eclipse.mylyn.core.model.edges.containment" OriginId="org.eclipse.mylyn.core.model.interest.propagation" StartDate="2010-04-14 19:08:48.906 IDT" StructureHandle="/ZendFramework/Zend" StructureKind="resource"/><InteractionEvent Delta="null" EndDate="2010-04-14 19:08:14.593 IDT" Interest="1.0" Kind="propagation" Navigation="org.eclipse.mylyn.core.model.edges.containment" OriginId="org.eclipse.mylyn.core.model.interest.propagation" StartDate="2010-04-14 19:08:14.593 IDT" StructureHandle="=ZendFramework" StructureKind="resource"/><InteractionEvent Delta="null" EndDate="2010-04-14 19:08:43.875 IDT" Interest="1.0" Kind="propagation" Navigation="org.eclipse.mylyn.core.model.edges.containment" OriginId="org.eclipse.mylyn.core.model.interest.propagation" StartDate="2010-04-14 19:08:43.875 IDT" StructureHandle="/ZendFramework/Zend" StructureKind="resource"/><InteractionEvent Delta="null" EndDate="2010-04-14 19:08:52.890 IDT" Interest="1.0" Kind="propagation" Navigation="null" OriginId="org.eclipse.php.ui.explorer" StartDate="2010-04-14 19:08:52.890 IDT" StructureHandle="/ZendFramework/Zend/Gdata/Gapps" StructureKind="resource"/><InteractionEvent Delta="null" EndDate="2010-04-14 19:08:40.609 IDT" Interest="1.0" Kind="selection" Navigation="null" OriginId="org.eclipse.php.editor" StartDate="2010-04-14 19:08:40.609 IDT" StructureHandle="=ZendFramework/&amp;lt;Zend\/Gdata\/Gapps{EmailListQuery.php[Zend_Gdata_Gapps_EmailListQuery~__construct" StructureKind="DLTK"/><InteractionEvent Delta="null" EndDate="2010-04-14 19:08:33.250 IDT" Interest="1.0" Kind="edit" Navigation="null" OriginId="org.eclipse.php.editor" StartDate="2010-04-14 19:08:33.250 IDT" StructureHandle="=ZendFramework/&amp;lt;Zend\/Gdata\/Gapps{EmailListQuery.php" StructureKind="DLTK"/><InteractionEvent Delta="null" EndDate="2010-04-14 19:08:24.109 IDT" Interest="1.0" Kind="propagation" Navigation="org.eclipse.mylyn.core.model.edges.containment" OriginId="org.eclipse.mylyn.core.model.interest.propagation" StartDate="2010-04-14 19:08:24.109 IDT" StructureHandle="/ZendFramework/Zend/Gdata/Gapps" StructureKind="resource"/><InteractionEvent Delta="null" EndDate="2010-04-14 19:08:40.609 IDT" Interest="9.536743E-7" Kind="propagation" Navigation="org.eclipse.mylyn.core.model.edges.containment" OriginId="org.eclipse.mylyn.core.model.interest.propagation" StartDate="2010-04-14 19:08:40.609 IDT" StructureHandle="=ZendFramework" StructureKind="resource"/><InteractionEvent Delta="null" EndDate="2010-04-14 19:08:08.203 IDT" Interest="0.01699996" Kind="propagation" Navigation="org.eclipse.mylyn.core.model.edges.containment" OriginId="org.eclipse.mylyn.core.model.interest.propagation" StartDate="2010-04-14 19:08:08.203 IDT" StructureHandle="/" StructureKind="resource"/><InteractionEvent Delta="null" EndDate="2010-04-14 19:08:33.187 IDT" Interest="1.0" Kind="propagation" Navigation="null" OriginId="org.eclipse.php.editor" StartDate="2010-04-14 19:08:33.187 IDT" StructureHandle="/ZendFramework/Zend/Gdata/Gapps" StructureKind="resource"/><InteractionEvent Delta="null" EndDate="2010-04-14 19:08:43.875 IDT" Interest="0.7" Kind="propagation" Navigation="org.eclipse.mylyn.core.model.edges.containment" OriginId="org.eclipse.mylyn.core.model.interest.propagation" StartDate="2010-04-14 19:08:43.875 IDT" StructureHandle="=ZendFramework/&amp;lt;Zend\/Gdata\/Gapps{EmailListQuery.php[Zend_Gdata_Gapps_EmailListQuery" StructureKind="DLTK"/><InteractionEvent Delta="null" EndDate="2010-04-14 19:08:14.593 IDT" Interest="1.0" Kind="propagation" Navigation="org.eclipse.mylyn.core.model.edges.containment" OriginId="org.eclipse.mylyn.core.model.interest.propagation" StartDate="2010-04-14 19:08:14.593 IDT" StructureHandle="/" StructureKind="resource"/><InteractionEvent Delta="null" EndDate="2010-04-14 19:08:14.609 IDT" Interest="1.0" Kind="edit" Navigation="null" OriginId="org.eclipse.php.editor" StartDate="2010-04-14 19:08:14.609 IDT" StructureHandle="=ZendFramework/&amp;lt;Zend\/Gdata{Feed.php" StructureKind="DLTK"/><InteractionEvent Delta="null" EndDate="2010-04-14 19:08:52.890 IDT" Interest="1.0" Kind="propagation" Navigation="org.eclipse.mylyn.core.model.edges.containment" OriginId="org.eclipse.mylyn.core.model.interest.propagation" StartDate="2010-04-14 19:08:52.890 IDT" StructureHandle="/ZendFramework/Zend/Gdata" StructureKind="resource"/><InteractionEvent Delta="null" EndDate="2010-04-14 19:08:43.875 IDT" Interest="1.0" Kind="propagation" Navigation="null" OriginId="org.eclipse.php.editor" StartDate="2010-04-14 19:08:43.875 IDT" StructureHandle="/ZendFramework" StructureKind="resource"/><InteractionEvent Delta="null" EndDate="2010-04-14 19:08:24.109 IDT" Interest="0.70000017" Kind="propagation" Navigation="org.eclipse.mylyn.core.model.edges.containment" OriginId="org.eclipse.mylyn.core.model.interest.propagation" StartDate="2010-04-14 19:08:24.109 IDT" StructureHandle="=ZendFramework/&amp;lt;Zend\/Gdata\/Gapps" StructureKind="DLTK"/><InteractionEvent Delta="null" EndDate="2010-04-14 19:08:33.250 IDT" Interest="0.17000008" Kind="propagation" Navigation="org.eclipse.mylyn.core.model.edges.containment" OriginId="org.eclipse.mylyn.core.model.interest.propagation" StartDate="2010-04-14 19:08:33.250 IDT" StructureHandle="/ZendFramework/Zend" StructureKind="resource"/><InteractionEvent Delta="null" EndDate="2010-04-14 19:08:14.593 IDT" Interest="1.0" Kind="propagation" Navigation="org.eclipse.mylyn.core.model.edges.containment" OriginId="org.eclipse.mylyn.core.model.interest.propagation" StartDate="2010-04-14 19:08:14.593 IDT" StructureHandle="/ZendFramework/Zend" StructureKind="resource"/><InteractionEvent Delta="null" EndDate="2010-04-14 19:08:14.609 IDT" Interest="0.6999998" Kind="propagation" Navigation="org.eclipse.mylyn.core.model.edges.containment" OriginId="org.eclipse.mylyn.core.model.interest.propagation" StartDate="2010-04-14 19:08:14.609 IDT" StructureHandle="=ZendFramework/" StructureKind="DLTK"/><InteractionEvent Delta="null" EndDate="2010-04-14 19:08:43.875 IDT" Interest="1.0" Kind="propagation" Navigation="null" OriginId="org.eclipse.php.editor" StartDate="2010-04-14 19:08:43.875 IDT" StructureHandle="/ZendFramework/Zend/Gdata/Gapps/EmailListQuery.php" StructureKind="resource"/><InteractionEvent Delta="null" EndDate="2010-04-14 19:08:10.187 IDT" Interest="1.0" Kind="propagation" Navigation="org.eclipse.mylyn.core.model.edges.containment" OriginId="org.eclipse.mylyn.core.model.interest.propagation" StartDate="2010-04-14 19:08:10.187 IDT" StructureHandle="=ZendFramework" StructureKind="resource"/><InteractionEvent Delta="null" EndDate="2010-04-14 19:08:11.843 IDT" Interest="0.9999995" Kind="propagation" Navigation="org.eclipse.mylyn.core.model.edges.containment" OriginId="org.eclipse.mylyn.core.model.interest.propagation" StartDate="2010-04-14 19:08:11.843 IDT" StructureHandle="/" StructureKind="resource"/><InteractionEvent Delta="null" EndDate="2010-04-14 19:08:14.609 IDT" Interest="1.0" Kind="propagation" Navigation="org.eclipse.mylyn.core.model.edges.containment" OriginId="org.eclipse.mylyn.core.model.interest.propagation" StartDate="2010-04-14 19:08:14.609 IDT" StructureHandle="/ZendFramework/Zend" StructureKind="resource"/><InteractionEvent Delta="null" EndDate="2010-04-14 19:08:24.46 IDT" Interest="1.0" Kind="propagation" Navigation="null" OriginId="org.eclipse.php.editor" StartDate="2010-04-14 19:08:24.46 IDT" StructureHandle="/ZendFramework/Zend/Gdata/Gapps/EmailListRecipientFeed.php" StructureKind="resource"/><InteractionEvent Delta="null" EndDate="2010-04-14 19:08:43.875 IDT" Interest="1.0" Kind="propagation" Navigation="org.eclipse.mylyn.core.model.edges.containment" OriginId="org.eclipse.mylyn.core.model.interest.propagation" StartDate="2010-04-14 19:08:43.875 IDT" StructureHandle="/" StructureKind="resource"/><InteractionEvent Delta="null" EndDate="2010-04-14 19:08:14.593 IDT" Interest="1.0" Kind="propagation" Navigation="null" OriginId="org.eclipse.php.editor" StartDate="2010-04-14 19:08:14.593 IDT" StructureHandle="/ZendFramework/Zend/Gdata/Feed.php" StructureKind="resource"/><InteractionEvent Delta="null" EndDate="2010-04-14 19:08:52.890 IDT" Interest="1.0" Kind="propagation" Navigation="org.eclipse.mylyn.core.model.edges.containment" OriginId="org.eclipse.mylyn.core.model.interest.propagation" StartDate="2010-04-14 19:08:52.890 IDT" StructureHandle="/" StructureKind="resource"/><InteractionEvent Delta="null" EndDate="2010-04-14 19:08:10.187 IDT" Interest="0.6999998" Kind="propagation" Navigation="org.eclipse.mylyn.core.model.edges.containment" OriginId="org.eclipse.mylyn.core.model.interest.propagation" StartDate="2010-04-14 19:08:10.187 IDT" StructureHandle="=ZendFramework/" StructureKind="DLTK"/><InteractionEvent Delta="null" EndDate="2010-04-14 19:08:52.890 IDT" Interest="1.0" Kind="propagation" Navigation="org.eclipse.mylyn.core.model.edges.containment" OriginId="org.eclipse.mylyn.core.model.interest.propagation" StartDate="2010-04-14 19:08:52.890 IDT" StructureHandle="=ZendFramework/&amp;lt;Zend\/Gdata\/Gapps" StructureKind="DLTK"/><InteractionEvent Delta="null" EndDate="2010-04-14 19:08:14.609 IDT" Interest="1.0" Kind="propagation" Navigation="null" OriginId="org.eclipse.php.editor" StartDate="2010-04-14 19:08:14.609 IDT" StructureHandle="/ZendFramework" StructureKind="resource"/><InteractionEvent Delta="null" EndDate="2010-04-14 19:08:08.203 IDT" Interest="0.01699996" Kind="propagation" Navigation="org.eclipse.mylyn.core.model.edges.containment" OriginId="org.eclipse.mylyn.core.model.interest.propagation" StartDate="2010-04-14 19:08:08.203 IDT" StructureHandle="=ZendFramework" StructureKind="resource"/><InteractionEvent Delta="null" EndDate="2010-04-14 19:08:08.203 IDT" Interest="0.01700002" Kind="propagation" Navigation="org.eclipse.mylyn.core.model.edges.containment" OriginId="org.eclipse.mylyn.core.model.interest.propagation" StartDate="2010-04-14 19:08:08.203 IDT" StructureHandle="=ZendFramework/" StructureKind="DLTK"/><InteractionEvent Delta="null" EndDate="2010-04-14 19:08:33.250 IDT" Interest="0.17000008" Kind="propagation" Navigation="org.eclipse.mylyn.core.model.edges.containment" OriginId="org.eclipse.mylyn.core.model.interest.propagation" StartDate="2010-04-14 19:08:33.250 IDT" StructureHandle="/ZendFramework/Zend/Gdata" StructureKind="resource"/><InteractionEvent Delta="null" EndDate="2010-04-14 19:08:10.187 IDT" Interest="1.0" Kind="propagation" Navigation="org.eclipse.mylyn.core.model.edges.containment" OriginId="org.eclipse.mylyn.core.model.interest.propagation" StartDate="2010-04-14 19:08:10.187 IDT" StructureHandle="/ZendFramework/Zend" StructureKind="resource"/><InteractionEvent Delta="null" EndDate="2010-04-14 19:08:25.375 IDT" Interest="1.000001" Kind="propagation" Navigation="org.eclipse.mylyn.core.model.edges.containment" OriginId="org.eclipse.mylyn.core.model.interest.propagation" StartDate="2010-04-14 19:08:25.375 IDT" StructureHandle="/" StructureKind="resource"/><InteractionEvent Delta="null" EndDate="2010-04-14 19:08:00.875 IDT" Interest="1.0" Kind="selection" Navigation="null" OriginId="org.eclipse.php.ui.explorer" StartDate="2010-04-14 19:08:00.875 IDT" StructureHandle="=ZendFramework/&amp;lt;Zend\/Amf" StructureKind="DLTK"/><InteractionEvent Delta="null" EndDate="2010-04-14 19:08:33.250 IDT" Interest="1.0" Kind="propagation" Navigation="org.eclipse.mylyn.core.model.edges.containment" OriginId="org.eclipse.mylyn.core.model.interest.propagation" StartDate="2010-04-14 19:08:33.250 IDT" StructureHandle="/" StructureKind="resource"/><InteractionEvent Delta="null" EndDate="2010-04-14 19:08:08.500 IDT" Interest="0.99999994" Kind="propagation" Navigation="org.eclipse.mylyn.core.model.edges.containment" OriginId="org.eclipse.mylyn.core.model.interest.propagation" StartDate="2010-04-14 19:08:08.500 IDT" StructureHandle="/" StructureKind="resource"/><InteractionEvent Delta="null" EndDate="2010-04-14 19:08:10.187 IDT" Interest="1.0" Kind="edit" Navigation="null" OriginId="org.eclipse.php.editor" StartDate="2010-04-14 19:08:10.187 IDT" StructureHandle="=ZendFramework/&amp;lt;Zend\/Gdata{Feed.php" StructureKind="DLTK"/><InteractionEvent Delta="null" EndDate="2010-04-14 19:08:08.500 IDT" Interest="1.0" Kind="propagation" Navigation="null" OriginId="org.eclipse.php.editor" StartDate="2010-04-14 19:08:08.500 IDT" StructureHandle="/ZendFramework/Zend/Gdata/Feed.php" StructureKind="resource"/><InteractionEvent Delta="null" EndDate="2010-04-14 19:08:11.843 IDT" Interest="1.0" Kind="propagation" Navigation="null" OriginId="org.eclipse.php.editor" StartDate="2010-04-14 19:08:11.843 IDT" StructureHandle="/ZendFramework/Zend/Gdata/Feed.php" StructureKind="resource"/><InteractionEvent Delta="null" EndDate="2010-04-14 19:08:11.843 IDT" Interest="1.0000005" Kind="propagation" Navigation="org.eclipse.mylyn.core.model.edges.containment" OriginId="org.eclipse.mylyn.core.model.interest.propagation" StartDate="2010-04-14 19:08:11.843 IDT" StructureHandle="/ZendFramework/Zend" StructureKind="resource"/><InteractionEvent Delta="null" EndDate="2010-04-14 19:08:33.250 IDT" Interest="1.0" Kind="propagation" Navigation="org.eclipse.mylyn.core.model.edges.containment" OriginId="org.eclipse.mylyn.core.model.interest.propagation" StartDate="2010-04-14 19:08:33.250 IDT" StructureHandle="/ZendFramework/Zend" StructureKind="resource"/><InteractionEvent Delta="null" EndDate="2010-04-14 19:08:25.375 IDT" Interest="1.0" Kind="propagation" Navigation="org.eclipse.mylyn.core.model.edges.containment" OriginId="org.eclipse.mylyn.core.model.interest.propagation" StartDate="2010-04-14 19:08:25.375 IDT" StructureHandle="/ZendFramework/Zend/Gdata/Gapps" StructureKind="resource"/><InteractionEvent Delta="null" EndDate="2010-04-14 19:08:11.843 IDT" Interest="1.0" Kind="selection" Navigation="null" OriginId="org.eclipse.php.editor" StartDate="2010-04-14 19:08:11.843 IDT" StructureHandle="=ZendFramework/&amp;lt;Zend\/Gdata{Feed.php[Zend_Gdata_Feed" StructureKind="DLTK"/><InteractionEvent Delta="null" EndDate="2010-04-14 19:08:52.890 IDT" Interest="1.0" Kind="propagation" Navigation="org.eclipse.mylyn.core.model.edges.containment" OriginId="org.eclipse.mylyn.core.model.interest.propagation" StartDate="2010-04-14 19:08:52.890 IDT" StructureHandle="=ZendFramework" StructureKind="resource"/><InteractionEvent Delta="null" EndDate="2010-04-14 19:08:10.187 IDT" Interest="1.0000002" Kind="propagation" Navigation="org.eclipse.mylyn.core.model.edges.containment" OriginId="org.eclipse.mylyn.core.model.interest.propagation" StartDate="2010-04-14 19:08:10.187 IDT" StructureHandle="/ZendFramework/Zend/Gdata" StructureKind="resource"/><InteractionEvent Delta="null" EndDate="2010-04-14 19:08:00.875 IDT" Interest="1.0" Kind="propagation" Navigation="org.eclipse.mylyn.core.model.edges.containment" OriginId="org.eclipse.mylyn.core.model.interest.propagation" StartDate="2010-04-14 19:08:00.875 IDT" StructureHandle="/" StructureKind="resource"/><InteractionEvent Delta="null" EndDate="2010-04-14 19:08:33.250 IDT" Interest="1.0" Kind="propagation" Navigation="null" OriginId="org.eclipse.php.editor" StartDate="2010-04-14 19:08:33.250 IDT" StructureHandle="/ZendFramework/Zend/Gdata/Gapps" StructureKind="resource"/><InteractionEvent Delta="null" EndDate="2010-04-14 19:08:08.203 IDT" Interest="1.0" Kind="propagation" Navigation="null" OriginId="org.eclipse.php.ui.explorer" StartDate="2010-04-14 19:08:08.203 IDT" StructureHandle="/ZendFramework" StructureKind="resource"/><InteractionEvent Delta="null" EndDate="2010-04-14 19:08:24.46 IDT" Interest="1.0" Kind="propagation" Navigation="org.eclipse.mylyn.core.model.edges.containment" OriginId="org.eclipse.mylyn.core.model.interest.propagation" StartDate="2010-04-14 19:08:24.46 IDT" StructureHandle="=ZendFramework/&amp;lt;Zend\/Gdata\/Gapps" StructureKind="DLTK"/><InteractionEvent Delta="null" EndDate="2010-04-14 19:08:27.281 IDT" Interest="1.0" Kind="propagation" Navigation="null" OriginId="org.eclipse.php.editor" StartDate="2010-04-14 19:08:27.281 IDT" StructureHandle="/ZendFramework" StructureKind="resource"/><InteractionEvent Delta="null" EndDate="2010-04-14 19:08:08.734 IDT" Interest="0.70000017" Kind="propagation" Navigation="org.eclipse.mylyn.core.model.edges.containment" OriginId="org.eclipse.mylyn.core.model.interest.propagation" StartDate="2010-04-14 19:08:08.734 IDT" StructureHandle="=ZendFramework/&amp;lt;Zend\/Gdata" StructureKind="DLTK"/><InteractionEvent Delta="null" EndDate="2010-04-14 19:08:40.609 IDT" Interest="1.0" Kind="propagation" Navigation="org.eclipse.mylyn.core.model.edges.containment" OriginId="org.eclipse.mylyn.core.model.interest.propagation" StartDate="2010-04-14 19:08:40.609 IDT" StructureHandle="/ZendFramework/Zend/Gdata" StructureKind="resource"/><InteractionEvent Delta="null" EndDate="2010-04-14 19:08:47.703 IDT" Interest="1.0" Kind="propagation" Navigation="org.eclipse.mylyn.core.model.edges.containment" OriginId="org.eclipse.mylyn.core.model.interest.propagation" StartDate="2010-04-14 19:08:47.703 IDT" StructureHandle="/ZendFramework/Zend/Gdata" StructureKind="resource"/><InteractionEvent Delta="null" EndDate="2010-04-14 19:08:48.906 IDT" Interest="1.0" Kind="edit" Navigation="null" OriginId="org.eclipse.php.editor" StartDate="2010-04-14 19:08:48.906 IDT" StructureHandle="=ZendFramework/&amp;lt;Zend\/Gdata\/Gapps{EmailListQuery.php[Zend_Gdata_Gapps_EmailListQuery~__construct" StructureKind="DLTK"/><InteractionEvent Delta="null" EndDate="2010-04-14 19:08:14.609 IDT" Interest="1.0" Kind="propagation" Navigation="org.eclipse.mylyn.core.model.edges.containment" OriginId="org.eclipse.mylyn.core.model.interest.propagation" StartDate="2010-04-14 19:08:14.609 IDT" StructureHandle="/" StructureKind="resource"/><InteractionEvent Delta="null" EndDate="2010-04-14 19:08:40.609 IDT" Interest="0.99999905" Kind="propagation" Navigation="org.eclipse.mylyn.core.model.edges.containment" OriginId="org.eclipse.mylyn.core.model.interest.propagation" StartDate="2010-04-14 19:08:40.609 IDT" StructureHandle="/ZendFramework/Zend" StructureKind="resource"/><InteractionEvent Delta="null" EndDate="2010-04-14 19:08:08.734 IDT" Interest="0.7000004" Kind="propagation" Navigation="org.eclipse.mylyn.core.model.edges.containment" OriginId="org.eclipse.mylyn.core.model.interest.propagation" StartDate="2010-04-14 19:08:08.734 IDT" StructureHandle="=ZendFramework/" StructureKind="DLTK"/><InteractionEvent Delta="null" EndDate="2010-04-14 19:08:47.703 IDT" Interest="1.0" Kind="edit" Navigation="null" OriginId="org.eclipse.php.editor" StartDate="2010-04-14 19:08:47.703 IDT" StructureHandle="=ZendFramework/&amp;lt;Zend\/Gdata\/Gapps{EmailListQuery.php[Zend_Gdata_Gapps_EmailListQuery~__construct" StructureKind="DLTK"/><InteractionEvent Delta="null" EndDate="2010-04-14 19:08:08.500 IDT" Interest="1.0" Kind="propagation" Navigation="org.eclipse.mylyn.core.model.edges.containment" OriginId="org.eclipse.mylyn.core.model.interest.propagation" StartDate="2010-04-14 19:08:08.500 IDT" StructureHandle="/ZendFramework/Zend" StructureKind="resource"/><InteractionEvent Delta="null" EndDate="2010-04-14 19:08:14.593 IDT" Interest="1.0" Kind="selection" Navigation="null" OriginId="org.eclipse.php.editor" StartDate="2010-04-14 19:08:14.593 IDT" StructureHandle="=ZendFramework/&amp;lt;Zend\/Gdata{Feed.php[Zend_Gdata_Feed~setTotalResults" StructureKind="DLTK"/><InteractionEvent Delta="null" EndDate="2010-04-14 19:08:08.500 IDT" Interest="1.0" Kind="propagation" Navigation="org.eclipse.mylyn.core.model.edges.containment" OriginId="org.eclipse.mylyn.core.model.interest.propagation" StartDate="2010-04-14 19:08:08.500 IDT" StructureHandle="=ZendFramework/" StructureKind="DLTK"/><InteractionEvent Delta="null" EndDate="2010-04-14 19:08:25.375 IDT" Interest="1.0" Kind="propagation" Navigation="org.eclipse.mylyn.core.model.edges.containment" OriginId="org.eclipse.mylyn.core.model.interest.propagation" StartDate="2010-04-14 19:08:25.375 IDT" StructureHandle="/" StructureKind="resource"/><InteractionEvent Delta="null" EndDate="2010-04-14 19:08:08.734 IDT" Interest="0.99999976" Kind="propagation" Navigation="org.eclipse.mylyn.core.model.edges.containment" OriginId="org.eclipse.mylyn.core.model.interest.propagation" StartDate="2010-04-14 19:08:08.734 IDT" StructureHandle="/ZendFramework/Zend" StructureKind="resource"/><InteractionEvent Delta="null" EndDate="2010-04-14 19:08:43.875 IDT" Interest="9.536743E-7" Kind="propagation" Navigation="org.eclipse.mylyn.core.model.edges.containment" OriginId="org.eclipse.mylyn.core.model.interest.propagation" StartDate="2010-04-14 19:08:43.875 IDT" StructureHandle="/ZendFramework/Zend/Gdata" StructureKind="resource"/><InteractionEvent Delta="null" EndDate="2010-04-14 19:08:24.46 IDT" Interest="1.0" Kind="propagation" Navigation="org.eclipse.mylyn.core.model.edges.containment" OriginId="org.eclipse.mylyn.core.model.interest.propagation" StartDate="2010-04-14 19:08:24.46 IDT" StructureHandle="/" StructureKind="resource"/><InteractionEvent Delta="null" EndDate="2010-04-14 19:08:08.500 IDT" Interest="1.0" Kind="propagation" Navigation="org.eclipse.mylyn.core.model.edges.containment" OriginId="org.eclipse.mylyn.core.model.interest.propagation" StartDate="2010-04-14 19:08:08.500 IDT" StructureHandle="/ZendFramework/Zend/Gdata" StructureKind="resource"/><InteractionEvent Delta="null" EndDate="2010-04-14 19:08:27.281 IDT" Interest="1.0" Kind="propagation" Navigation="org.eclipse.mylyn.core.model.edges.containment" OriginId="org.eclipse.mylyn.core.model.interest.propagation" StartDate="2010-04-14 19:08:27.281 IDT" StructureHandle="/ZendFramework/Zend/Gdata/Gapps" StructureKind="resource"/><InteractionEvent Delta="null" EndDate="2010-04-14 19:08:14.609 IDT" Interest="1.0" Kind="propagation" Navigation="org.eclipse.mylyn.core.model.edges.containment" OriginId="org.eclipse.mylyn.core.model.interest.propagation" StartDate="2010-04-14 19:08:14.609 IDT" StructureHandle="=ZendFramework" StructureKind="resource"/><InteractionEvent Delta="null" EndDate="2010-04-14 19:08:47.703 IDT" Interest="1.0" Kind="propagation" Navigation="org.eclipse.mylyn.core.model.edges.containment" OriginId="org.eclipse.mylyn.core.model.interest.propagation" StartDate="2010-04-14 19:08:47.703 IDT" StructureHandle="/" StructureKind="resource"/><InteractionEvent Delta="null" EndDate="2010-04-14 19:08:24.109 IDT" Interest="1.0" Kind="propagation" Navigation="org.eclipse.mylyn.core.model.edges.containment" OriginId="org.eclipse.mylyn.core.model.interest.propagation" StartDate="2010-04-14 19:08:24.109 IDT" StructureHandle="/" StructureKind="resource"/><InteractionEvent Delta="null" EndDate="2010-04-14 19:08:11.843 IDT" Interest="1.0" Kind="propagation" Navigation="org.eclipse.mylyn.core.model.edges.containment" OriginId="org.eclipse.mylyn.core.model.interest.propagation" StartDate="2010-04-14 19:08:11.843 IDT" StructureHandle="/ZendFramework/Zend/Gdata" StructureKind="resource"/><InteractionEvent Delta="null" EndDate="2010-04-14 19:08:52.890 IDT" Interest="1.0" Kind="propagation" Navigation="null" OriginId="org.eclipse.php.ui.explorer" StartDate="2010-04-14 19:08:52.890 IDT" StructureHandle="/ZendFramework" StructureKind="resource"/><InteractionEvent Delta="null" EndDate="2010-04-14 19:08:43.875 IDT" Interest="1.0" Kind="edit" Navigation="null" OriginId="org.eclipse.php.editor" StartDate="2010-04-14 19:08:43.875 IDT" StructureHandle="=ZendFramework/&amp;lt;Zend\/Gdata\/Gapps{EmailListQuery.php" StructureKind="DLTK"/><InteractionEvent Delta="null" EndDate="2010-04-14 19:08:08.734 IDT" Interest="1.0000001" Kind="propagation" Navigation="org.eclipse.mylyn.core.model.edges.containment" OriginId="org.eclipse.mylyn.core.model.interest.propagation" StartDate="2010-04-14 19:08:08.734 IDT" StructureHandle="/" StructureKind="resource"/><InteractionEvent Delta="null" EndDate="2010-04-14 19:08:48.906 IDT" Interest="0.13600016" Kind="propagation" Navigation="org.eclipse.mylyn.core.model.edges.containment" OriginId="org.eclipse.mylyn.core.model.interest.propagation" StartDate="2010-04-14 19:08:48.906 IDT" StructureHandle="=ZendFramework/&amp;lt;Zend\/Gdata\/Gapps" StructureKind="DLTK"/><InteractionEvent Delta="null" EndDate="2010-04-14 19:08:40.609 IDT" Interest="1.0" Kind="propagation" Navigation="null" OriginId="org.eclipse.php.editor" StartDate="2010-04-14 19:08:40.609 IDT" StructureHandle="/ZendFramework/Zend/Gdata/Gapps" StructureKind="resource"/><InteractionEvent Delta="null" EndDate="2010-04-14 19:08:33.250 IDT" Interest="1.0" Kind="propagation" Navigation="org.eclipse.mylyn.core.model.edges.containment" OriginId="org.eclipse.mylyn.core.model.interest.propagation" StartDate="2010-04-14 19:08:33.250 IDT" StructureHandle="=ZendFramework" StructureKind="resource"/><InteractionEvent Delta="null" EndDate="2010-04-14 19:08:27.281 IDT" Interest="1.0" Kind="edit" Navigation="null" OriginId="org.eclipse.php.editor" StartDate="2010-04-14 19:08:27.281 IDT" StructureHandle="=ZendFramework/&amp;lt;Zend\/Gdata\/Gapps{EmailListRecipientFeed.php" StructureKind="DLTK"/><InteractionEvent Delta="null" EndDate="2010-04-14 19:08:11.843 IDT" Interest="1.0000005" Kind="propagation" Navigation="org.eclipse.mylyn.core.model.edges.containment" OriginId="org.eclipse.mylyn.core.model.interest.propagation" StartDate="2010-04-14 19:08:11.843 IDT" StructureHandle="/" StructureKind="resource"/><InteractionEvent Delta="null" EndDate="2010-04-14 19:08:43.875 IDT" Interest="1.0" Kind="propagation" Navigation="org.eclipse.mylyn.core.model.edges.containment" OriginId="org.eclipse.mylyn.core.model.interest.propagation" StartDate="2010-04-14 19:08:43.875 IDT" StructureHandle="=ZendFramework" StructureKind="resource"/><InteractionEvent Delta="null" EndDate="2010-04-14 19:08:48.906 IDT" Interest="1.0" Kind="propagation" Navigation="null" OriginId="org.eclipse.php.editor" StartDate="2010-04-14 19:08:48.906 IDT" StructureHandle="/ZendFramework/Zend/Gdata/Gapps/EmailListQuery.php" StructureKind="resource"/><InteractionEvent Delta="null" EndDate="2010-04-14 19:08:11.843 IDT" Interest="0.9999995" Kind="propagation" Navigation="org.eclipse.mylyn.core.model.edges.containment" OriginId="org.eclipse.mylyn.core.model.interest.propagation" StartDate="2010-04-14 19:08:11.843 IDT" StructureHandle="=ZendFramework" StructureKind="resource"/><InteractionEvent Delta="null" EndDate="2010-04-14 19:08:48.906 IDT" Interest="1.0" Kind="propagation" Navigation="org.eclipse.mylyn.core.model.edges.containment" OriginId="org.eclipse.mylyn.core.model.interest.propagation" StartDate="2010-04-14 19:08:48.906 IDT" StructureHandle="/ZendFramework/Zend/Gdata" StructureKind="resource"/><InteractionEvent Delta="null" EndDate="2010-04-14 19:08:23.843 IDT" Interest="1.0" Kind="propagation" Navigation="org.eclipse.mylyn.core.model.edges.containment" OriginId="org.eclipse.mylyn.core.model.interest.propagation" StartDate="2010-04-14 19:08:23.843 IDT" StructureHandle="=ZendFramework/&amp;lt;Zend\/Gdata\/Gapps" StructureKind="DLTK"/><InteractionEvent Delta="null" EndDate="2010-04-14 19:08:47.703 IDT" Interest="1.0" Kind="propagation" Navigation="null" OriginId="org.eclipse.php.editor" StartDate="2010-04-14 19:08:47.703 IDT" StructureHandle="/ZendFramework/Zend/Gdata/Gapps/EmailListQuery.php" StructureKind="resource"/><InteractionEvent Delta="null" EndDate="2010-04-14 19:08:40.609 IDT" Interest="1.0" Kind="propagation" Navigation="null" OriginId="org.eclipse.php.editor" StartDate="2010-04-14 19:08:40.609 IDT" StructureHandle="/ZendFramework/Zend/Gdata/Gapps/EmailListQuery.php" StructureKind="resource"/><InteractionEvent Delta="null" EndDate="2010-04-14 19:08:14.609 IDT" Interest="0.6999998" Kind="propagation" Navigation="org.eclipse.mylyn.core.model.edges.containment" OriginId="org.eclipse.mylyn.core.model.interest.propagation" StartDate="2010-04-14 19:08:14.609 IDT" StructureHandle="=ZendFramework/&amp;lt;Zend\/Gdata" StructureKind="DLTK"/><InteractionEvent Delta="null" EndDate="2010-04-14 19:08:25.375 IDT" Interest="1.0" Kind="edit" Navigation="null" OriginId="org.eclipse.php.editor" StartDate="2010-04-14 19:08:25.375 IDT" StructureHandle="=ZendFramework/&amp;lt;Zend\/Gdata\/Gapps{EmailListRecipientFeed.php" StructureKind="DLTK"/><InteractionEvent Delta="null" EndDate="2010-04-14 19:08:10.187 IDT" Interest="0.70000005" Kind="propagation" Navigation="org.eclipse.mylyn.core.model.edges.containment" OriginId="org.eclipse.mylyn.core.model.interest.propagation" StartDate="2010-04-14 19:08:10.187 IDT" StructureHandle="=ZendFramework/&amp;lt;Zend\/Gdata" StructureKind="DLTK"/><InteractionEvent Delta="null" EndDate="2010-04-14 19:08:24.109 IDT" Interest="1.0" Kind="propagation" Navigation="null" OriginId="org.eclipse.php.editor" StartDate="2010-04-14 19:08:24.109 IDT" StructureHandle="/ZendFramework" StructureKind="resource"/><InteractionEvent Delta="null" EndDate="2010-04-14 19:08:25.375 IDT" Interest="1.0" Kind="propagation" Navigation="null" OriginId="org.eclipse.php.editor" StartDate="2010-04-14 19:08:25.375 IDT" StructureHandle="/ZendFramework/Zend/Gdata/Gapps/EmailListRecipientFeed.php" StructureKind="resource"/><InteractionEvent Delta="null" EndDate="2010-04-14 19:08:14.609 IDT" Interest="1.0" Kind="propagation" Navigation="null" OriginId="org.eclipse.php.editor" StartDate="2010-04-14 19:08:14.609 IDT" StructureHandle="/ZendFramework/Zend/Gdata/Feed.php" StructureKind="resource"/><InteractionEvent Delta="null" EndDate="2010-04-14 19:08:23.843 IDT" Interest="1.9829998" Kind="propagation" Navigation="org.eclipse.mylyn.core.model.edges.containment" OriginId="org.eclipse.mylyn.core.model.interest.propagation" StartDate="2010-04-14 19:08:23.843 IDT" StructureHandle="/" StructureKind="resource"/><InteractionEvent Delta="null" EndDate="2010-04-14 19:08:14.593 IDT" Interest="0.03399998" Kind="propagation" Navigation="org.eclipse.mylyn.core.model.edges.containment" OriginId="org.eclipse.mylyn.core.model.interest.propagation" StartDate="2010-04-14 19:08:14.593 IDT" StructureHandle="=ZendFramework/&amp;lt;Zend\/Gdata{Feed.php[Zend_Gdata_Feed" StructureKind="DLTK"/><InteractionEvent Delta="null" EndDate="2010-04-14 19:08:23.843 IDT" Interest="1.0" Kind="propagation" Navigation="org.eclipse.mylyn.core.model.edges.containment" OriginId="org.eclipse.mylyn.core.model.interest.propagation" StartDate="2010-04-14 19:08:23.843 IDT" StructureHandle="/ZendFramework/Zend/Gdata/Gapps" StructureKind="resource"/><InteractionEvent Delta="null" EndDate="2010-04-14 19:08:47.703 IDT" Interest="0.99999905" Kind="propagation" Navigation="org.eclipse.mylyn.core.model.edges.containment" OriginId="org.eclipse.mylyn.core.model.interest.propagation" StartDate="2010-04-14 19:08:47.703 IDT" StructureHandle="/ZendFramework/Zend" StructureKind="resource"/><InteractionEvent Delta="null" EndDate="2010-04-14 19:08:43.875 IDT" Interest="1.0" Kind="edit" Navigation="null" OriginId="org.eclipse.php.editor" StartDate="2010-04-14 19:08:43.875 IDT" StructureHandle="=ZendFramework/&amp;lt;Zend\/Gdata\/Gapps{EmailListQuery.php[Zend_Gdata_Gapps_EmailListQuery~__construct" StructureKind="DLTK"/><InteractionEvent Delta="null" EndDate="2010-04-14 19:08:48.906 IDT" Interest="1.0" Kind="propagation" Navigation="org.eclipse.mylyn.core.model.edges.containment" OriginId="org.eclipse.mylyn.core.model.interest.propagation" StartDate="2010-04-14 19:08:48.906 IDT" StructureHandle="/" StructureKind="resource"/><InteractionEvent Delta="null" EndDate="2010-04-14 19:08:00.875 IDT" Interest="1.0" Kind="propagation" Navigation="null" OriginId="org.eclipse.php.ui.explorer" StartDate="2010-04-14 19:08:00.875 IDT" StructureHandle="/ZendFramework/Zend/Amf" StructureKind="resource"/><InteractionEvent Delta="null" EndDate="2010-04-14 19:08:48.906 IDT" Interest="1.0" Kind="edit" Navigation="null" OriginId="org.eclipse.php.editor" StartDate="2010-04-14 19:08:48.906 IDT" StructureHandle="=ZendFramework/&amp;lt;Zend\/Gdata\/Gapps{EmailListQuery.php" StructureKind="DLTK"/><InteractionEvent Delta="null" EndDate="2010-04-14 19:08:08.734 IDT" Interest="1.0000001" Kind="propagation" Navigation="org.eclipse.mylyn.core.model.edges.containment" OriginId="org.eclipse.mylyn.core.model.interest.propagation" StartDate="2010-04-14 19:08:08.734 IDT" StructureHandle="/ZendFramework/Zend/Gdata" StructureKind="resource"/><InteractionEvent Delta="null" EndDate="2010-04-14 19:08:08.734 IDT" Interest="1.0" Kind="edit" Navigation="null" OriginId="org.eclipse.php.editor" StartDate="2010-04-14 19:08:08.734 IDT" StructureHandle="=ZendFramework/&amp;lt;Zend\/Gdata{Feed.php" StructureKind="DLTK"/><InteractionEvent Delta="null" EndDate="2010-04-14 19:08:33.250 IDT" Interest="1.0" Kind="propagation" Navigation="org.eclipse.mylyn.core.model.edges.containment" OriginId="org.eclipse.mylyn.core.model.interest.propagation" StartDate="2010-04-14 19:08:33.250 IDT" StructureHandle="/ZendFramework/Zend/Gdata" StructureKind="resource"/><InteractionEvent Delta="null" EndDate="2010-04-14 19:08:25.375 IDT" Interest="0.70000005" Kind="propagation" Navigation="org.eclipse.mylyn.core.model.edges.containment" OriginId="org.eclipse.mylyn.core.model.interest.propagation" StartDate="2010-04-14 19:08:25.375 IDT" StructureHandle="=ZendFramework/&amp;lt;Zend\/Gdata\/Gapps" StructureKind="DLTK"/><InteractionEvent Delta="null" EndDate="2010-04-14 19:08:48.906 IDT" Interest="1.0" Kind="propagation" Navigation="null" OriginId="org.eclipse.php.editor" StartDate="2010-04-14 19:08:48.906 IDT" StructureHandle="/ZendFramework/Zend/Gdata/Gapps" StructureKind="resource"/><InteractionEvent Delta="null" EndDate="2010-04-14 19:08:52.890 IDT" Interest="1.0" Kind="propagation" Navigation="org.eclipse.mylyn.core.model.edges.containment" OriginId="org.eclipse.mylyn.core.model.interest.propagation" StartDate="2010-04-14 19:08:52.890 IDT" StructureHandle="/ZendFramework/Zend" StructureKind="resource"/><InteractionEvent Delta="null" EndDate="2010-04-14 19:08:52.890 IDT" Interest="1.0" Kind="selection" Navigation="null" OriginId="org.eclipse.php.ui.explorer" StartDate="2010-04-14 19:08:52.890 IDT" StructureHandle="=ZendFramework/&amp;lt;Zend\/Gdata\/Gapps{EmailListQuery.php" StructureKind="DLTK"/><InteractionEvent Delta="null" EndDate="2010-04-14 19:08:25.375 IDT" Interest="1.0000002" Kind="propagation" Navigation="org.eclipse.mylyn.core.model.edges.containment" OriginId="org.eclipse.mylyn.core.model.interest.propagation" StartDate="2010-04-14 19:08:25.375 IDT" StructureHandle="/ZendFramework/Zend/Gdata/Gapps" StructureKind="resource"/><InteractionEvent Delta="null" EndDate="2010-04-14 19:08:08.734 IDT" Interest="0.6999996" Kind="propagation" Navigation="org.eclipse.mylyn.core.model.edges.containment" OriginId="org.eclipse.mylyn.core.model.interest.propagation" StartDate="2010-04-14 19:08:08.734 IDT" StructureHandle="=ZendFramework/" StructureKind="DLTK"/><InteractionEvent Delta="null" EndDate="2010-04-14 19:08:08.734 IDT" Interest="1.0" Kind="propagation" Navigation="null" OriginId="org.eclipse.php.editor" StartDate="2010-04-14 19:08:08.734 IDT" StructureHandle="/ZendFramework" StructureKind="resource"/><InteractionEvent Delta="null" EndDate="2010-04-14 19:08:08.734 IDT" Interest="1.0000001" Kind="propagation" Navigation="org.eclipse.mylyn.core.model.edges.containment" OriginId="org.eclipse.mylyn.core.model.interest.propagation" StartDate="2010-04-14 19:08:08.734 IDT" StructureHandle="/ZendFramework/Zend" StructureKind="resource"/><InteractionEvent Delta="null" EndDate="2010-04-14 19:08:47.703 IDT" Interest="1.0" Kind="propagation" Navigation="null" OriginId="org.eclipse.php.editor" StartDate="2010-04-14 19:08:47.703 IDT" StructureHandle="/ZendFramework" StructureKind="resource"/><InteractionEvent Delta="null" EndDate="2010-04-14 19:08:43.875 IDT" Interest="1.0" Kind="propagation" Navigation="org.eclipse.mylyn.core.model.edges.containment" OriginId="org.eclipse.mylyn.core.model.interest.propagation" StartDate="2010-04-14 19:08:43.875 IDT" StructureHandle="/ZendFramework/Zend/Gdata" StructureKind="resource"/><InteractionEvent Delta="null" EndDate="2010-04-14 19:08:08.203 IDT" Interest="1.0" Kind="selection" Navigation="null" OriginId="org.eclipse.php.ui.explorer" StartDate="2010-04-14 19:08:08.203 IDT" StructureHandle="=ZendFramework/&amp;lt;Zend\/Gdata{Feed.php" StructureKind="DLTK"/><InteractionEvent Delta="null" EndDate="2010-04-14 19:08:48.906 IDT" Interest="0.6999998" Kind="propagation" Navigation="org.eclipse.mylyn.core.model.edges.containment" OriginId="org.eclipse.mylyn.core.model.interest.propagation" StartDate="2010-04-14 19:08:48.906 IDT" StructureHandle="=ZendFramework/&amp;lt;Zend\/Gdata\/Gapps{EmailListQuery.php[Zend_Gdata_Gapps_EmailListQuery" StructureKind="DLTK"/><InteractionEvent Delta="null" EndDate="2010-04-14 19:08:24.109 IDT" Interest="1.0" Kind="propagation" Navigation="null" OriginId="org.eclipse.php.editor" StartDate="2010-04-14 19:08:24.109 IDT" StructureHandle="/ZendFramework/Zend/Gdata/Gapps/EmailListRecipientFeed.php" StructureKind="resource"/><InteractionEvent Delta="null" EndDate="2010-04-14 19:08:40.609 IDT" Interest="1.0" Kind="propagation" Navigation="null" OriginId="org.eclipse.php.editor" StartDate="2010-04-14 19:08:40.609 IDT" StructureHandle="/ZendFramework" StructureKind="resource"/><InteractionEvent Delta="null" EndDate="2010-04-14 19:08:00.875 IDT" Interest="1.0" Kind="propagation" Navigation="org.eclipse.mylyn.core.model.edges.containment" OriginId="org.eclipse.mylyn.core.model.interest.propagation" StartDate="2010-04-14 19:08:00.875 IDT" StructureHandle="/ZendFramework/Zend" StructureKind="resource"/><InteractionEvent Delta="null" EndDate="2010-04-14 19:08:24.109 IDT" Interest="1.0" Kind="edit" Navigation="null" OriginId="org.eclipse.php.editor" StartDate="2010-04-14 19:08:24.109 IDT" StructureHandle="=ZendFramework/&amp;lt;Zend\/Gdata\/Gapps{EmailListRecipientFeed.php" StructureKind="DLTK"/><InteractionEvent Delta="null" EndDate="2010-04-14 19:08:24.46 IDT" Interest="1.0" Kind="propagation" Navigation="null" OriginId="org.eclipse.php.editor" StartDate="2010-04-14 19:08:24.46 IDT" StructureHandle="/ZendFramework" StructureKind="resource"/><InteractionEvent Delta="null" EndDate="2010-04-14 19:08:33.187 IDT" Interest="1.0" Kind="selection" Navigation="null" OriginId="org.eclipse.php.editor" StartDate="2010-04-14 19:08:33.187 IDT" StructureHandle="=ZendFramework/&amp;lt;Zend\/Gdata\/Gapps{EmailListQuery.php" StructureKind="DLTK"/><InteractionEvent Delta="null" EndDate="2010-04-14 19:08:40.609 IDT" Interest="1.0" Kind="edit" Navigation="null" OriginId="org.eclipse.php.editor" StartDate="2010-04-14 19:08:40.609 IDT" StructureHandle="=ZendFramework/&amp;lt;Zend\/Gdata\/Gapps{EmailListQuery.php" StructureKind="DLTK"/><InteractionEvent Delta="null" EndDate="2010-04-14 19:08:33.250 IDT" Interest="0.17000008" Kind="propagation" Navigation="org.eclipse.mylyn.core.model.edges.containment" OriginId="org.eclipse.mylyn.core.model.interest.propagation" StartDate="2010-04-14 19:08:33.250 IDT" StructureHandle="=ZendFramework" StructureKind="resource"/><InteractionEvent Delta="null" EndDate="2010-04-14 19:08:25.375 IDT" Interest="1.0" Kind="propagation" Navigation="null" OriginId="org.eclipse.php.editor" StartDate="2010-04-14 19:08:25.375 IDT" StructureHandle="/ZendFramework" StructureKind="resource"/><InteractionEvent Delta="null" EndDate="2010-04-14 19:08:08.734 IDT" Interest="1.0000001" Kind="propagation" Navigation="org.eclipse.mylyn.core.model.edges.containment" OriginId="org.eclipse.mylyn.core.model.interest.propagation" StartDate="2010-04-14 19:08:08.734 IDT" StructureHandle="=ZendFramework" StructureKind="resource"/><InteractionEvent Delta="null" EndDate="2010-04-14 19:08:10.187 IDT" Interest="1.0" Kind="propagation" Navigation="org.eclipse.mylyn.core.model.edges.containment" OriginId="org.eclipse.mylyn.core.model.interest.propagation" StartDate="2010-04-14 19:08:10.187 IDT" StructureHandle="/ZendFramework/Zend/Gdata" StructureKind="resource"/><InteractionEvent Delta="null" EndDate="2010-04-14 19:08:24.46 IDT" Interest="1.0" Kind="propagation" Navigation="org.eclipse.mylyn.core.model.edges.containment" OriginId="org.eclipse.mylyn.core.model.interest.propagation" StartDate="2010-04-14 19:08:24.46 IDT" StructureHandle="/ZendFramework/Zend/Gdata/Gapps" StructureKind="resource"/><InteractionEvent Delta="null" EndDate="2010-04-14 19:08:08.734 IDT" Interest="0.6999998" Kind="propagation" Navigation="org.eclipse.mylyn.core.model.edges.containment" OriginId="org.eclipse.mylyn.core.model.interest.propagation" StartDate="2010-04-14 19:08:08.734 IDT" StructureHandle="=ZendFramework/&amp;lt;Zend\/Gdata" StructureKind="DLTK"/><InteractionEvent Delta="null" EndDate="2010-04-14 19:08:08.734 IDT" Interest="1.0" Kind="propagation" Navigation="org.eclipse.mylyn.core.model.edges.containment" OriginId="org.eclipse.mylyn.core.model.interest.propagation" StartDate="2010-04-14 19:08:08.734 IDT" StructureHandle="/ZendFramework/Zend/Gdata" StructureKind="resource"/><InteractionEvent Delta="null" EndDate="2010-04-14 19:08:00.875 IDT" Interest="1.0" Kind="propagation" Navigation="org.eclipse.mylyn.core.model.edges.containment" OriginId="org.eclipse.mylyn.core.model.interest.propagation" StartDate="2010-04-14 19:08:00.875 IDT" StructureHandle="=ZendFramework/" StructureKind="DLTK"/><InteractionEvent Delta="null" EndDate="2010-04-14 19:08:10.187 IDT" Interest="1.0" Kind="propagation" Navigation="null" OriginId="org.eclipse.php.editor" StartDate="2010-04-14 19:08:10.187 IDT" StructureHandle="/ZendFramework" StructureKind="resource"/><InteractionEvent Delta="null" EndDate="2010-04-14 19:08:23.843 IDT" Interest="1.0" Kind="propagation" Navigation="null" OriginId="org.eclipse.php.ui.explorer" StartDate="2010-04-14 19:08:23.843 IDT" StructureHandle="/ZendFramework/Zend/Gdata/Gapps/EmailListRecipientFeed.php" StructureKind="resource"/><InteractionEvent Delta="null" EndDate="2010-04-14 19:08:24.109 IDT" Interest="0.6999998" Kind="propagation" Navigation="org.eclipse.mylyn.core.model.edges.containment" OriginId="org.eclipse.mylyn.core.model.interest.propagation" StartDate="2010-04-14 19:08:24.109 IDT" StructureHandle="=ZendFramework/&amp;lt;Zend\/Gdata\/Gapps" StructureKind="DLTK"/><InteractionEvent Delta="null" EndDate="2010-04-14 19:08:08.734 IDT" Interest="1.0" Kind="propagation" Navigation="org.eclipse.mylyn.core.model.edges.containment" OriginId="org.eclipse.mylyn.core.model.interest.propagation" StartDate="2010-04-14 19:08:08.734 IDT" StructureHandle="/" StructureKind="resource"/><InteractionEvent Delta="null" EndDate="2010-04-14 19:08:47.703 IDT" Interest="1.0" Kind="propagation" Navigation="null" OriginId="org.eclipse.php.editor" StartDate="2010-04-14 19:08:47.703 IDT" StructureHandle="/ZendFramework/Zend/Gdata/Gapps" StructureKind="resource"/><InteractionEvent Delta="null" EndDate="2010-04-14 19:08:11.843 IDT" Interest="1.0000005" Kind="propagation" Navigation="org.eclipse.mylyn.core.model.edges.containment" OriginId="org.eclipse.mylyn.core.model.interest.propagation" StartDate="2010-04-14 19:08:11.843 IDT" StructureHandle="=ZendFramework" StructureKind="resource"/><InteractionEvent Delta="null" EndDate="2010-04-14 19:08:14.609 IDT" Interest="1.0" Kind="propagation" Navigation="org.eclipse.mylyn.core.model.edges.containment" OriginId="org.eclipse.mylyn.core.model.interest.propagation" StartDate="2010-04-14 19:08:14.609 IDT" StructureHandle="/ZendFramework/Zend/Gdata" StructureKind="resource"/><InteractionEvent Delta="null" EndDate="2010-04-14 19:08:08.203 IDT" Interest="1.0" Kind="propagation" Navigation="org.eclipse.mylyn.core.model.edges.containment" OriginId="org.eclipse.mylyn.core.model.interest.propagation" StartDate="2010-04-14 19:08:08.203 IDT" StructureHandle="/ZendFramework/Zend/Gdata" StructureKind="resource"/><InteractionEvent Delta="null" EndDate="2010-04-14 19:08:23.843 IDT" Interest="1.0" Kind="selection" Navigation="null" OriginId="org.eclipse.php.ui.explorer" StartDate="2010-04-14 19:08:23.843 IDT" StructureHandle="=ZendFramework/&amp;lt;Zend\/Gdata\/Gapps{EmailListRecipientFeed.php" StructureKind="DLTK"/><InteractionEvent Delta="null" EndDate="2010-04-14 19:08:33.187 IDT" Interest="1.0" Kind="propagation" Navigation="org.eclipse.mylyn.core.model.edges.containment" OriginId="org.eclipse.mylyn.core.model.interest.propagation" StartDate="2010-04-14 19:08:33.187 IDT" StructureHandle="/" StructureKind="resource"/><InteractionEvent Delta="null" EndDate="2010-04-14 19:08:08.734 IDT" Interest="1.0" Kind="propagation" Navigation="org.eclipse.mylyn.core.model.edges.containment" OriginId="org.eclipse.mylyn.core.model.interest.propagation" StartDate="2010-04-14 19:08:08.734 IDT" StructureHandle="=ZendFramework" StructureKind="resource"/><InteractionEvent Delta="null" EndDate="2010-04-14 19:08:08.203 IDT" Interest="1.0" Kind="propagation" Navigation="org.eclipse.mylyn.core.model.edges.containment" OriginId="org.eclipse.mylyn.core.model.interest.propagation" StartDate="2010-04-14 19:08:08.203 IDT" StructureHandle="=ZendFramework/&amp;lt;Zend\/Gdata" StructureKind="DLTK"/><InteractionEvent Delta="null" EndDate="2010-04-14 19:08:25.375 IDT" Interest="0.6999998" Kind="propagation" Navigation="org.eclipse.mylyn.core.model.edges.containment" OriginId="org.eclipse.mylyn.core.model.interest.propagation" StartDate="2010-04-14 19:08:25.375 IDT" StructureHandle="=ZendFramework/&amp;lt;Zend\/Gdata\/Gapps" StructureKind="DLTK"/><InteractionEvent Delta="null" EndDate="2010-04-14 19:08:27.281 IDT" Interest="1.0" Kind="selection" Navigation="null" OriginId="org.eclipse.php.editor" StartDate="2010-04-14 19:08:27.281 IDT" StructureHandle="=ZendFramework/&amp;lt;Zend\/Gdata\/Gapps{EmailListRecipientFeed.php[Zend_Gdata_Gapps_EmailListRecipientFeed" StructureKind="DLTK"/><InteractionEvent Delta="null" EndDate="2010-04-14 19:08:08.500 IDT" Interest="0.99999994" Kind="propagation" Navigation="org.eclipse.mylyn.core.model.edges.containment" OriginId="org.eclipse.mylyn.core.model.interest.propagation" StartDate="2010-04-14 19:08:08.500 IDT" StructureHandle="=ZendFramework" StructureKind="resource"/><InteractionEvent Delta="null" EndDate="2010-04-14 19:08:10.187 IDT" Interest="0.7000005" Kind="propagation" Navigation="org.eclipse.mylyn.core.model.edges.containment" OriginId="org.eclipse.mylyn.core.model.interest.propagation" StartDate="2010-04-14 19:08:10.187 IDT" StructureHandle="=ZendFramework/" StructureKind="DLTK"/><InteractionEvent Delta="null" EndDate="2010-04-14 19:08:33.250 IDT" Interest="1.0" Kind="propagation" Navigation="null" OriginId="org.eclipse.php.editor" StartDate="2010-04-14 19:08:33.250 IDT" StructureHandle="/ZendFramework" StructureKind="resource"/><InteractionEvent Delta="null" EndDate="2010-04-14 19:08:47.703 IDT" Interest="1.0" Kind="edit" Navigation="null" OriginId="org.eclipse.php.editor" StartDate="2010-04-14 19:08:47.703 IDT" StructureHandle="=ZendFramework/&amp;lt;Zend\/Gdata\/Gapps{EmailListQuery.php" StructureKind="DLTK"/><InteractionEvent Delta="null" EndDate="2010-04-14 19:08:27.281 IDT" Interest="1.0" Kind="propagation" Navigation="null" OriginId="org.eclipse.php.editor" StartDate="2010-04-14 19:08:27.281 IDT" StructureHandle="/ZendFramework/Zend/Gdata/Gapps/EmailListRecipientFeed.php" StructureKind="resource"/><InteractionEvent Delta="null" EndDate="2010-04-14 19:08:10.187 IDT" Interest="0.6999998" Kind="propagation" Navigation="org.eclipse.mylyn.core.model.edges.containment" OriginId="org.eclipse.mylyn.core.model.interest.propagation" StartDate="2010-04-14 19:08:10.187 IDT" StructureHandle="=ZendFramework/&amp;lt;Zend\/Gdata" StructureKind="DLTK"/><InteractionEvent Delta="null" EndDate="2010-04-14 19:08:40.609 IDT" Interest="1.0" Kind="propagation" Navigation="org.eclipse.mylyn.core.model.edges.containment" OriginId="org.eclipse.mylyn.core.model.interest.propagation" StartDate="2010-04-14 19:08:40.609 IDT" StructureHandle="/" StructureKind="resource"/><InteractionEvent Delta="null" EndDate="2010-04-14 19:08:11.843 IDT" Interest="0.6999998" Kind="propagation" Navigation="org.eclipse.mylyn.core.model.edges.containment" OriginId="org.eclipse.mylyn.core.model.interest.propagation" StartDate="2010-04-14 19:08:11.843 IDT" StructureHandle="=ZendFramework/" StructureKind="DLTK"/><InteractionEvent Delta="null" EndDate="2010-04-14 19:08:40.609 IDT" Interest="1.0" Kind="propagation" Navigation="org.eclipse.mylyn.core.model.edges.containment" OriginId="org.eclipse.mylyn.core.model.interest.propagation" StartDate="2010-04-14 19:08:40.609 IDT" StructureHandle="=ZendFramework/&amp;lt;Zend\/Gdata\/Gapps{EmailListQuery.php[Zend_Gdata_Gapps_EmailListQuery" StructureKind="DLTK"/><InteractionEvent Delta="null" EndDate="2010-04-14 19:08:08.734 IDT" Interest="1.0" Kind="propagation" Navigation="null" OriginId="org.eclipse.php.editor" StartDate="2010-04-14 19:08:08.734 IDT" StructureHandle="/ZendFramework/Zend/Gdata/Feed.php" StructureKind="resource"/><InteractionEvent Delta="null" EndDate="2010-04-14 19:08:00.875 IDT" Interest="1.0" Kind="propagation" Navigation="null" OriginId="org.eclipse.php.ui.explorer" StartDate="2010-04-14 19:08:00.875 IDT" StructureHandle="/ZendFramework" StructureKind="resource"/><InteractionEvent Delta="null" EndDate="2010-04-14 19:08:14.593 IDT" Interest="1.0000005" Kind="propagation" Navigation="org.eclipse.mylyn.core.model.edges.containment" OriginId="org.eclipse.mylyn.core.model.interest.propagation" StartDate="2010-04-14 19:08:14.593 IDT" StructureHandle="/ZendFramework/Zend/Gdata" StructureKind="resource"/><InteractionEvent Delta="null" EndDate="2010-04-14 19:08:11.843 IDT" Interest="1.0" Kind="propagation" Navigation="null" OriginId="org.eclipse.php.editor" StartDate="2010-04-14 19:08:11.843 IDT" StructureHandle="/ZendFramework" StructureKind="resource"/><InteractionEvent Delta="null" EndDate="2010-04-14 19:08:00.875 IDT" Interest="1.0" Kind="propagation" Navigation="org.eclipse.mylyn.core.model.edges.containment" OriginId="org.eclipse.mylyn.core.model.interest.propagation" StartDate="2010-04-14 19:08:00.875 IDT" StructureHandle="=ZendFramework" StructureKind="resource"/><InteractionEvent Delta="null" EndDate="2010-04-14 19:08:08.500 IDT" Interest="1.0" Kind="propagation" Navigation="null" OriginId="org.eclipse.php.editor" StartDate="2010-04-14 19:08:08.500 IDT" StructureHandle="/ZendFramework" StructureKind="resource"/><InteractionEvent Delta="null" EndDate="2010-04-14 19:08:52.890 IDT" Interest="0.6060004" Kind="propagation" Navigation="org.eclipse.mylyn.core.model.edges.containment" OriginId="org.eclipse.mylyn.core.model.interest.propagation" StartDate="2010-04-14 19:08:52.890 IDT" StructureHandle="=ZendFramework/" StructureKind="DLTK"/><InteractionEvent Delta="null" EndDate="2010-04-14 19:08:52.890 IDT" Interest="1.0" Kind="propagation" Navigation="null" OriginId="org.eclipse.php.ui.explorer" StartDate="2010-04-14 19:08:52.890 IDT" StructureHandle="/ZendFramework/Zend/Gdata/Gapps/EmailListQuery.php" StructureKind="resource"/><InteractionEvent Delta="null" EndDate="2010-04-14 19:08:47.703 IDT" Interest="1.0" Kind="propagation" Navigation="org.eclipse.mylyn.core.model.edges.containment" OriginId="org.eclipse.mylyn.core.model.interest.propagation" StartDate="2010-04-14 19:08:47.703 IDT" StructureHandle="=ZendFramework" StructureKind="resource"/><InteractionEvent Delta="null" EndDate="2010-04-14 19:08:40.609 IDT" Interest="9.536743E-7" Kind="propagation" Navigation="org.eclipse.mylyn.core.model.edges.containment" OriginId="org.eclipse.mylyn.core.model.interest.propagation" StartDate="2010-04-14 19:08:40.609 IDT" StructureHandle="/ZendFramework/Zend" StructureKind="resource"/><InteractionEvent Delta="null" EndDate="2010-04-14 19:08:27.281 IDT" Interest="0.6999998" Kind="propagation" Navigation="org.eclipse.mylyn.core.model.edges.containment" OriginId="org.eclipse.mylyn.core.model.interest.propagation" StartDate="2010-04-14 19:08:27.281 IDT" StructureHandle="=ZendFramework/&amp;lt;Zend\/Gdata\/Gapps" StructureKind="DLTK"/><InteractionEvent Delta="null" EndDate="2010-04-14 19:08:27.281 IDT" Interest="1.0" Kind="propagation" Navigation="org.eclipse.mylyn.core.model.edges.containment" OriginId="org.eclipse.mylyn.core.model.interest.propagation" StartDate="2010-04-14 19:08:27.281 IDT" StructureHandle="/" StructureKind="resource"/><InteractionEvent Delta="null" EndDate="2010-04-14 19:08:33.187 IDT" Interest="1.0" Kind="propagation" Navigation="null" OriginId="org.eclipse.php.editor" StartDate="2010-04-14 19:08:33.187 IDT" StructureHandle="/ZendFramework" StructureKind="resource"/><InteractionEvent Delta="null" EndDate="2010-04-14 19:08:33.187 IDT" Interest="1.0" Kind="propagation" Navigation="null" OriginId="org.eclipse.php.editor" StartDate="2010-04-14 19:08:33.187 IDT" StructureHandle="/ZendFramework/Zend/Gdata/Gapps/EmailListQuery.php" StructureKind="resource"/><InteractionEvent Delta="null" EndDate="2010-04-14 19:08:48.906 IDT" Interest="1.0" Kind="propagation" Navigation="org.eclipse.mylyn.core.model.edges.containment" OriginId="org.eclipse.mylyn.core.model.interest.propagation" StartDate="2010-04-14 19:08:48.906 IDT" StructureHandle="=ZendFramework" StructureKind="resource"/><InteractionEvent Delta="null" EndDate="2010-04-14 19:08:40.609 IDT" Interest="0.99999905" Kind="propagation" Navigation="org.eclipse.mylyn.core.model.edges.containment" OriginId="org.eclipse.mylyn.core.model.interest.propagation" StartDate="2010-04-14 19:08:40.609 IDT" StructureHandle="/ZendFramework/Zend/Gdata" StructureKind="resource"/><InteractionEvent Delta="null" EndDate="2010-04-14 19:08:43.875 IDT" Interest="1.0" Kind="propagation" Navigation="null" OriginId="org.eclipse.php.editor" StartDate="2010-04-14 19:08:43.875 IDT" StructureHandle="/ZendFramework/Zend/Gdata/Gapps" StructureKind="resource"/><InteractionEvent Delta="null" EndDate="2010-04-14 19:08:10.187 IDT" Interest="1.0" Kind="propagation" Navigation="org.eclipse.mylyn.core.model.edges.containment" OriginId="org.eclipse.mylyn.core.model.interest.propagation" StartDate="2010-04-14 19:08:10.187 IDT" StructureHandle="/" StructureKind="resource"/><InteractionEvent Delta="null" EndDate="2010-04-14 19:08:08.500 IDT" Interest="1.0" Kind="selection" Navigation="null" OriginId="org.eclipse.php.editor" StartDate="2010-04-14 19:08:08.500 IDT" StructureHandle="=ZendFramework/&amp;lt;Zend\/Gdata{Feed.php" StructureKind="DLTK"/><InteractionEvent Delta="null" EndDate="2010-04-14 19:08:10.187 IDT" Interest="1.0" Kind="propagation" Navigation="null" OriginId="org.eclipse.php.editor" StartDate="2010-04-14 19:08:10.187 IDT" StructureHandle="/ZendFramework/Zend/Gdata/Feed.php" StructureKind="resource"/></InteractionHistory>