<?xml version="1.0" encoding="UTF-8" ?>
<!DOCTYPE ldml SYSTEM "../../common/dtd/ldml.dtd">
<ldml>
	<identity>
		<version number="$Revision: 1.41 $"/>
		<generation date="$Date: 2009/05/05 23:06:33 $"/>
		<language type="aa"/>
		<territory type="DJ"/>
	</identity>
	<dates>
		<calendars>
			<calendar type="gregorian">
				<months>
					<monthContext type="format">
						<monthWidth type="wide">
							<month type="2" draft="unconfirmed">Naharsi Kudo</month>
							<month type="4" draft="unconfirmed">Agda Baxisso</month>
							<month type="8" draft="unconfirmed">Leqeeni</month>
						</monthWidth>
					</monthContext>
				</months>
			</calendar>
		</calendars>
	</dates>
</ldml>

