<?xml version="1.0" encoding="UTF-8" ?>
<!DOCTYPE ldml SYSTEM "../../common/dtd/ldml.dtd">
<ldml>
	<identity>
		<version number="$Revision: 1.78 $"/>
		<generation date="$Date: 2009/06/15 03:46:24 $"/>
		<language type="af"/>
	</identity>
	<localeDisplayNames>
		<languages>
			<language type="af">Afrikaans</language>
			<language type="afa" draft="contributed">Ander Afro-Asiaties</language>
			<language type="am" draft="contributed">Amharies</language>
			<language type="ar" references="R001" draft="contributed">Arabies</language>
			<language type="arc" references="R000" draft="contributed">Aramees</language>
			<language type="art" draft="unconfirmed">Ander Kunsmatig</language>
			<language type="as" draft="unconfirmed">Assamees</language>
			<language type="az" draft="unconfirmed">Aserbeidjaans</language>
			<language type="bat" draft="unconfirmed">Ander Balties</language>
			<language type="be" draft="unconfirmed">Wit-Russies</language>
			<language type="ber" references="R001" draft="provisional">Berbers</language>
			<language type="bg" references="R001" draft="contributed">Bulgaars</language>
			<language type="bh" draft="unconfirmed">Bihari</language>
			<language type="bn" draft="unconfirmed">Bengaals</language>
			<language type="bnt" references="R001" draft="provisional">Bantoe</language>
			<language type="br" references="R001" draft="unconfirmed">Bretons</language>
			<language type="bs" draft="unconfirmed">Bosnies</language>
			<language type="ca" references="R000" draft="unconfirmed">Katalaans</language>
			<language type="cel" draft="unconfirmed">Ander Kelties</language>
			<language type="chr" references="R001" draft="unconfirmed">Cherokees</language>
			<language type="cop" references="R000" draft="unconfirmed">Kopties</language>
			<language type="cs" references="R001" draft="contributed">Tsjeggies</language>
			<language type="cu" references="R001" draft="unconfirmed">Kerkslawies</language>
			<language type="cy" references="R001" draft="unconfirmed">Wallies</language>
			<language type="da" references="R000" draft="contributed">Deens</language>
			<language type="de" references="R001">Duits</language>
			<language type="egy" draft="contributed">Antieke Egipties</language>
			<language type="el" references="R000" draft="contributed">Grieks</language>
			<language type="en" references="R001">Engels</language>
			<language type="eo" references="R000" draft="unconfirmed">Esperanto</language>
			<language type="es">Spaans</language>
			<language type="es_419" draft="contributed">Latyns-Amerikaanse Spaans</language>
			<language type="et" draft="contributed">Estnies</language>
			<language type="eu" references="R001" draft="unconfirmed">Baskies</language>
			<language type="fa" references="R000" draft="unconfirmed">Persies</language>
			<language type="fi" references="R001" draft="contributed">Fins</language>
			<language type="fil" draft="provisional">Filippyns</language>
			<language type="fj" references="R001" draft="unconfirmed">Fidjiaans</language>
			<language type="fo" references="R001" draft="provisional">Faroëes</language>
			<language type="fr" references="R001">Frans</language>
			<language type="fy" references="R001" draft="unconfirmed">Fries</language>
			<language type="ga" references="R001" draft="unconfirmed">Iers</language>
			<language type="gd" draft="unconfirmed">Skots-Gaelies</language>
			<language type="gem" draft="unconfirmed">Ander Germaans</language>
			<language type="gl" draft="unconfirmed">Galicies</language>
			<language type="gn" draft="unconfirmed">Guarani</language>
			<language type="got" references="R001" draft="contributed">Goties</language>
			<language type="grc" draft="contributed">Antieke Grieks</language>
			<language type="gu" draft="unconfirmed">Gujarati</language>
			<language type="gv" references="R001" draft="unconfirmed">Manx</language>
			<language type="he" references="R001">Hebreeus</language>
			<language type="hi" references="R001" draft="unconfirmed">Hindi</language>
			<language type="hit" references="R001" draft="unconfirmed">Hetities</language>
			<language type="hr" draft="provisional">Kroaties</language>
			<language type="hu" references="R001" draft="unconfirmed">Hongaars</language>
			<language type="hy" draft="provisional">Armeens</language>
			<language type="ia" references="R001" draft="provisional">Interlingua</language>
			<language type="id" references="R001" draft="unconfirmed">Indonesies</language>
			<language type="ie" draft="provisional">Interlingue</language>
			<language type="ine" draft="unconfirmed">Ander Indo-Europees</language>
			<language type="is" references="R001" draft="unconfirmed">Yslands</language>
			<language type="it" references="R001">Italiaans</language>
			<language type="ja" references="R001">Japannees</language>
			<language type="jv" references="R001" draft="unconfirmed">Javaans</language>
			<language type="ka" draft="unconfirmed">Georgies</language>
			<language type="khi" draft="unconfirmed">Ander Khoi-San</language>
			<language type="km" references="R001" draft="provisional">Khmer</language>
			<language type="kn" draft="unconfirmed">Kannada</language>
			<language type="ko" draft="contributed">Koreaans</language>
			<language type="kru" draft="unconfirmed">kru</language>
			<language type="ku" draft="contributed">Koerdies</language>
			<language type="kw" references="R001" draft="unconfirmed">Kornies</language>
			<language type="ky" draft="unconfirmed">Kirgisies</language>
			<language type="la" references="R001" draft="unconfirmed">Latyn</language>
			<language type="li" draft="unconfirmed">Limburgs</language>
			<language type="ln" draft="unconfirmed">Lingala</language>
			<language type="lo" draft="unconfirmed">Laotanees</language>
			<language type="lt" references="R001" draft="unconfirmed">Litaus</language>
			<language type="lv" references="R001" draft="unconfirmed">Letties</language>
			<language type="mas" references="R001" draft="unconfirmed">Masai</language>
			<language type="mg" references="R001" draft="unconfirmed">Malgassies</language>
			<language type="mk" draft="unconfirmed">Macedonies</language>
			<language type="ml" draft="unconfirmed">Malabaars</language>
			<language type="mn" draft="unconfirmed">Mongalees</language>
			<language type="mr" draft="unconfirmed">Mahratti</language>
			<language type="ms" draft="unconfirmed">Maleisies</language>
			<language type="mt" draft="unconfirmed">Maltees</language>
			<language type="mul" draft="unconfirmed">Veelvuldige tale</language>
			<language type="my" references="R001" draft="unconfirmed">Birmaans</language>
			<language type="nd" draft="provisional">Noord-Ndebele</language>
			<language type="ne" draft="unconfirmed">Nepalees</language>
			<language type="nl" references="R000" draft="contributed">Nederlands</language>
			<language type="nl_BE" draft="contributed">Vlaams</language>
			<language type="nn" draft="contributed">Noorweegse Nynorsk</language>
			<language type="no" draft="unconfirmed">Noors</language>
			<language type="nr">Suid-Ndebele</language>
			<language type="nso" references="R001" draft="unconfirmed">Sepedi</language>
			<language type="oc" draft="unconfirmed">Occitaans</language>
			<language type="or" draft="unconfirmed">Oria</language>
			<language type="pa" references="R001" draft="unconfirmed">Pandjabi</language>
			<language type="phn" references="R000" draft="unconfirmed">Fenisies</language>
			<language type="pl" references="R001" draft="unconfirmed">Pools</language>
			<language type="ps" references="R001" draft="unconfirmed">Pasjtoe</language>
			<language type="pt">Portugees</language>
			<language type="pt_BR" draft="contributed">Brasiliaanse Portugees</language>
			<language type="ro" draft="contributed">Roemeens</language>
			<language type="ru">Russies</language>
			<language type="sa" references="R000" draft="unconfirmed">Sanskrit</language>
			<language type="sco" references="R001" draft="unconfirmed">Skots</language>
			<language type="sd" draft="unconfirmed">Sindhi</language>
			<language type="sem" draft="unconfirmed">Ander Semities</language>
			<language type="sgn" references="R001" draft="unconfirmed">Gebaretaal</language>
			<language type="sh" draft="unconfirmed">Serwo-Kroaties</language>
			<language type="si" draft="unconfirmed">Singalees</language>
			<language type="sk" references="R001" draft="unconfirmed">Slowaaks</language>
			<language type="sl" references="R001" draft="unconfirmed">Sloweens</language>
			<language type="sla" draft="unconfirmed">Ander Slawies</language>
			<language type="sn" references="R001" draft="unconfirmed">Shona</language>
			<language type="so" draft="unconfirmed">Somalies</language>
			<language type="sq" draft="unconfirmed">Albanees</language>
			<language type="sr" draft="unconfirmed">Serwies</language>
			<language type="ss" references="R001">Swazi</language>
			<language type="st">Suid-Sotho</language>
			<language type="su" draft="unconfirmed">Soedanees</language>
			<language type="sv" references="R001" draft="unconfirmed">Sweeds</language>
			<language type="sw" references="R001" draft="unconfirmed">Swahili</language>
			<language type="ta" draft="unconfirmed">Tamil</language>
			<language type="te" draft="unconfirmed">Telugees</language>
			<language type="th" draft="unconfirmed">Thais</language>
			<language type="ti" draft="unconfirmed">Tigrinya</language>
			<language type="tk">Turkmeens</language>
			<language type="tlh" draft="unconfirmed">Klingon</language>
			<language type="tn" references="R001" draft="provisional">Tswana</language>
			<language type="tr" references="R001" draft="unconfirmed">Turks</language>
			<language type="ts" references="R001" draft="unconfirmed">Tsonga</language>
			<language type="tw" draft="unconfirmed">Twi</language>
			<language type="ug" draft="unconfirmed">Uighoers</language>
			<language type="uk" draft="unconfirmed">Oekraïens</language>
			<language type="und" draft="unconfirmed">Onbepaald</language>
			<language type="ur" draft="unconfirmed">Oerdoe</language>
			<language type="uz" draft="unconfirmed">Oesbekies</language>
			<language type="ve" references="R001">Venda</language>
			<language type="vi" references="R000" draft="unconfirmed">Viëtnamees</language>
			<language type="xh" references="R001">Xhosa</language>
			<language type="yi" references="R000" draft="unconfirmed">Jiddisj</language>
			<language type="zh">Sjinees</language>
			<language type="zh_Hans" draft="unconfirmed">Vereenvoudigde Sjinees</language>
			<language type="zh_Hant" draft="unconfirmed">Tradisionele Sjinees</language>
			<language type="zu" references="R001">Zoeloe</language>
		</languages>
		<scripts>
			<script type="Arab" references="R001" draft="unconfirmed">Arabies</script>
			<script type="Armn" draft="unconfirmed">Armeens</script>
			<script type="Brai" references="R000" draft="unconfirmed">braille</script>
			<script type="Copt" draft="unconfirmed">Kopties</script>
			<script type="Cyrl" references="R001" draft="unconfirmed">Cyrillies</script>
			<script type="Cyrs" draft="unconfirmed">Cyrillies (Ou Kerkslawiese variant)</script>
			<script type="Egyp" draft="unconfirmed">Egiptiese hiërogliewe</script>
			<script type="Ethi" draft="unconfirmed">Etiopies</script>
			<script type="Goth" draft="unconfirmed">Goties</script>
			<script type="Grek" draft="unconfirmed">Grieks</script>
			<script type="Hans" draft="unconfirmed">Vereenvoudigde Sjinees</script>
			<script type="Hant" draft="unconfirmed">Tradisionele Sjinees</script>
			<script type="Hebr" draft="unconfirmed">Hebreeus</script>
			<script type="Khmr" draft="unconfirmed">Khmer</script>
			<script type="Latn" references="R001" draft="unconfirmed">Latyn</script>
			<script type="Mong" draft="unconfirmed">Mongools</script>
			<script type="Phnx" draft="unconfirmed">Fenisies</script>
			<script type="Ugar" references="R000" draft="unconfirmed">Ugarities</script>
			<script type="Visp" draft="unconfirmed">Sigbare spraak</script>
			<script type="Zxxx" draft="unconfirmed">Ongeskrewe</script>
			<script type="Zyyy" draft="unconfirmed">Algemeen</script>
			<script type="Zzzz" draft="unconfirmed">Kode vir ongekodeerde alfabette</script>
		</scripts>
		<territories>
			<territory type="001" references="R002" draft="unconfirmed">Wêreld</territory>
			<territory type="002" references="R002" draft="provisional">Afrika</territory>
			<territory type="005" references="R002" draft="unconfirmed">Suid-Amerika</territory>
			<territory type="009" references="R002" draft="unconfirmed">Oseanië</territory>
			<territory type="011" references="R001" draft="unconfirmed">Wes-Afrika</territory>
			<territory type="013" references="R001" draft="provisional">Sentraal-Amerika</territory>
			<territory type="014" draft="provisional">Oos-Afrika</territory>
			<territory type="015" draft="provisional">Noord-Afrika</territory>
			<territory type="017" references="R001" draft="provisional">Midde-Afrika</territory>
			<territory type="018" references="R002" draft="unconfirmed">Suider-Afrika</territory>
			<territory type="019" draft="provisional">Amerikas</territory>
			<territory type="021" draft="provisional">Noord-Amerika</territory>
			<territory type="029" references="R002" draft="unconfirmed">Karibies</territory>
			<territory type="030" draft="unconfirmed">Oos-Asië</territory>
			<territory type="034" draft="unconfirmed">Suid-Asië</territory>
			<territory type="035" draft="unconfirmed">Suidoos-Asië</territory>
			<territory type="039" draft="unconfirmed">Suid-Europa</territory>
			<territory type="053" draft="provisional">Australië en Nieu-Seeland</territory>
			<territory type="054" references="R002" draft="unconfirmed">Melanesië</territory>
			<territory type="061" references="R002" draft="unconfirmed">Polinesië</territory>
			<territory type="142" references="R002" draft="provisional">Asië</territory>
			<territory type="143" draft="provisional">Sentraal-Asië</territory>
			<territory type="145" draft="unconfirmed">Wes-Asië</territory>
			<territory type="150" references="R002" draft="unconfirmed">Europa</territory>
			<territory type="151" draft="unconfirmed">Oos-Europa</territory>
			<territory type="154" draft="unconfirmed">Noord-Europa</territory>
			<territory type="155" draft="unconfirmed">Wes-Europa</territory>
			<territory type="172" draft="provisional">Statebond</territory>
			<territory type="AD" references="R000" draft="unconfirmed">Andorra</territory>
			<territory type="AE">Verenigde Arabiese Emirate</territory>
			<territory type="AF">Afganistan</territory>
			<territory type="AG">Antigua en Barbuda</territory>
			<territory type="AL">Albanië</territory>
			<territory type="AM">Armenië</territory>
			<territory type="AN" references="R000" draft="unconfirmed">Nederlands-Antille</territory>
			<territory type="AO" draft="provisional">Angola</territory>
			<territory type="AQ" references="R002" draft="provisional">Antarktika</territory>
			<territory type="AR">Argentinië</territory>
			<territory type="AS" draft="unconfirmed">Amerikaans Samoa</territory>
			<territory type="AT">Oostenryk</territory>
			<territory type="AU">Australië</territory>
			<territory type="AZ">Aserbeidjan</territory>
			<territory type="BA">Bosnië en Herzegowina</territory>
			<territory type="BD">Bangladesj</territory>
			<territory type="BE">België</territory>
			<territory type="BF">Boerkina Fasso</territory>
			<territory type="BG">Bulgarye</territory>
			<territory type="BH">Bahrein</territory>
			<territory type="BJ" references="R000" draft="unconfirmed">Benin</territory>
			<territory type="BN">Broenei</territory>
			<territory type="BO">Bolivië</territory>
			<territory type="BR">Brasilië</territory>
			<territory type="BS" draft="unconfirmed">Bahamas</territory>
			<territory type="BT">Bhoetan</territory>
			<territory type="BW" draft="provisional">Botswana</territory>
			<territory type="BY">Wit-Rusland</territory>
			<territory type="CA">Kanada</territory>
			<territory type="CF">Sentraal-Afrikaanse Republiek</territory>
			<territory type="CG">Kongo</territory>
			<territory type="CH">Switserland</territory>
			<territory type="CI">Ivoorkus</territory>
			<territory type="CL">Chili</territory>
			<territory type="CM">Kameroen</territory>
			<territory type="CN">Sjina</territory>
			<territory type="CR" draft="unconfirmed">Costa Rica</territory>
			<territory type="CS" references="R000" draft="unconfirmed">Serwië en Montenegro</territory>
			<territory type="CU">Kuba</territory>
			<territory type="CV">Kaap Verde</territory>
			<territory type="CY">Ciprus</territory>
			<territory type="CZ">Tjeggiese Republiek</territory>
			<territory type="DE">Duitsland</territory>
			<territory type="DJ">Djiboeti</territory>
			<territory type="DK">Denemarke</territory>
			<territory type="DO">Dominikaanse Republiek</territory>
			<territory type="DZ">Algerië</territory>
			<territory type="EE">Estland</territory>
			<territory type="EG">Egipte</territory>
			<territory type="EH">Wes-Sahara</territory>
			<territory type="ES">Spanje</territory>
			<territory type="ET">Ethiopië</territory>
			<territory type="FI" draft="unconfirmed">Finland</territory>
			<territory type="FJ">Fidji</territory>
			<territory type="FK" references="R000" draft="unconfirmed">Falklandeilande</territory>
			<territory type="FM">Mikronesië</territory>
			<territory type="FO" references="R000" draft="unconfirmed">Faroëreilande</territory>
			<territory type="FR">Frankryk</territory>
			<territory type="GA">Gaboen</territory>
			<territory type="GB">Groot-Brittanje</territory>
			<territory type="GE">Georgië</territory>
			<territory type="GF" references="R000" draft="unconfirmed">Frans-Guyana</territory>
			<territory type="GH" draft="unconfirmed">Ghana</territory>
			<territory type="GL" references="R000" draft="provisional">Groenland</territory>
			<territory type="GM">Gambië</territory>
			<territory type="GN">Guinee</territory>
			<territory type="GQ">Ekwatoriaal-Guinee</territory>
			<territory type="GR">Griekeland</territory>
			<territory type="GW">Guinee-Bissau</territory>
			<territory type="HK" references="R000" draft="provisional">Hongkong</territory>
			<territory type="HR">Kroasië</territory>
			<territory type="HT">Haïti</territory>
			<territory type="HU">Hongarye</territory>
			<territory type="ID">Indonesië</territory>
			<territory type="IE">Ierland</territory>
			<territory type="IL" draft="unconfirmed">Israel</territory>
			<territory type="IN">Indië</territory>
			<territory type="IQ">Irak</territory>
			<territory type="IR" references="R000" draft="unconfirmed">Iran</territory>
			<territory type="IS">Ysland</territory>
			<territory type="IT">Italië</territory>
			<territory type="JM">Jamaika</territory>
			<territory type="JO">Jordanië</territory>
			<territory type="JP">Japan</territory>
			<territory type="KE">Kenia</territory>
			<territory type="KG">Kirgisië</territory>
			<territory type="KH">Kambodja</territory>
			<territory type="KM">Comore</territory>
			<territory type="KN">Saint Kitts en Nevis</territory>
			<territory type="KP">Noord-Korea</territory>
			<territory type="KR">Suid-Korea</territory>
			<territory type="KW">Koeweit</territory>
			<territory type="KY" references="R000" draft="unconfirmed">Kaaimanseilande</territory>
			<territory type="KZ">Kasakstan</territory>
			<territory type="LA" references="R000" draft="unconfirmed">Laos</territory>
			<territory type="LB">Libanon</territory>
			<territory type="LI" references="R000" draft="unconfirmed">Liechtenstein</territory>
			<territory type="LK" references="R000" draft="unconfirmed">Sri Lanka</territory>
			<territory type="LR">Liberië</territory>
			<territory type="LS" references="R000" draft="provisional">Lesotho</territory>
			<territory type="LT">Litaue</territory>
			<territory type="LU">Luxemburg</territory>
			<territory type="LV">Letland</territory>
			<territory type="LY">Libië</territory>
			<territory type="MA">Marokko</territory>
			<territory type="MC" references="R000" draft="unconfirmed">Monaco</territory>
			<territory type="MG">Madagaskar</territory>
			<territory type="MH">Marshall-eilande</territory>
			<territory type="MK">Macedonië</territory>
			<territory type="ML" references="R000" draft="unconfirmed">Mali</territory>
			<territory type="MN">Mongolië</territory>
			<territory type="MO" references="R000" draft="unconfirmed">Macao</territory>
			<territory type="MR">Mouritanië</territory>
			<territory type="MT" references="R000" draft="unconfirmed">Malta</territory>
			<territory type="MU" references="R000" draft="unconfirmed">Mauritius</territory>
			<territory type="MV">Maldive</territory>
			<territory type="MX">Meksiko</territory>
			<territory type="MY">Maleisië</territory>
			<territory type="MZ">Mosambiek</territory>
			<territory type="NA">Namibië</territory>
			<territory type="NC" references="R000" draft="unconfirmed">Nieu-Kaledonië</territory>
			<territory type="NE" references="R000" draft="unconfirmed">Niger</territory>
			<territory type="NG" references="R000" draft="unconfirmed">Nigerië</territory>
			<territory type="NI" references="R000" draft="unconfirmed">Nicaragua</territory>
			<territory type="NL">Nederland</territory>
			<territory type="NO">Noorweë</territory>
			<territory type="NR">Naoeroe</territory>
			<territory type="NZ">Nieu-Seeland</territory>
			<territory type="OM" references="R000" draft="unconfirmed">Oman</territory>
			<territory type="PA" references="R000" draft="unconfirmed">Panama</territory>
			<territory type="PE" references="R000" draft="unconfirmed">Peru</territory>
			<territory type="PG">Papoea Nieu-Guinee</territory>
			<territory type="PH">Filippyne</territory>
			<territory type="PK" references="R000" draft="unconfirmed">Pakistan</territory>
			<territory type="PL">Pole</territory>
			<territory type="PR" references="R000" draft="unconfirmed">Puerto Rico</territory>
			<territory type="PT" references="R000" draft="unconfirmed">Portugal</territory>
			<territory type="PY" references="R000" draft="unconfirmed">Paraguay</territory>
			<territory type="QA">Katar</territory>
			<territory type="RE" references="R000" draft="unconfirmed">Réunion</territory>
			<territory type="RO">Roemenië</territory>
			<territory type="RU">Rusland</territory>
			<territory type="RW" references="R000" draft="unconfirmed">Rwanda</territory>
			<territory type="SA">Saoedi-Arabië</territory>
			<territory type="SB">Solomon Eilande</territory>
			<territory type="SC">Seychelle</territory>
			<territory type="SD">Soedan</territory>
			<territory type="SE">Swede</territory>
			<territory type="SG">Singapoer</territory>
			<territory type="SI">Slowenië</territory>
			<territory type="SK">Slowakye</territory>
			<territory type="SL" references="R000" draft="unconfirmed">Sierra Leone</territory>
			<territory type="SM" references="R000" draft="unconfirmed">San Marino</territory>
			<territory type="SN" references="R000" draft="unconfirmed">Senegal</territory>
			<territory type="SO">Somalië</territory>
			<territory type="SR" references="R000" draft="unconfirmed">Suriname</territory>
			<territory type="ST">Sao Tome en Principe</territory>
			<territory type="SV">Salvador</territory>
			<territory type="SY">Sirië</territory>
			<territory type="SZ" references="R000" draft="unconfirmed">Swaziland</territory>
			<territory type="TD">Tsjaad</territory>
			<territory type="TH" draft="unconfirmed">Thailand</territory>
			<territory type="TJ">Tadjikistan</territory>
			<territory type="TM">Turkmenië</territory>
			<territory type="TN">Tunisië</territory>
			<territory type="TO" draft="contributed">Tonga</territory>
			<territory type="TR">Turkye</territory>
			<territory type="TT">Trinidad en Tobago</territory>
			<territory type="TW" draft="unconfirmed">Taiwan</territory>
			<territory type="TZ">Tanzanië</territory>
			<territory type="UA">Oekraine</territory>
			<territory type="UG" references="R000" draft="unconfirmed">Uganda</territory>
			<territory type="US">Verenigde State van Amerika</territory>
			<territory type="UZ">Oesbekistan</territory>
			<territory type="VA">Vatikaan</territory>
			<territory type="VC">Saint Vincent en die Grenadine</territory>
			<territory type="VE" references="R000" draft="unconfirmed">Venezuela</territory>
			<territory type="VN">Viëtnam</territory>
			<territory type="WS" draft="unconfirmed">Samoa</territory>
			<territory type="YE">Jemen</territory>
			<territory type="ZA">Suid-Afrika</territory>
			<territory type="ZM">Zambië</territory>
			<territory type="ZW" draft="unconfirmed">Zimbabwe</territory>
		</territories>
		<variants>
			<variant type="1901" draft="unconfirmed">Tradisionele Duitse ortografie</variant>
			<variant type="1996" draft="unconfirmed">Duitse ortografie van 1996</variant>
			<variant type="REVISED" draft="unconfirmed">Hersiene ortografie</variant>
		</variants>
		<keys>
			<key type="calendar" references="R002" draft="unconfirmed">Kalender</key>
			<key type="collation" references="R002" draft="unconfirmed">Vergelyking</key>
			<key type="currency" draft="unconfirmed">Geldeenheid</key>
		</keys>
		<types>
			<type type="big5han" key="collation" draft="unconfirmed">Tradisionele Sjinees (Groot5)</type>
			<type type="chinese" key="calendar" draft="unconfirmed">Sjinese kalender</type>
			<type type="gb2312han" key="collation" draft="unconfirmed">Vereenvoudigde Sjinees</type>
			<type type="gregorian" key="calendar" references="R001" draft="unconfirmed">Gregoriaanse kalender</type>
			<type type="hebrew" key="calendar" draft="unconfirmed">Hebreeuse kalender</type>
			<type type="islamic" key="calendar" draft="unconfirmed">Islamitiese kalender</type>
			<type type="japanese" key="calendar" draft="unconfirmed">Japannese kalender</type>
			<type type="phonebook" key="collation" draft="unconfirmed">Telefoongidsvolgorde</type>
			<type type="traditional" key="collation" draft="unconfirmed">Tradisioneel</type>
		</types>
		<measurementSystemNames>
			<measurementSystemName type="metric">Metriek</measurementSystemName>
			<measurementSystemName type="US">VSA</measurementSystemName>
		</measurementSystemNames>
		<codePatterns>
			<codePattern type="language" draft="contributed">Taal: {0}</codePattern>
			<codePattern type="script" draft="contributed">Skrif: {0}</codePattern>
			<codePattern type="territory" draft="contributed">Omgewing: {0}</codePattern>
		</codePatterns>
	</localeDisplayNames>
	<characters>
		<exemplarCharacters>[a á â b-e é è ê ë f-i î ï j-o ô ö p-u û v-z]</exemplarCharacters>
		<exemplarCharacters type="auxiliary" draft="unconfirmed">[à å-ç ñ ø œ ß]</exemplarCharacters>
		<exemplarCharacters type="currencySymbol">[a-z]</exemplarCharacters>
	</characters>
	<delimiters>
		<quotationStart draft="unconfirmed">‘</quotationStart>
		<quotationEnd draft="unconfirmed">’</quotationEnd>
		<alternateQuotationStart draft="unconfirmed">“</alternateQuotationStart>
		<alternateQuotationEnd draft="unconfirmed">”</alternateQuotationEnd>
	</delimiters>
	<dates>
		<calendars>
			<calendar type="gregorian">
				<months>
					<monthContext type="format">
						<monthWidth type="abbreviated">
							<month type="1">Jan</month>
							<month type="2">Feb</month>
							<month type="3">Mar</month>
							<month type="4">Apr</month>
							<month type="5">Mei</month>
							<month type="6">Jun</month>
							<month type="7">Jul</month>
							<month type="8">Aug</month>
							<month type="9">Sep</month>
							<month type="10">Okt</month>
							<month type="11">Nov</month>
							<month type="12">Des</month>
						</monthWidth>
						<monthWidth type="wide">
							<month type="1">Januarie</month>
							<month type="2">Februarie</month>
							<month type="3">Maart</month>
							<month type="4">April</month>
							<month type="5">Mei</month>
							<month type="6">Junie</month>
							<month type="7">Julie</month>
							<month type="8">Augustus</month>
							<month type="9">September</month>
							<month type="10">Oktober</month>
							<month type="11">November</month>
							<month type="12">Desember</month>
						</monthWidth>
					</monthContext>
					<monthContext type="stand-alone">
						<monthWidth type="narrow">
							<month type="1" draft="unconfirmed">1</month>
							<month type="2" draft="unconfirmed">2</month>
							<month type="3" draft="unconfirmed">3</month>
							<month type="4" draft="unconfirmed">4</month>
							<month type="5" draft="unconfirmed">5</month>
							<month type="6" draft="unconfirmed">6</month>
							<month type="7" draft="unconfirmed">7</month>
							<month type="8" draft="unconfirmed">8</month>
							<month type="9" draft="unconfirmed">9</month>
							<month type="10" draft="unconfirmed">10</month>
							<month type="11" draft="unconfirmed">11</month>
							<month type="12" draft="unconfirmed">12</month>
						</monthWidth>
					</monthContext>
				</months>
				<days>
					<dayContext type="format">
						<dayWidth type="abbreviated">
							<day type="sun">So</day>
							<day type="mon">Ma</day>
							<day type="tue">Di</day>
							<day type="wed">Wo</day>
							<day type="thu">Do</day>
							<day type="fri">Vr</day>
							<day type="sat">Sa</day>
						</dayWidth>
						<dayWidth type="wide">
							<day type="sun">Sondag</day>
							<day type="mon">Maandag</day>
							<day type="tue">Dinsdag</day>
							<day type="wed">Woensdag</day>
							<day type="thu">Donderdag</day>
							<day type="fri">Vrydag</day>
							<day type="sat">Saterdag</day>
						</dayWidth>
					</dayContext>
					<dayContext type="stand-alone">
						<dayWidth type="narrow">
							<day type="sun" draft="unconfirmed">1</day>
							<day type="mon" draft="unconfirmed">2</day>
							<day type="tue" draft="unconfirmed">3</day>
							<day type="wed" draft="unconfirmed">4</day>
							<day type="thu" draft="unconfirmed">5</day>
							<day type="fri" draft="unconfirmed">6</day>
							<day type="sat" draft="unconfirmed">7</day>
						</dayWidth>
					</dayContext>
				</days>
				<quarters>
					<quarterContext type="format">
						<quarterWidth type="abbreviated">
							<quarter type="1" draft="unconfirmed">K1</quarter>
							<quarter type="2" draft="unconfirmed">K2</quarter>
							<quarter type="3" draft="unconfirmed">K3</quarter>
							<quarter type="4" draft="unconfirmed">K4</quarter>
						</quarterWidth>
						<quarterWidth type="wide">
							<quarter type="1" draft="unconfirmed">1ste kwartaal</quarter>
							<quarter type="2" draft="unconfirmed">2de kwartaal</quarter>
							<quarter type="3" draft="unconfirmed">3de kwartaal</quarter>
							<quarter type="4" draft="unconfirmed">4de kwartaal</quarter>
						</quarterWidth>
					</quarterContext>
				</quarters>
				<am>vm.</am>
				<pm>nm.</pm>
				<eras>
					<eraNames>
						<era type="0" references="R000" draft="provisional">voor Christus</era>
						<era type="1" references="R000" draft="provisional">na Christus</era>
					</eraNames>
					<eraAbbr>
						<era type="0">v.C.</era>
						<era type="1">n.C.</era>
					</eraAbbr>
				</eras>
				<dateFormats>
					<dateFormatLength type="full">
						<dateFormat>
							<pattern references="R000">EEEE dd MMMM y</pattern>
						</dateFormat>
					</dateFormatLength>
					<dateFormatLength type="long">
						<dateFormat>
							<pattern references="R000" draft="unconfirmed">dd MMMM y</pattern>
						</dateFormat>
					</dateFormatLength>
					<dateFormatLength type="medium">
						<dateFormat>
							<pattern references="R000" draft="unconfirmed">dd MMM y</pattern>
						</dateFormat>
					</dateFormatLength>
					<dateFormatLength type="short">
						<dateFormat>
							<pattern references="R000" draft="unconfirmed">yyyy/MM/dd</pattern>
						</dateFormat>
					</dateFormatLength>
				</dateFormats>
				<timeFormats>
					<timeFormatLength type="full">
						<timeFormat>
							<pattern>h:mm:ss a zzzz</pattern>
						</timeFormat>
					</timeFormatLength>
					<timeFormatLength type="long">
						<timeFormat>
							<pattern>h:mm:ss a z</pattern>
						</timeFormat>
					</timeFormatLength>
					<timeFormatLength type="medium">
						<timeFormat>
							<pattern draft="unconfirmed">h:mm:ss a</pattern>
						</timeFormat>
					</timeFormatLength>
					<timeFormatLength type="short">
						<timeFormat>
							<pattern draft="unconfirmed">h:mm a</pattern>
						</timeFormat>
					</timeFormatLength>
				</timeFormats>
				<dateTimeFormats>
					<availableFormats>
						<dateFormatItem id="MMdd" draft="unconfirmed">MM/dd</dateFormatItem>
						<dateFormatItem id="MMMMd" draft="unconfirmed">d MMMM</dateFormatItem>
						<dateFormatItem id="MMMMdd" draft="unconfirmed">dd MMMM</dateFormatItem>
						<dateFormatItem id="yyQ" draft="unconfirmed">Q yy</dateFormatItem>
						<dateFormatItem id="yyyyMM" draft="unconfirmed">yyyy/MM</dateFormatItem>
						<dateFormatItem id="yyyyMMMM" draft="unconfirmed">MMMM y</dateFormatItem>
					</availableFormats>
					<intervalFormats>
						<intervalFormatFallback draft="unconfirmed">{0} - {1}</intervalFormatFallback>
						<intervalFormatItem id="d">
							<greatestDifference id="d" draft="unconfirmed">d-d</greatestDifference>
						</intervalFormatItem>
						<intervalFormatItem id="h">
							<greatestDifference id="h" draft="unconfirmed">HH-HH</greatestDifference>
						</intervalFormatItem>
						<intervalFormatItem id="hm">
							<greatestDifference id="h" draft="unconfirmed">HH:mm-HH:mm</greatestDifference>
							<greatestDifference id="m" draft="unconfirmed">HH:mm-HH:mm</greatestDifference>
						</intervalFormatItem>
						<intervalFormatItem id="hmv">
							<greatestDifference id="h" draft="unconfirmed">HH:mm-HH:mm v</greatestDifference>
							<greatestDifference id="m" draft="unconfirmed">HH:mm-HH:mm v</greatestDifference>
						</intervalFormatItem>
						<intervalFormatItem id="hv">
							<greatestDifference id="h" draft="unconfirmed">HH-HH v</greatestDifference>
						</intervalFormatItem>
						<intervalFormatItem id="M">
							<greatestDifference id="M" draft="unconfirmed">M-M</greatestDifference>
						</intervalFormatItem>
						<intervalFormatItem id="Md">
							<greatestDifference id="d" draft="unconfirmed">MM-dd - MM-dd</greatestDifference>
							<greatestDifference id="M" draft="unconfirmed">MM-dd - MM-dd</greatestDifference>
						</intervalFormatItem>
						<intervalFormatItem id="MEd">
							<greatestDifference id="d" draft="unconfirmed">E, MM-dd - E, MM-dd</greatestDifference>
							<greatestDifference id="M" draft="unconfirmed">E, MM-dd - E, MM-dd</greatestDifference>
						</intervalFormatItem>
						<intervalFormatItem id="MMM">
							<greatestDifference id="M" draft="unconfirmed">MMM-MMM</greatestDifference>
						</intervalFormatItem>
						<intervalFormatItem id="MMMd">
							<greatestDifference id="d" draft="unconfirmed">MMM d-d</greatestDifference>
							<greatestDifference id="M" draft="unconfirmed">MMM d - MMM d</greatestDifference>
						</intervalFormatItem>
						<intervalFormatItem id="MMMEd">
							<greatestDifference id="d" draft="unconfirmed">E, MMM d - E, MMM d</greatestDifference>
							<greatestDifference id="M" draft="unconfirmed">E, MMM d - E, MMM d</greatestDifference>
						</intervalFormatItem>
						<intervalFormatItem id="y">
							<greatestDifference id="y" draft="unconfirmed">y-y</greatestDifference>
						</intervalFormatItem>
						<intervalFormatItem id="yM">
							<greatestDifference id="M" draft="unconfirmed">yyyy-MM - yyyy-MM</greatestDifference>
							<greatestDifference id="y" draft="unconfirmed">yyyy-MM - yyyy-MM</greatestDifference>
						</intervalFormatItem>
						<intervalFormatItem id="yMd">
							<greatestDifference id="d" draft="unconfirmed">yyyy-MM-dd - yyyy-MM-dd</greatestDifference>
							<greatestDifference id="M" draft="unconfirmed">yyyy-MM-dd - yyyy-MM-dd</greatestDifference>
							<greatestDifference id="y" draft="unconfirmed">yyyy-MM-dd - yyyy-MM-dd</greatestDifference>
						</intervalFormatItem>
						<intervalFormatItem id="yMEd">
							<greatestDifference id="d" draft="unconfirmed">E, yyyy-MM-dd - E, yyyy-MM-dd</greatestDifference>
							<greatestDifference id="M" draft="unconfirmed">E, yyyy-MM-dd - E, yyyy-MM-dd</greatestDifference>
							<greatestDifference id="y" draft="unconfirmed">E, yyyy-MM-dd - E, yyyy-MM-dd</greatestDifference>
						</intervalFormatItem>
						<intervalFormatItem id="yMMM">
							<greatestDifference id="M" draft="unconfirmed">y MMM-MMM</greatestDifference>
							<greatestDifference id="y" draft="unconfirmed">y MMM - y MMM</greatestDifference>
						</intervalFormatItem>
						<intervalFormatItem id="yMMMd">
							<greatestDifference id="d" draft="unconfirmed">y MMM d-d</greatestDifference>
							<greatestDifference id="M" draft="unconfirmed">y MMM d - MMM d</greatestDifference>
							<greatestDifference id="y" draft="unconfirmed">y MMM d - y MMM d</greatestDifference>
						</intervalFormatItem>
						<intervalFormatItem id="yMMMEd">
							<greatestDifference id="d" draft="unconfirmed">E, y MMM dd - E, y MMM dd</greatestDifference>
							<greatestDifference id="M" draft="unconfirmed">E, y MMM dd - E, y MMM dd</greatestDifference>
							<greatestDifference id="y" draft="unconfirmed">E, y MMM dd - E, y MMM dd</greatestDifference>
						</intervalFormatItem>
					</intervalFormats>
				</dateTimeFormats>
				<fields>
					<field type="era">
						<displayName draft="unconfirmed">Tydperk</displayName>
					</field>
					<field type="year">
						<displayName draft="unconfirmed">Jaar</displayName>
					</field>
					<field type="month">
						<displayName draft="unconfirmed">Maand</displayName>
					</field>
					<field type="week">
						<displayName references="R001" draft="unconfirmed">Week</displayName>
					</field>
					<field type="day">
						<displayName references="R001" draft="unconfirmed">Dag</displayName>
					</field>
					<field type="weekday">
						<displayName draft="unconfirmed">Dag van die week</displayName>
					</field>
					<field type="hour">
						<displayName draft="provisional">Uur</displayName>
					</field>
					<field type="minute">
						<displayName draft="unconfirmed">Minuut</displayName>
					</field>
					<field type="second">
						<displayName draft="unconfirmed">Sekonde</displayName>
					</field>
					<field type="zone">
						<displayName draft="unconfirmed">Tydsone</displayName>
					</field>
				</fields>
			</calendar>
		</calendars>
		<timeZoneNames>
			<hourFormat draft="unconfirmed">+HH:mm;-HH:mm</hourFormat>
			<gmtFormat draft="unconfirmed">GMT{0}</gmtFormat>
			<regionFormat draft="unconfirmed">{0}</regionFormat>
			<zone type="Antarctica/South_Pole">
				<exemplarCity references="R001" draft="provisional">Suidpool</exemplarCity>
			</zone>
			<zone type="Asia/Bahrain">
				<exemplarCity draft="unconfirmed">Bagrein</exemplarCity>
			</zone>
			<zone type="Asia/Shanghai">
				<exemplarCity references="R001" draft="provisional">Sjanghai</exemplarCity>
			</zone>
			<zone type="America/Mexico_City">
				<exemplarCity draft="provisional">Mexikostad</exemplarCity>
			</zone>
			<zone type="Europe/Lisbon">
				<exemplarCity references="R000" draft="provisional">Lissabon</exemplarCity>
			</zone>
			<zone type="Europe/Moscow">
				<exemplarCity references="R000" draft="provisional">Moskou</exemplarCity>
			</zone>
		</timeZoneNames>
	</dates>
	<numbers>
		<symbols>
			<decimal>,</decimal>
			<group> </group>
		</symbols>
		<decimalFormats>
			<decimalFormatLength>
				<decimalFormat>
					<pattern>#,##0.###</pattern>
				</decimalFormat>
			</decimalFormatLength>
		</decimalFormats>
		<scientificFormats>
			<scientificFormatLength>
				<scientificFormat>
					<pattern>#E0</pattern>
				</scientificFormat>
			</scientificFormatLength>
		</scientificFormats>
		<percentFormats>
			<percentFormatLength>
				<percentFormat>
					<pattern>#,##0%</pattern>
				</percentFormat>
			</percentFormatLength>
		</percentFormats>
		<currencyFormats>
			<currencyFormatLength>
				<currencyFormat>
					<pattern>¤#,##0.00</pattern>
				</currencyFormat>
			</currencyFormatLength>
		</currencyFormats>
		<currencies>
			<currency type="BRL">
				<displayName references="R001" draft="unconfirmed">Reaal</displayName>
			</currency>
			<currency type="CHF">
				<displayName draft="contributed">Switserse frank</displayName>
			</currency>
			<currency type="CNY">
				<displayName references="R001" draft="unconfirmed">Joean</displayName>
			</currency>
			<currency type="EUR">
				<displayName>Euro</displayName>
			</currency>
			<currency type="GBP">
				<displayName>Britse pond</displayName>
			</currency>
			<currency type="ITL">
				<displayName draft="contributed">Italiaanse lier</displayName>
			</currency>
			<currency type="JPY">
				<displayName draft="contributed">Japannese jen</displayName>
			</currency>
			<currency type="NAD">
				<displayName draft="contributed">Namibiese dollar</displayName>
			</currency>
			<currency type="RUB">
				<displayName references="R001" draft="contributed">Roebel</displayName>
			</currency>
			<currency type="TRL">
				<displayName draft="contributed">Ou Turkse lier</displayName>
			</currency>
			<currency type="TRY">
				<displayName draft="contributed">Turkse lier</displayName>
			</currency>
			<currency type="USD">
				<displayName>Amerikaanse dollar</displayName>
			</currency>
			<currency type="XXX">
				<displayName draft="contributed">Onbekende of ongeldige geldeenheid</displayName>
			</currency>
			<currency type="ZAR">
				<displayName>Rand</displayName>
			</currency>
		</currencies>
	</numbers>
	<posix>
		<messages>
			<yesstr>ja:j</yesstr>
			<nostr>nee:n</nostr>
		</messages>
	</posix>
	<references>
		<reference type="R000" uri="ISBN 1 86890 034 7">Afrikaanse Woordelys en Spelreëls</reference>
		<reference type="R001" uri="ISBN 1 86890 044 4">Pharos - Afrikaans-Engels Woordeboek 2005</reference>
		<reference type="R002" uri="ISBN 1 86890 002 9">Pharos - Groot Woordeboek 1997</reference>
	</references>
</ldml>

