<?xml version="1.0" encoding="UTF-8" ?>
<!DOCTYPE ldml SYSTEM "../../common/dtd/ldml.dtd">
<ldml>
	<identity>
		<version number="$Revision: 1.54 $"/>
		<generation date="$Date: 2009/06/15 03:46:25 $"/>
		<language type="ar"/>
		<territory type="DZ"/>
	</identity>
	<localeDisplayNames>
		<scripts>
			<script type="Ital">اللأيطالية القديمة</script>
		</scripts>
	</localeDisplayNames>
	<dates>
		<calendars>
			<calendar type="gregorian">
				<dateTimeFormats>
					<intervalFormats>
						<intervalFormatItem id="d">
							<greatestDifference id="d">d‏-d</greatestDifference>
						</intervalFormatItem>
						<intervalFormatItem id="M">
							<greatestDifference id="M">M‏-M</greatestDifference>
						</intervalFormatItem>
						<intervalFormatItem id="MMMd">
							<greatestDifference id="d">d‏-d MMM</greatestDifference>
						</intervalFormatItem>
						<intervalFormatItem id="y">
							<greatestDifference id="y">y‏-y</greatestDifference>
						</intervalFormatItem>
					</intervalFormats>
				</dateTimeFormats>
			</calendar>
		</calendars>
	</dates>
	<numbers>
		<defaultNumberingSystem>latn</defaultNumberingSystem>
		<symbols>
			<nativeZeroDigit>0</nativeZeroDigit>
		</symbols>
	</numbers>
</ldml>

