<?xml version="1.0" encoding="UTF-8" ?>
<!DOCTYPE ldml SYSTEM "../../common/dtd/ldml.dtd">
<ldml>
	<identity>
		<version number="$Revision: 1.58 $"/>
		<generation date="$Date: 2009/06/15 03:46:25 $"/>
		<language type="as"/>
	</identity>
	<localeDisplayNames>
		<languages>
			<language type="as">অসমীয়া</language>
			<language type="ie" draft="unconfirmed">উপস্থাপন ভাষা</language>
			<language type="km" draft="unconfirmed">কম্বোডিয়ান</language>
		</languages>
		<scripts>
			<script type="Beng" draft="contributed">বঙালী</script>
		</scripts>
		<territories>
			<territory type="AQ" draft="contributed">এন্টাৰ্টিকা</territory>
			<territory type="BR" draft="contributed">ব্ৰাজিল</territory>
			<territory type="BV" draft="contributed">বভেট দ্বীপ</territory>
			<territory type="CN" draft="contributed">চীন</territory>
			<territory type="DE" draft="contributed">জাৰ্মানি</territory>
			<territory type="FR" draft="contributed">ফ্ৰান্স</territory>
			<territory type="GB" draft="contributed">সংযুক্ত ৰাজ্য</territory>
			<territory type="GS" draft="contributed">দক্ষিণ জৰ্জিয়া আৰু দক্ষিণ চেণ্ডৱিচ্‌ দ্বীপ</territory>
			<territory type="HM" draft="contributed">হাৰ্ড দ্বীপ আৰু মেক্‌ডোনাল্ড দ্বীপ</territory>
			<territory type="IN">ভাৰত</territory>
			<territory type="IO" draft="contributed">ব্ৰিটিশ্ব ইণ্ডিয়ান মহাসাগৰৰ অঞ্চল</territory>
			<territory type="IT" draft="contributed">ইটালি</territory>
			<territory type="JP" draft="contributed">জাপান</territory>
			<territory type="RU" draft="contributed">ৰুচ</territory>
			<territory type="TF" draft="contributed">দক্ষিণ ফ্ৰান্সৰ অঞ্চল</territory>
			<territory type="US" draft="contributed">যুক্তৰাষ্ট্ৰ</territory>
			<territory type="ZZ" draft="contributed">অজ্ঞাত বা অবৈধ অঞ্চল</territory>
		</territories>
		<keys>
			<key type="calendar" draft="contributed">পঞ্জিকা</key>
			<key type="collation" draft="contributed">শৰীকৰণ</key>
			<key type="currency" draft="contributed">মুদ্ৰা</key>
		</keys>
		<types>
			<type type="big5han" key="collation" draft="contributed">পৰম্পৰাগত চীনা শৃঙ্খলাবদ্ধ কৰাৰ ক্ৰম - Big5</type>
			<type type="buddhist" key="calendar" draft="contributed">বৌদ্ধ পঞ্জিকা</type>
			<type type="chinese" key="calendar" draft="contributed">চীনা পঞ্জিকা</type>
			<type type="direct" key="collation" draft="contributed">পোনপটীয়াকৈ শৃঙ্খলাবদ্ধ কৰাৰ ক্ৰম</type>
			<type type="gb2312han" key="collation" draft="contributed">সৰল চীনা শৃঙ্খলাবদ্ধ কৰাৰ ক্ৰম - GB2312</type>
			<type type="gregorian" key="calendar" draft="contributed">গ্ৰিগোৰীয় পঞ্জিকা</type>
			<type type="hebrew" key="calendar" draft="contributed">হীব্ৰু পঞ্জিকা</type>
			<type type="indian" key="calendar" draft="contributed">ভাৰতীয় ৰাষ্ট্ৰীয় পঞ্জিকা</type>
			<type type="islamic" key="calendar" draft="contributed">ইচলামী পঞ্জিকা</type>
			<type type="islamic-civil" key="calendar" draft="contributed">ইচলামী-নাগৰিকৰ পঞ্জিকা</type>
			<type type="japanese" key="calendar" draft="contributed">জাপানী পঞ্জিকা</type>
			<type type="phonebook" key="collation" draft="contributed">টেলিফোন বহিৰ মতেশৃঙ্খলাবদ্ধ কৰাৰ ক্ৰম</type>
			<type type="pinyin" key="collation" draft="contributed">পিন্‌য়িন শৃঙ্খলাবদ্ধ কৰাৰ ক্ৰম</type>
			<type type="roc" key="calendar" draft="contributed">চীনা গণৰাজ্যৰ পঞ্জিকা</type>
			<type type="stroke" key="collation" draft="contributed">স্ট্ৰোক শৃঙ্খলাবদ্ধ কৰাৰ ক্ৰম</type>
			<type type="traditional" key="collation" draft="contributed">পৰম্পৰাগতভাবে শৃঙ্খলাবদ্ধ কৰাৰ ক্ৰম</type>
		</types>
	</localeDisplayNames>
	<characters>
		<exemplarCharacters>[় অ-ঋ ৠ ঌ ৡ এ ঐ ও ঔ ং ঁ ঃ ক-ড {ড়} ঢ {ঢ়} ণ ত ৎ থ-ন প-য {য়} ৰ ল ৱ শ-হ ঽ-ৄ ৢ ৣ ে ৈ ো-্ ৗ]</exemplarCharacters>
		<exemplarCharacters type="auxiliary">[\u200C \u200D ৲]</exemplarCharacters>
	</characters>
	<dates>
		<calendars>
			<calendar type="gregorian">
				<months>
					<monthContext type="format">
						<monthWidth type="abbreviated">
							<month type="1">জানু</month>
							<month type="2">ফেব্ৰু</month>
							<month type="3">মাৰ্চ</month>
							<month type="4">এপ্ৰিল</month>
							<month type="5">মে</month>
							<month type="6">জুন</month>
							<month type="7">জুলাই</month>
							<month type="8">আগ</month>
							<month type="9">সেপ্ট</month>
							<month type="10">অক্টো</month>
							<month type="11">নভে</month>
							<month type="12">ডিসে</month>
						</monthWidth>
						<monthWidth type="wide">
							<month type="1">জানুয়াৰী</month>
							<month type="2">ফেব্ৰুয়াৰী</month>
							<month type="3">মাৰ্চ</month>
							<month type="4">এপ্ৰিল</month>
							<month type="5">মে</month>
							<month type="6">জুন</month>
							<month type="7">জুলাই</month>
							<month type="8">আগষ্ট</month>
							<month type="9">সেপ্টেম্বৰ</month>
							<month type="10">অক্টোবৰ</month>
							<month type="11">নভেম্বৰ</month>
							<month type="12">ডিসেম্বৰ</month>
						</monthWidth>
					</monthContext>
					<monthContext type="stand-alone">
						<monthWidth type="narrow">
							<month type="1" draft="unconfirmed">1</month>
							<month type="2" draft="unconfirmed">2</month>
							<month type="3" draft="unconfirmed">3</month>
							<month type="4" draft="unconfirmed">4</month>
							<month type="5" draft="unconfirmed">5</month>
							<month type="6" draft="unconfirmed">6</month>
							<month type="7" draft="unconfirmed">7</month>
							<month type="8" draft="unconfirmed">8</month>
							<month type="9" draft="unconfirmed">9</month>
							<month type="10" draft="unconfirmed">10</month>
							<month type="11" draft="unconfirmed">11</month>
							<month type="12" draft="unconfirmed">12</month>
						</monthWidth>
					</monthContext>
				</months>
				<days>
					<dayContext type="format">
						<dayWidth type="abbreviated">
							<day type="sun">ৰবি</day>
							<day type="mon">সোম</day>
							<day type="tue">মঙ্গল</day>
							<day type="wed">বুধ</day>
							<day type="thu">বৃহষ্পতি</day>
							<day type="fri">শুক্ৰ</day>
							<day type="sat">শনি</day>
						</dayWidth>
						<dayWidth type="wide">
							<day type="sun">দেওবাৰ</day>
							<day type="mon">সোমবাৰ</day>
							<day type="tue">মঙ্গলবাৰ</day>
							<day type="wed">বুধবাৰ</day>
							<day type="thu">বৃহষ্পতিবাৰ</day>
							<day type="fri">শুক্ৰবাৰ</day>
							<day type="sat">শনিবাৰ</day>
						</dayWidth>
					</dayContext>
					<dayContext type="stand-alone">
						<dayWidth type="narrow">
							<day type="sun" draft="unconfirmed">1</day>
							<day type="mon" draft="unconfirmed">2</day>
							<day type="tue" draft="unconfirmed">3</day>
							<day type="wed" draft="unconfirmed">4</day>
							<day type="thu" draft="unconfirmed">5</day>
							<day type="fri" draft="unconfirmed">6</day>
							<day type="sat" draft="unconfirmed">7</day>
						</dayWidth>
					</dayContext>
				</days>
				<quarters>
					<quarterContext type="format">
						<quarterWidth type="abbreviated">
							<quarter type="1" draft="unconfirmed">Q1</quarter>
							<quarter type="2" draft="unconfirmed">Q2</quarter>
							<quarter type="3" draft="unconfirmed">Q3</quarter>
							<quarter type="4" draft="unconfirmed">Q4</quarter>
						</quarterWidth>
						<quarterWidth type="wide">
							<quarter type="1" draft="unconfirmed">Q1</quarter>
							<quarter type="2" draft="unconfirmed">Q2</quarter>
							<quarter type="3" draft="unconfirmed">Q3</quarter>
							<quarter type="4" draft="unconfirmed">Q4</quarter>
						</quarterWidth>
					</quarterContext>
				</quarters>
				<am>পূৰ্বা</am>
				<pm>অপ</pm>
				<eras>
					<eraAbbr>
						<era type="0" draft="unconfirmed">BCE</era>
						<era type="1" draft="unconfirmed">CE</era>
					</eraAbbr>
				</eras>
				<dateFormats>
					<dateFormatLength type="full">
						<dateFormat>
							<pattern draft="unconfirmed">EEEE, d MMMM, y</pattern>
						</dateFormat>
					</dateFormatLength>
					<dateFormatLength type="long">
						<dateFormat>
							<pattern draft="unconfirmed">d MMMM, y</pattern>
						</dateFormat>
					</dateFormatLength>
					<dateFormatLength type="medium">
						<dateFormat>
							<pattern draft="unconfirmed">dd-MM-yyyy</pattern>
						</dateFormat>
					</dateFormatLength>
					<dateFormatLength type="short">
						<dateFormat>
							<pattern draft="unconfirmed">d-M-yyyy</pattern>
						</dateFormat>
					</dateFormatLength>
				</dateFormats>
				<timeFormats>
					<timeFormatLength type="full">
						<timeFormat>
							<pattern draft="unconfirmed">h.mm.ss a zzzz</pattern>
						</timeFormat>
					</timeFormatLength>
					<timeFormatLength type="long">
						<timeFormat>
							<pattern draft="unconfirmed">h.mm.ss a z</pattern>
						</timeFormat>
					</timeFormatLength>
					<timeFormatLength type="medium">
						<timeFormat>
							<pattern draft="unconfirmed">h.mm.ss a</pattern>
						</timeFormat>
					</timeFormatLength>
					<timeFormatLength type="short">
						<timeFormat>
							<pattern draft="unconfirmed">h.mm. a</pattern>
						</timeFormat>
					</timeFormatLength>
				</timeFormats>
				<dateTimeFormats>
					<availableFormats>
						<dateFormatItem id="MMdd" draft="unconfirmed">dd-MM</dateFormatItem>
						<dateFormatItem id="MMMMd" draft="unconfirmed">d MMMM</dateFormatItem>
						<dateFormatItem id="yyQ" draft="unconfirmed">Q yy</dateFormatItem>
						<dateFormatItem id="yyyyMM" draft="unconfirmed">MM-yyyy</dateFormatItem>
						<dateFormatItem id="yyyyMMMM" draft="unconfirmed">MMMM, y</dateFormatItem>
					</availableFormats>
				</dateTimeFormats>
			</calendar>
		</calendars>
		<timeZoneNames>
			<hourFormat draft="unconfirmed">+HH:mm;-HH:mm</hourFormat>
			<gmtFormat draft="unconfirmed">GMT{0}</gmtFormat>
			<regionFormat draft="unconfirmed">{0}</regionFormat>
			<zone type="Asia/Calcutta">
				<exemplarCity>এলাহাৱাদ</exemplarCity>
			</zone>
			<metazone type="India">
				<long>
					<standard>ভাৰতীয় সময়</standard>
				</long>
				<short>
					<standard>ভা. স.</standard>
				</short>
				<commonlyUsed>true</commonlyUsed>
			</metazone>
		</timeZoneNames>
	</dates>
	<numbers>
		<decimalFormats>
			<decimalFormatLength>
				<decimalFormat>
					<pattern>#,##,##0.###</pattern>
				</decimalFormat>
			</decimalFormatLength>
		</decimalFormats>
		<percentFormats>
			<percentFormatLength>
				<percentFormat>
					<pattern>#,##,##0%</pattern>
				</percentFormat>
			</percentFormatLength>
		</percentFormats>
		<currencyFormats>
			<currencyFormatLength>
				<currencyFormat>
					<pattern>¤ #,##,##0.00</pattern>
				</currencyFormat>
			</currencyFormatLength>
		</currencyFormats>
		<currencies>
			<currency type="INR">
				<symbol references="R006">টকা</symbol>
			</currency>
		</currencies>
	</numbers>
	<references>
		<reference type="R006" uri="http://www.iitg.ernet.in/rcilts/newassamesedesign.pdf">Assamese Design Guide, IIT Guwahati</reference>
	</references>
</ldml>

