<?xml version="1.0" encoding="UTF-8" ?>
<!DOCTYPE ldml SYSTEM "../../common/dtd/ldml.dtd">
<ldml>
	<identity>
		<version number="$Revision: 1.31 $"/>
		<generation date="$Date: 2009/05/05 23:06:34 $"/>
		<language type="cch"/>
	</identity>
	<characters>
		<exemplarCharacters draft="unconfirmed">[a {a\u0331} b c {ch} d {dy} e-g {g\u0331} {gb} {gw} {gy} h {hy} i-k ḵ {kp} {kw} l {ly} m n ṉ {ny} o p {ph} {py} r {ry} s {sh} t-w {wh} y {y\u0331} z ʼ]</exemplarCharacters>
	</characters>
	<dates>
		<calendars>
			<calendar type="gregorian">
				<months>
					<monthContext type="format">
						<monthWidth type="abbreviated">
							<month type="1" draft="unconfirmed">Dyon</month>
							<month type="2" draft="unconfirmed">Baa</month>
							<month type="3" draft="unconfirmed">Atat</month>
							<month type="4" draft="unconfirmed">Anas</month>
							<month type="5" draft="unconfirmed">Atyo</month>
							<month type="6" draft="unconfirmed">Achi</month>
							<month type="7" draft="unconfirmed">Atar</month>
							<month type="8" draft="unconfirmed">Awur</month>
							<month type="9" draft="unconfirmed">Shad</month>
							<month type="10" draft="unconfirmed">Shak</month>
							<month type="11" draft="unconfirmed">Naba</month>
							<month type="12" draft="unconfirmed">Nata</month>
						</monthWidth>
						<monthWidth type="wide">
							<month type="1" draft="unconfirmed">Pen Dyon</month>
							<month type="2" draft="unconfirmed">Pen Ba'a</month>
							<month type="3" draft="unconfirmed">Pen Atat</month>
							<month type="4" draft="unconfirmed">Pen Anas</month>
							<month type="5" draft="unconfirmed">Pen Atyon</month>
							<month type="6" draft="unconfirmed">Pen Achirim</month>
							<month type="7" draft="unconfirmed">Pen Atariba</month>
							<month type="8" draft="unconfirmed">Pen Awurr</month>
							<month type="9" draft="unconfirmed">Pen Shadon</month>
							<month type="10" draft="unconfirmed">Pen Shakur</month>
							<month type="11" draft="unconfirmed">Pen Kur Naba</month>
							<month type="12" draft="unconfirmed">Pen Kur Natat</month>
						</monthWidth>
					</monthContext>
					<monthContext type="stand-alone">
						<monthWidth type="narrow">
							<month type="1" draft="unconfirmed">1</month>
							<month type="2" draft="unconfirmed">2</month>
							<month type="3" draft="unconfirmed">3</month>
							<month type="4" draft="unconfirmed">4</month>
							<month type="5" draft="unconfirmed">5</month>
							<month type="6" draft="unconfirmed">6</month>
							<month type="7" draft="unconfirmed">7</month>
							<month type="8" draft="unconfirmed">8</month>
							<month type="9" draft="unconfirmed">9</month>
							<month type="10" draft="unconfirmed">10</month>
							<month type="11" draft="unconfirmed">11</month>
							<month type="12" draft="unconfirmed">12</month>
						</monthWidth>
					</monthContext>
				</months>
				<days>
					<dayContext type="format">
						<dayWidth type="abbreviated">
							<day type="sun" draft="unconfirmed">Yok</day>
							<day type="mon" draft="unconfirmed">Tung</day>
							<day type="tue" draft="unconfirmed">T. Tung</day>
							<day type="wed" draft="unconfirmed">Tsan</day>
							<day type="thu" draft="unconfirmed">Nas</day>
							<day type="fri" draft="unconfirmed">Nat</day>
							<day type="sat" draft="unconfirmed">Chir</day>
						</dayWidth>
						<dayWidth type="wide">
							<day type="sun" draft="unconfirmed">Wai Yoka Bawai</day>
							<day type="mon" draft="unconfirmed">Wai Tunga</day>
							<day type="tue" draft="unconfirmed">Toki Gitung</day>
							<day type="wed" draft="unconfirmed">Tsam Kasuwa</day>
							<day type="thu" draft="unconfirmed">Wai Na Nas</day>
							<day type="fri" draft="unconfirmed">Wai Na Tiyon</day>
							<day type="sat" draft="unconfirmed">Wai Na Chirim</day>
						</dayWidth>
					</dayContext>
					<dayContext type="stand-alone">
						<dayWidth type="narrow">
							<day type="sun" draft="unconfirmed">1</day>
							<day type="mon" draft="unconfirmed">2</day>
							<day type="tue" draft="unconfirmed">3</day>
							<day type="wed" draft="unconfirmed">4</day>
							<day type="thu" draft="unconfirmed">5</day>
							<day type="fri" draft="unconfirmed">6</day>
							<day type="sat" draft="unconfirmed">7</day>
						</dayWidth>
					</dayContext>
				</days>
				<quarters>
					<quarterContext type="format">
						<quarterWidth type="abbreviated">
							<quarter type="1" draft="unconfirmed">Q1</quarter>
							<quarter type="2" draft="unconfirmed">Q2</quarter>
							<quarter type="3" draft="unconfirmed">Q3</quarter>
							<quarter type="4" draft="unconfirmed">Q4</quarter>
						</quarterWidth>
						<quarterWidth type="wide">
							<quarter type="1" draft="unconfirmed">Q1</quarter>
							<quarter type="2" draft="unconfirmed">Q2</quarter>
							<quarter type="3" draft="unconfirmed">Q3</quarter>
							<quarter type="4" draft="unconfirmed">Q4</quarter>
						</quarterWidth>
					</quarterContext>
				</quarters>
				<am draft="unconfirmed">AM</am>
				<pm draft="unconfirmed">PM</pm>
				<eras>
					<eraNames>
						<era type="0" draft="unconfirmed">Gabanin Miladi</era>
						<era type="1" draft="unconfirmed">Miladi</era>
					</eraNames>
					<eraAbbr>
						<era type="0" draft="unconfirmed">GM</era>
						<era type="1" draft="unconfirmed">M</era>
					</eraAbbr>
				</eras>
				<dateFormats>
					<dateFormatLength type="full">
						<dateFormat>
							<pattern draft="unconfirmed">EEEE, y MMMM dd</pattern>
						</dateFormat>
					</dateFormatLength>
					<dateFormatLength type="long">
						<dateFormat>
							<pattern draft="unconfirmed">y MMMM d</pattern>
						</dateFormat>
					</dateFormatLength>
					<dateFormatLength type="medium">
						<dateFormat>
							<pattern draft="unconfirmed">y MMM d</pattern>
						</dateFormat>
					</dateFormatLength>
					<dateFormatLength type="short">
						<dateFormat>
							<pattern draft="unconfirmed">yy/MM/dd</pattern>
						</dateFormat>
					</dateFormatLength>
				</dateFormats>
				<timeFormats>
					<timeFormatLength type="full">
						<timeFormat>
							<pattern draft="unconfirmed">HH:mm:ss zzzz</pattern>
						</timeFormat>
					</timeFormatLength>
					<timeFormatLength type="long">
						<timeFormat>
							<pattern draft="unconfirmed">HH:mm:ss z</pattern>
						</timeFormat>
					</timeFormatLength>
					<timeFormatLength type="medium">
						<timeFormat>
							<pattern draft="unconfirmed">HH:mm:ss</pattern>
						</timeFormat>
					</timeFormatLength>
					<timeFormatLength type="short">
						<timeFormat>
							<pattern draft="unconfirmed">HH:mm</pattern>
						</timeFormat>
					</timeFormatLength>
				</timeFormats>
				<dateTimeFormats>
					<availableFormats>
						<dateFormatItem id="yyQ" draft="unconfirmed">Q yy</dateFormatItem>
					</availableFormats>
				</dateTimeFormats>
			</calendar>
		</calendars>
		<timeZoneNames>
			<hourFormat draft="unconfirmed">+HH:mm;-HH:mm</hourFormat>
			<gmtFormat draft="unconfirmed">GMT{0}</gmtFormat>
			<regionFormat draft="unconfirmed">{0}</regionFormat>
		</timeZoneNames>
	</dates>
	<numbers>
		<currencies>
			<currency type="NGN">
				<displayName draft="unconfirmed">Aman</displayName>
			</currency>
		</currencies>
	</numbers>
</ldml>

