<?xml version="1.0" encoding="UTF-8" ?>
<!DOCTYPE ldml SYSTEM "../../common/dtd/ldml.dtd">
<ldml>
	<identity>
		<version number="$Revision: 1.62 $"/>
		<generation date="$Date: 2009/06/15 03:46:25 $"/>
		<language type="es"/>
		<territory type="EC"/>
	</identity>
	<dates>
		<calendars>
			<calendar type="gregorian">
				<timeFormats>
					<timeFormatLength type="long">
						<timeFormat>
							<pattern>H:mm:ss z</pattern>
						</timeFormat>
					</timeFormatLength>
					<timeFormatLength type="medium">
						<timeFormat>
							<pattern>H:mm:ss</pattern>
						</timeFormat>
					</timeFormatLength>
					<timeFormatLength type="short">
						<timeFormat>
							<pattern>H:mm</pattern>
						</timeFormat>
					</timeFormatLength>
				</timeFormats>
				<dateTimeFormats>
					<intervalFormats>
						<intervalFormatFallback draft="unconfirmed">{0} a el {1}</intervalFormatFallback>
						<intervalFormatItem id="d">
							<greatestDifference id="d" draft="unconfirmed">d-d</greatestDifference>
						</intervalFormatItem>
						<intervalFormatItem id="h">
							<greatestDifference id="h" draft="unconfirmed">H-H</greatestDifference>
						</intervalFormatItem>
						<intervalFormatItem id="hm">
							<greatestDifference id="h" draft="unconfirmed">H:mm-H:mm</greatestDifference>
							<greatestDifference id="m" draft="unconfirmed">H:mm-H:mm</greatestDifference>
						</intervalFormatItem>
						<intervalFormatItem id="hmv">
							<greatestDifference id="h" draft="unconfirmed">H:mm-H:mm v</greatestDifference>
							<greatestDifference id="m" draft="unconfirmed">H:mm-H:mm v</greatestDifference>
						</intervalFormatItem>
						<intervalFormatItem id="hv">
							<greatestDifference id="h" draft="unconfirmed">H-H v</greatestDifference>
						</intervalFormatItem>
						<intervalFormatItem id="M">
							<greatestDifference id="M" draft="unconfirmed">M-M</greatestDifference>
						</intervalFormatItem>
						<intervalFormatItem id="Md">
							<greatestDifference id="d" draft="unconfirmed">dd/MM - dd/MM</greatestDifference>
							<greatestDifference id="M" draft="unconfirmed">dd/MM - dd/MM</greatestDifference>
						</intervalFormatItem>
						<intervalFormatItem id="MEd">
							<greatestDifference id="d" draft="unconfirmed">E dd/MM - E dd/MM</greatestDifference>
							<greatestDifference id="M" draft="unconfirmed">E dd/MM - E dd/MM</greatestDifference>
						</intervalFormatItem>
						<intervalFormatItem id="MMM">
							<greatestDifference id="M" draft="unconfirmed">MMM-MMM</greatestDifference>
						</intervalFormatItem>
						<intervalFormatItem id="MMMd">
							<greatestDifference id="d" draft="unconfirmed">d-d 'de' MMM</greatestDifference>
							<greatestDifference id="M" draft="unconfirmed">d 'de' MMM 'al' d 'de' MMM</greatestDifference>
						</intervalFormatItem>
						<intervalFormatItem id="MMMEd">
							<greatestDifference id="d" draft="unconfirmed">E d 'al' E d 'de' MMM</greatestDifference>
							<greatestDifference id="M" draft="unconfirmed">E d 'de' MMM 'al' E d 'de' MMM</greatestDifference>
						</intervalFormatItem>
						<intervalFormatItem id="y">
							<greatestDifference id="y" draft="unconfirmed">y-y</greatestDifference>
						</intervalFormatItem>
						<intervalFormatItem id="yM">
							<greatestDifference id="M" draft="unconfirmed">MM/yy - MM/yy</greatestDifference>
							<greatestDifference id="y" draft="unconfirmed">MM/yy - MM/yy</greatestDifference>
						</intervalFormatItem>
						<intervalFormatItem id="yMd">
							<greatestDifference id="d" draft="unconfirmed">dd/MM/yy - dd/MM/yy</greatestDifference>
							<greatestDifference id="M" draft="unconfirmed">dd/MM/yy - dd/MM/yy</greatestDifference>
							<greatestDifference id="y" draft="unconfirmed">dd/MM/yy - dd/MM/yy</greatestDifference>
						</intervalFormatItem>
						<intervalFormatItem id="yMEd">
							<greatestDifference id="d" draft="unconfirmed">E dd/MM/yy - E dd/MM/yy</greatestDifference>
							<greatestDifference id="M" draft="unconfirmed">E dd/MM/yy - E dd/MM/yy</greatestDifference>
							<greatestDifference id="y" draft="unconfirmed">E dd/MM/yy - E dd/MM/yy</greatestDifference>
						</intervalFormatItem>
						<intervalFormatItem id="yMMM">
							<greatestDifference id="M" draft="unconfirmed">MMM-MMM 'de' y</greatestDifference>
							<greatestDifference id="y" draft="unconfirmed">MMM 'de' y 'a' MMM 'de' y</greatestDifference>
						</intervalFormatItem>
						<intervalFormatItem id="yMMMd">
							<greatestDifference id="d" draft="unconfirmed">d-d 'de' MMM 'de' y</greatestDifference>
							<greatestDifference id="M" draft="unconfirmed">d 'de' MMM 'al' d 'de' MMM 'de' y</greatestDifference>
							<greatestDifference id="y" draft="unconfirmed">d 'de' MMM 'de' y 'al' d 'de' MMM 'de' y</greatestDifference>
						</intervalFormatItem>
						<intervalFormatItem id="yMMMEd">
							<greatestDifference id="d" draft="unconfirmed">E d 'al' E d 'de' MMM 'de' y</greatestDifference>
							<greatestDifference id="M" draft="unconfirmed">E d 'de' MMM 'al' E d 'de' MMM 'de' y</greatestDifference>
							<greatestDifference id="y" draft="unconfirmed">E d 'de' MMM 'de' y 'al' E d 'de' MMM 'de' y</greatestDifference>
						</intervalFormatItem>
					</intervalFormats>
				</dateTimeFormats>
			</calendar>
		</calendars>
	</dates>
	<numbers>
		<currencyFormats>
			<currencyFormatLength>
				<currencyFormat>
					<pattern>¤#,##0.00;¤-#,##0.00</pattern>
				</currencyFormat>
			</currencyFormatLength>
		</currencyFormats>
		<currencies>
			<currency type="USD">
				<symbol>$</symbol>
			</currency>
		</currencies>
	</numbers>
</ldml>

