<?xml version="1.0" encoding="UTF-8" ?>
<!DOCTYPE ldml SYSTEM "../../common/dtd/ldml.dtd">
<ldml>
	<identity>
		<version number="$Revision: 1.60 $"/>
		<generation date="$Date: 2009/06/15 03:46:25 $"/>
		<language type="es"/>
		<territory type="PA"/>
	</identity>
	<dates>
		<calendars>
			<calendar type="gregorian">
				<dateFormats>
					<dateFormatLength type="medium">
						<dateFormat>
							<pattern>MM/dd/yyyy</pattern>
						</dateFormat>
					</dateFormatLength>
					<dateFormatLength type="short">
						<dateFormat>
							<pattern>MM/dd/yy</pattern>
						</dateFormat>
					</dateFormatLength>
				</dateFormats>
				<dateTimeFormats>
					<intervalFormats>
						<intervalFormatFallback draft="unconfirmed">{0} a el {1}</intervalFormatFallback>
						<intervalFormatItem id="d">
							<greatestDifference id="d" draft="unconfirmed">d-d</greatestDifference>
						</intervalFormatItem>
						<intervalFormatItem id="h">
							<greatestDifference id="h" draft="unconfirmed">HH-HH</greatestDifference>
						</intervalFormatItem>
						<intervalFormatItem id="hm">
							<greatestDifference id="h" draft="unconfirmed">HH:mm-HH:mm</greatestDifference>
							<greatestDifference id="m" draft="unconfirmed">HH:mm-HH:mm</greatestDifference>
						</intervalFormatItem>
						<intervalFormatItem id="hmv">
							<greatestDifference id="h" draft="unconfirmed">HH:mm-HH:mm v</greatestDifference>
							<greatestDifference id="m" draft="unconfirmed">HH:mm-HH:mm v</greatestDifference>
						</intervalFormatItem>
						<intervalFormatItem id="hv">
							<greatestDifference id="h" draft="unconfirmed">HH-HH v</greatestDifference>
						</intervalFormatItem>
						<intervalFormatItem id="M">
							<greatestDifference id="M" draft="unconfirmed">M-M</greatestDifference>
						</intervalFormatItem>
						<intervalFormatItem id="Md">
							<greatestDifference id="d" draft="unconfirmed">MM/dd - MM/dd</greatestDifference>
							<greatestDifference id="M" draft="unconfirmed">MM/dd - MM/dd</greatestDifference>
						</intervalFormatItem>
						<intervalFormatItem id="MEd">
							<greatestDifference id="d" draft="unconfirmed">E MM/dd - E MM/dd</greatestDifference>
							<greatestDifference id="M" draft="unconfirmed">E MM/dd - E MM/dd</greatestDifference>
						</intervalFormatItem>
						<intervalFormatItem id="MMM">
							<greatestDifference id="M" draft="unconfirmed">MMM-MMM</greatestDifference>
						</intervalFormatItem>
						<intervalFormatItem id="MMMd">
							<greatestDifference id="d" draft="unconfirmed">d-d 'de' MMM</greatestDifference>
							<greatestDifference id="M" draft="unconfirmed">d 'de' MMM 'al' d 'de' MMM</greatestDifference>
						</intervalFormatItem>
						<intervalFormatItem id="MMMEd">
							<greatestDifference id="d" draft="unconfirmed">E d 'al' E d 'de' MMM</greatestDifference>
							<greatestDifference id="M" draft="unconfirmed">E d 'de' MMM 'al' E d 'de' MMM</greatestDifference>
						</intervalFormatItem>
						<intervalFormatItem id="y">
							<greatestDifference id="y" draft="unconfirmed">y-y</greatestDifference>
						</intervalFormatItem>
						<intervalFormatItem id="yM">
							<greatestDifference id="M" draft="unconfirmed">MM/yy - MM/yy</greatestDifference>
							<greatestDifference id="y" draft="unconfirmed">MM/yy - MM/yy</greatestDifference>
						</intervalFormatItem>
						<intervalFormatItem id="yMd">
							<greatestDifference id="d" draft="unconfirmed">MM/dd/yy - MM/dd/yy</greatestDifference>
							<greatestDifference id="M" draft="unconfirmed">MM/dd/yy - MM/dd/yy</greatestDifference>
							<greatestDifference id="y" draft="unconfirmed">MM/dd/yy - MM/dd/yy</greatestDifference>
						</intervalFormatItem>
						<intervalFormatItem id="yMEd">
							<greatestDifference id="d" draft="unconfirmed">E MM/dd/yy - E MM/dd/yy</greatestDifference>
							<greatestDifference id="M" draft="unconfirmed">E MM/dd/yy - E MM/dd/yy</greatestDifference>
							<greatestDifference id="y" draft="unconfirmed">E MM/dd/yy - E MM/dd/yy</greatestDifference>
						</intervalFormatItem>
						<intervalFormatItem id="yMMM">
							<greatestDifference id="M" draft="unconfirmed">MMM-MMM 'de' y</greatestDifference>
							<greatestDifference id="y" draft="unconfirmed">MMM 'de' y 'a' MMM 'de' y</greatestDifference>
						</intervalFormatItem>
						<intervalFormatItem id="yMMMd">
							<greatestDifference id="d" draft="unconfirmed">d-d 'de' MMM 'de' y</greatestDifference>
							<greatestDifference id="M" draft="unconfirmed">d 'de' MMM 'al' d 'de' MMM 'de' y</greatestDifference>
							<greatestDifference id="y" draft="unconfirmed">d 'de' MMM 'de' y 'al' d 'de' MMM 'de' y</greatestDifference>
						</intervalFormatItem>
						<intervalFormatItem id="yMMMEd">
							<greatestDifference id="d" draft="unconfirmed">E d 'al' E d 'de' MMM 'de' y</greatestDifference>
							<greatestDifference id="M" draft="unconfirmed">E d 'de' MMM 'al' E d 'de' MMM 'de' y</greatestDifference>
							<greatestDifference id="y" draft="unconfirmed">E d 'de' MMM 'de' y 'al' E d 'de' MMM 'de' y</greatestDifference>
						</intervalFormatItem>
					</intervalFormats>
				</dateTimeFormats>
			</calendar>
		</calendars>
	</dates>
	<numbers>
		<symbols>
			<decimal>.</decimal>
			<group>,</group>
		</symbols>
	</numbers>
</ldml>

