<?xml version="1.0" encoding="UTF-8" ?>
<!DOCTYPE ldml SYSTEM "../../common/dtd/ldml.dtd">
<ldml>
	<identity>
		<version number="$Revision: 1.78 $"/>
		<generation date="$Date: 2009/06/15 03:46:25 $"/>
		<language type="eu"/>
	</identity>
	<localeDisplayNames>
		<localeDisplayPattern>
			<localePattern>{0} ({1})</localePattern>
			<localeSeparator>, </localeSeparator>
		</localeDisplayPattern>
		<languages>
			<language type="af">afrikaans</language>
			<language type="am">amharikera</language>
			<language type="ar">arabiera</language>
			<language type="as">assamera</language>
			<language type="az">azerbaijanera</language>
			<language type="be">bielorrusiera</language>
			<language type="bg">bulgariera</language>
			<language type="bh">bihariera</language>
			<language type="bn">bengalera</language>
			<language type="br">bretoiera</language>
			<language type="bs">bosniera</language>
			<language type="ca">katalana</language>
			<language type="cs">txekiera</language>
			<language type="cy">galesera</language>
			<language type="da">daniera</language>
			<language type="de">alemanera</language>
			<language type="el">greziera</language>
			<language type="en">ingelera</language>
			<language type="en_AU">ingelesa (Australia)</language>
			<language type="en_GB">ingelesa (Erresuma Batua)</language>
			<language type="en_US">ingelesa (AEB)</language>
			<language type="eo">esperantoa</language>
			<language type="es">espainiera</language>
			<language type="et">estoniera</language>
			<language type="eu">euskara</language>
			<language type="fa">pertsiera</language>
			<language type="fi">finlandiera</language>
			<language type="fil">tagalo</language>
			<language type="fo">faroera</language>
			<language type="fr">frantsesera</language>
			<language type="fy">frisiarra</language>
			<language type="ga">gaelikoa</language>
			<language type="gd">eskoziar gaelikoa</language>
			<language type="gl">galegoa</language>
			<language type="gn">guaraniera</language>
			<language type="gu">gujaratera</language>
			<language type="he">hebreera</language>
			<language type="hi">hindia</language>
			<language type="hr">kroaziera</language>
			<language type="hu">hungariera</language>
			<language type="hy">armeniera</language>
			<language type="ia">interlingua</language>
			<language type="id">indonesiera</language>
			<language type="ie">interlingue</language>
			<language type="is">islandiera</language>
			<language type="it">italiera</language>
			<language type="ja">japoniera</language>
			<language type="jv">javera</language>
			<language type="ka">georgiera</language>
			<language type="km">khemerera</language>
			<language type="kn">kannada</language>
			<language type="ko">koreera</language>
			<language type="ku">kurduera</language>
			<language type="ky">kirgizera</language>
			<language type="la">latina</language>
			<language type="ln">lingala</language>
			<language type="lo">laosera</language>
			<language type="lt">lituaniera</language>
			<language type="lv">letoniera</language>
			<language type="mk">mazedoniera</language>
			<language type="ml">malayalamera</language>
			<language type="mn">mongoliera</language>
			<language type="mr">marathera</language>
			<language type="ms">malaysiera</language>
			<language type="mt">maltera</language>
			<language type="ne">nepalera</language>
			<language type="nl">nederlandera</language>
			<language type="nn">norvegiera berria</language>
			<language type="no">norvegiera</language>
			<language type="oc">okzitaniera</language>
			<language type="or">oriya</language>
			<language type="pa">punjabera</language>
			<language type="pl">poloniera</language>
			<language type="ps">paxtuera</language>
			<language type="pt">portugalera</language>
			<language type="pt_BR">portugesa (Brasil)</language>
			<language type="pt_PT">portugesa (Potugal)</language>
			<language type="ro">errumaniera</language>
			<language type="ru">errusiera</language>
			<language type="sa">sanskritoa</language>
			<language type="sd">sindhia</language>
			<language type="sh">serbokroaziera</language>
			<language type="si">sinhala</language>
			<language type="sk">eslovakiera</language>
			<language type="sl">esloveniera</language>
			<language type="so">somaliera</language>
			<language type="sq">albaniera</language>
			<language type="sr">serbiera</language>
			<language type="st">sesothoera</language>
			<language type="su">sundanera</language>
			<language type="sv">suediera</language>
			<language type="sw">swahili</language>
			<language type="ta">tamilera</language>
			<language type="te">telugua</language>
			<language type="th">thailandiera</language>
			<language type="ti">tigrinya</language>
			<language type="tk">turkmeniera</language>
			<language type="tl">tagalog</language>
			<language type="tlh">klingonera</language>
			<language type="tr">turkiera</language>
			<language type="tw">twia</language>
			<language type="ug">uigurrera</language>
			<language type="uk">ukrainera</language>
			<language type="ur">urdu</language>
			<language type="uz">uzbekera</language>
			<language type="vi">vietnamera</language>
			<language type="xh">xhosa</language>
			<language type="yi">yiddishera</language>
			<language type="zh">txinera</language>
			<language type="zh_Hans">txinera (soildua)</language>
			<language type="zh_Hant">txinera (tradizionala)</language>
			<language type="zu">zuluera</language>
		</languages>
		<scripts>
			<script type="Arab">Arab</script>
			<script type="Armi">Armi</script>
			<script type="Armn">Armn</script>
			<script type="Avst">Avst</script>
			<script type="Bali">Bali</script>
			<script type="Batk">Batk</script>
			<script type="Beng">Beng</script>
			<script type="Blis">Blis</script>
			<script type="Bopo">Bopo</script>
			<script type="Brah">Brah</script>
			<script type="Brai">Brai</script>
			<script type="Bugi">Bugi</script>
			<script type="Buhd">Buhd</script>
			<script type="Cakm">Cakm</script>
			<script type="Cari">Cari</script>
			<script type="Cham">Cham</script>
			<script type="Cher">Txer</script>
			<script type="Cirt">Cirt</script>
			<script type="Copt">Copt</script>
			<script type="Cprt">Cprt</script>
			<script type="Cyrl">Cyrl</script>
			<script type="Deva">Deva</script>
			<script type="Dsrt">Dsrt</script>
			<script type="Egyd">Egyd</script>
			<script type="Egyh">Egyh</script>
			<script type="Egyp">Egyp</script>
			<script type="Ethi">Etiop</script>
			<script type="Geok">Geok</script>
			<script type="Geor">Geor</script>
			<script type="Glag">Glag</script>
			<script type="Goth">Goth</script>
			<script type="Grek">Grez</script>
			<script type="Gujr">Gujr</script>
			<script type="Guru">Guru</script>
			<script type="Hang">Hang</script>
			<script type="Hani">Hani</script>
			<script type="Hano">Hano</script>
			<script type="Hebr">Hebr</script>
			<script type="Hira">Hira</script>
			<script type="Hrkt">Hrkt</script>
			<script type="Inds">Inds</script>
			<script type="Java">Java</script>
			<script type="Jpan">Jpon</script>
			<script type="Kali">Kali</script>
			<script type="Kana">Kana</script>
			<script type="Khar">Khar</script>
			<script type="Khmr">Khmr</script>
			<script type="Knda">Knda</script>
			<script type="Kore">Kore</script>
			<script type="Kthi">Kthi</script>
			<script type="Lana">Lana</script>
			<script type="Laoo">Laoo</script>
			<script type="Latf">Latf</script>
			<script type="Latg">Latg</script>
			<script type="Latn">Latn</script>
			<script type="Lepc">Lepc</script>
			<script type="Limb">Limb</script>
			<script type="Lina">Lina</script>
			<script type="Linb">Linb</script>
			<script type="Lyci">Lyci</script>
			<script type="Lydi">Lydi</script>
			<script type="Mand">Mand</script>
			<script type="Mani">Mani</script>
			<script type="Maya">Maia</script>
			<script type="Mero">Mero</script>
			<script type="Mlym">Mlym</script>
			<script type="Mong">Mong</script>
			<script type="Moon">Moon</script>
			<script type="Mtei">Mtei</script>
			<script type="Mymr">Mymr</script>
			<script type="Nkoo">Nkoo</script>
			<script type="Phli">Phli</script>
			<script type="Phlv">Phlv</script>
			<script type="Prti">Prti</script>
			<script type="Qaai">Qaai</script>
			<script type="Syre">Syre</script>
			<script type="Syrn">Syrn</script>
			<script type="Talu">Talu</script>
			<script type="Zmth">Zmth</script>
			<script type="Zyyy">Zyyy</script>
		</scripts>
		<territories>
			<territory type="AE">Arabiar Emirrerri Batuak</territory>
			<territory type="AF">Afganistan</territory>
			<territory type="AG">Antigua eta Barbuda</territory>
			<territory type="AL">Albania</territory>
			<territory type="AM">Armenia</territory>
			<territory type="AN">Holandarren Antillak</territory>
			<territory type="AO">Angola</territory>
			<territory type="AQ">Antartika</territory>
			<territory type="AR">Argentina</territory>
			<territory type="AS">Amerikar Samoa</territory>
			<territory type="AT">Austria</territory>
			<territory type="AU">Australia</territory>
			<territory type="AX">Aland Uharteak</territory>
			<territory type="AZ">Azerbaijan</territory>
			<territory type="BA">Bosnia-Herzegovina</territory>
			<territory type="BD">Bangladesh</territory>
			<territory type="BE">Belgika</territory>
			<territory type="BF">Burkina Faso</territory>
			<territory type="BG">Bulgaria</territory>
			<territory type="BI">Burundi</territory>
			<territory type="BJ">Benin</territory>
			<territory type="BO">Bolibia</territory>
			<territory type="BR">Brasil</territory>
			<territory type="BS">Bahamak</territory>
			<territory type="BT">Bhutan</territory>
			<territory type="BV">Bouvet Uhartea</territory>
			<territory type="BW">Botswana</territory>
			<territory type="BY">Bielorrusia</territory>
			<territory type="CA">Kanada</territory>
			<territory type="CC">Cocos uharteak</territory>
			<territory type="CD">Kongoko Errepublika Demokratikoa</territory>
			<territory type="CF">Afrika Erdiko Errepublika</territory>
			<territory type="CG">Kongo</territory>
			<territory type="CH">Suitza</territory>
			<territory type="CI">Boli Kosta</territory>
			<territory type="CK">Cook uharteak</territory>
			<territory type="CL">Txile</territory>
			<territory type="CM">Kamerun</territory>
			<territory type="CN">Txina</territory>
			<territory type="CO">Kolonbia</territory>
			<territory type="CS">Serbia eta Montenegro</territory>
			<territory type="CU">Kuba</territory>
			<territory type="CV">Cabo Verde</territory>
			<territory type="CX">Christmas uhartea</territory>
			<territory type="CY">Zipre</territory>
			<territory type="CZ">Txekiar errepublika</territory>
			<territory type="DE">Alemania</territory>
			<territory type="DJ">Djibuti</territory>
			<territory type="DK">Danimarka</territory>
			<territory type="DM">Dominika</territory>
			<territory type="DO">Dominikar Errepublika</territory>
			<territory type="DZ">Aljeria</territory>
			<territory type="EC">Ekuador</territory>
			<territory type="EE">Estonia</territory>
			<territory type="EG">Egipto</territory>
			<territory type="EH">Mendebaldeko Sahara</territory>
			<territory type="ER">Eritrea</territory>
			<territory type="ES">Espainia</territory>
			<territory type="ET">Etiopia</territory>
			<territory type="FI">Finlandia</territory>
			<territory type="FK">Malvinak</territory>
			<territory type="FM">Mikronesia</territory>
			<territory type="FO">Faroe Uharteak</territory>
			<territory type="FR">Frantzia</territory>
			<territory type="GA">Gabon</territory>
			<territory type="GB" draft="unconfirmed">Erresuma Batua</territory>
			<territory type="GE">Georgia</territory>
			<territory type="GF">Guyana Frantsesa</territory>
			<territory type="GG">Guernsey</territory>
			<territory type="GH">Ghana</territory>
			<territory type="GL">Groenlandia</territory>
			<territory type="GM">Gambia</territory>
			<territory type="GN">Ginea</territory>
			<territory type="GQ">Ekuatore Ginea</territory>
			<territory type="GR">Grezia</territory>
			<territory type="GS" draft="unconfirmed">Hegoaldeko Georgia eta Hegoaldeko Sandwich uharteak</territory>
			<territory type="GW">Ginea-Bissau</territory>
			<territory type="HM">Heard eta McDonald Uharteak</territory>
			<territory type="HN">Honduras</territory>
			<territory type="HR">Kroazia</territory>
			<territory type="HT">Haiti</territory>
			<territory type="HU">Hungaria</territory>
			<territory type="ID">Indonesia</territory>
			<territory type="IE">Irlanda</territory>
			<territory type="IL">Israel</territory>
			<territory type="IM">Man uhartea</territory>
			<territory type="IN">India</territory>
			<territory type="IO">Indiako Ozeanoko Britainiar Lurraldea</territory>
			<territory type="IQ">Irak</territory>
			<territory type="IR">Iran</territory>
			<territory type="IS">Islandia</territory>
			<territory type="IT">Italia</territory>
			<territory type="JE">Jersey</territory>
			<territory type="JM">Jamaika</territory>
			<territory type="JO">Jordania</territory>
			<territory type="JP">Japonia</territory>
			<territory type="KE">Kenia</territory>
			<territory type="KG">Kirgizistan</territory>
			<territory type="KH">Kanbodia</territory>
			<territory type="KI">Kiribati</territory>
			<territory type="KM">Komoreak</territory>
			<territory type="KN">Saint Kitts eta Nevis</territory>
			<territory type="KP">Ipar Korea</territory>
			<territory type="KR">Hego Korea</territory>
			<territory type="KY">Kaiman Uharteak</territory>
			<territory type="KZ">Kazakhstan</territory>
			<territory type="LA">Laos</territory>
			<territory type="LB">Libano</territory>
			<territory type="LC">Santa Luzia</territory>
			<territory type="LI">Liechtenstein</territory>
			<territory type="LK" draft="unconfirmed">Sri Lanka</territory>
			<territory type="LR">Liberia</territory>
			<territory type="LS">Lesotho</territory>
			<territory type="LT">Lituania</territory>
			<territory type="LU">Luxenburgo</territory>
			<territory type="LV">Letonia</territory>
			<territory type="LY">Libia</territory>
			<territory type="MA">Maroko</territory>
			<territory type="MC">Monako</territory>
			<territory type="MD">Moldavia</territory>
			<territory type="ME">Montenegro</territory>
			<territory type="MG">Madagaskar</territory>
			<territory type="MH">Marshall uharteak</territory>
			<territory type="MK">Mazedonia</territory>
			<territory type="ML">Mali</territory>
			<territory type="MM">Birmania</territory>
			<territory type="MN">Mongolia</territory>
			<territory type="MO">Makau</territory>
			<territory type="MP">Iparraldeko Mariana uharteak</territory>
			<territory type="MR">Mauritania</territory>
			<territory type="MU">Maurizio</territory>
			<territory type="MV">Maldivak</territory>
			<territory type="MW">Malawi</territory>
			<territory type="MX">Mexiko</territory>
			<territory type="MY">Malasia</territory>
			<territory type="MZ">Mozambike</territory>
			<territory type="NA">Namibia</territory>
			<territory type="NC">Kaledonia Berria</territory>
			<territory type="NE">Niger</territory>
			<territory type="NF">Norfolk uhartea</territory>
			<territory type="NG">Nigeria</territory>
			<territory type="NI">Nikaragua</territory>
			<territory type="NL">Herbehereak</territory>
			<territory type="NO">Norvegia</territory>
			<territory type="NP">Nepal</territory>
			<territory type="NZ">Zeelanda Berria</territory>
			<territory type="OM">Oman</territory>
			<territory type="PE">Peru</territory>
			<territory type="PF">Polinesia Frantsesa</territory>
			<territory type="PG">Papua Ginea Berria</territory>
			<territory type="PH">Filipinak</territory>
			<territory type="PK">Pakistan</territory>
			<territory type="PL">Polonia</territory>
			<territory type="PM">Saint-Pierre eta Mikelune</territory>
			<territory type="PS">Palestina</territory>
			<territory type="PT">Portugal</territory>
			<territory type="PY">Paraguai</territory>
			<territory type="QA">Katar</territory>
			<territory type="RO">Errumania</territory>
			<territory type="RS">Serbia</territory>
			<territory type="RU">Errusia</territory>
			<territory type="RW">Ruanda</territory>
			<territory type="SA">Saudi Arabia</territory>
			<territory type="SB">Salomon uharteak</territory>
			<territory type="SC">Seychelleak</territory>
			<territory type="SD" draft="unconfirmed">Sudan</territory>
			<territory type="SE">Suedia</territory>
			<territory type="SG">Singapur</territory>
			<territory type="SH">Saint Helena</territory>
			<territory type="SI">Eslovenia</territory>
			<territory type="SJ" draft="unconfirmed">Svalbard eta Jan Mayen uharteak</territory>
			<territory type="SK">Eslovakia</territory>
			<territory type="SL">Sierra Leona</territory>
			<territory type="SM">San Marino</territory>
			<territory type="SN">Senegal</territory>
			<territory type="SO" draft="unconfirmed">Somalia</territory>
			<territory type="SR">Surinam</territory>
			<territory type="ST">Sao Tomé eta Principe</territory>
			<territory type="SY">Siria</territory>
			<territory type="SZ">Swazilandia</territory>
			<territory type="TC" draft="unconfirmed">Turk eta Caico uharteak</territory>
			<territory type="TD">Txad</territory>
			<territory type="TF">Frantziaren Lurralde Australak</territory>
			<territory type="TG" draft="unconfirmed">Togo</territory>
			<territory type="TH">Tailandia</territory>
			<territory type="TJ">Tadjikistan</territory>
			<territory type="TK" draft="unconfirmed">Tokelau</territory>
			<territory type="TL">Ekialdeko Timor</territory>
			<territory type="TM" draft="unconfirmed">Turkmenistan</territory>
			<territory type="TN" draft="unconfirmed">Tunisia</territory>
			<territory type="TO" draft="unconfirmed">Tonga</territory>
			<territory type="TR">Turkia</territory>
			<territory type="TT">Trinidad eta Tobago</territory>
			<territory type="TV" draft="unconfirmed">Tuvalu</territory>
			<territory type="TW" draft="unconfirmed">Taiwan</territory>
			<territory type="TZ" draft="unconfirmed">Tanzania</territory>
			<territory type="UA">Ukraina</territory>
			<territory type="UG" draft="unconfirmed">Uganda</territory>
			<territory type="UM" draft="unconfirmed">Estatu Batuetatik urruti dauden uharte txikiak</territory>
			<territory type="US">Ameriketako Estatu Batuak</territory>
			<territory type="UY">Uruguai</territory>
			<territory type="UZ" draft="unconfirmed">Uzbekistan</territory>
			<territory type="VA">Vatikano</territory>
			<territory type="VC">Saint Vincent eta Grenadinak</territory>
			<territory type="VE" draft="unconfirmed">Venezuela</territory>
			<territory type="VG">Birjina uharte britainiarrak</territory>
			<territory type="VI">Birjina uharte amerikarrak</territory>
			<territory type="VN" draft="unconfirmed">Vietnam</territory>
			<territory type="VU" draft="unconfirmed">Vanuatu</territory>
			<territory type="WF" draft="unconfirmed">Wallis eta Futuna</territory>
			<territory type="WS">Samoa</territory>
			<territory type="YE" draft="unconfirmed">Yemen</territory>
			<territory type="ZA">Hegoafrika</territory>
			<territory type="ZM" draft="unconfirmed">Zambia</territory>
			<territory type="ZW" draft="unconfirmed">Zimbabwe</territory>
		</territories>
		<variants>
			<variant type="POLYTON">POLITON</variant>
			<variant type="REVISED">BERRIKUSIA</variant>
			<variant type="SAAHO">SAHO</variant>
			<variant type="SCOTLAND">ESKOZIAR INGELESA</variant>
			<variant type="VALENCIA">VALENTZIERA</variant>
		</variants>
		<keys>
			<key type="calendar">egutegia</key>
			<key type="collation">alfabetoa</key>
			<key type="currency">moneta</key>
		</keys>
		<types>
			<type type="big5han" key="collation">Txinera tradizionalaren alfabetoa-Big5</type>
			<type type="buddhist" key="calendar">egutegi budista</type>
			<type type="chinese" key="calendar">txinatar egutegia</type>
			<type type="direct" key="collation">Zuzena</type>
			<type type="gb2312han" key="collation">Txinera sinplifikatuaren alfabetoa -GB2312</type>
			<type type="gregorian" key="calendar">egutegi gregoriarra</type>
			<type type="hebrew" key="calendar">hebrear egutegia</type>
			<type type="indian" key="calendar">indiar egutegia</type>
			<type type="islamic" key="calendar">islamiar egutegia</type>
			<type type="islamic-civil" key="calendar">islamiar egutegi zibila</type>
			<type type="japanese" key="calendar">japoniar egutegia</type>
			<type type="phonebook" key="collation">Telefonoen zerrenda</type>
			<type type="roc" key="calendar">Txinako Errepublikako egutegia</type>
			<type type="traditional" key="collation">Tradizionala</type>
		</types>
		<measurementSystemNames>
			<measurementSystemName type="metric">Metriko</measurementSystemName>
			<measurementSystemName type="US">US</measurementSystemName>
		</measurementSystemNames>
		<codePatterns>
			<codePattern type="language">{0}</codePattern>
			<codePattern type="script">{0}</codePattern>
			<codePattern type="territory">{0}</codePattern>
		</codePatterns>
	</localeDisplayNames>
	<characters>
		<exemplarCharacters>[a-c ç d-n ñ o-z]</exemplarCharacters>
		<exemplarCharacters type="auxiliary">[]</exemplarCharacters>
		<exemplarCharacters type="currencySymbol">[a-z]</exemplarCharacters>
	</characters>
	<delimiters>
		<quotationStart>“</quotationStart>
		<quotationEnd>”</quotationEnd>
		<alternateQuotationStart>‘</alternateQuotationStart>
		<alternateQuotationEnd>’</alternateQuotationEnd>
	</delimiters>
	<dates>
		<calendars>
			<calendar type="buddhist">
				<eras>
					<eraAbbr>
						<era type="0">BG</era>
					</eraAbbr>
				</eras>
			</calendar>
			<calendar type="gregorian">
				<months>
					<monthContext type="format">
						<monthWidth type="abbreviated">
							<month type="1">urt</month>
							<month type="2">ots</month>
							<month type="3">mar</month>
							<month type="4">api</month>
							<month type="5">mai</month>
							<month type="6">eka</month>
							<month type="7">uzt</month>
							<month type="8">abu</month>
							<month type="9">ira</month>
							<month type="10">urr</month>
							<month type="11">aza</month>
							<month type="12">abe</month>
						</monthWidth>
						<monthWidth type="wide">
							<month type="1">urtarrila</month>
							<month type="2">otsaila</month>
							<month type="3">martxoa</month>
							<month type="4">apirila</month>
							<month type="5">maiatza</month>
							<month type="6">ekaina</month>
							<month type="7">uztaila</month>
							<month type="8">abuztua</month>
							<month type="9">iraila</month>
							<month type="10">urria</month>
							<month type="11">azaroa</month>
							<month type="12">abendua</month>
						</monthWidth>
					</monthContext>
					<monthContext type="stand-alone">
						<monthWidth type="narrow">
							<month type="1">U</month>
							<month type="2">O</month>
							<month type="3">M</month>
							<month type="4">A</month>
							<month type="5">M</month>
							<month type="6">E</month>
							<month type="7">U</month>
							<month type="8">A</month>
							<month type="9">I</month>
							<month type="10">U</month>
							<month type="11">A</month>
							<month type="12">A</month>
						</monthWidth>
					</monthContext>
				</months>
				<days>
					<dayContext type="format">
						<dayWidth type="abbreviated">
							<day type="sun">ig</day>
							<day type="mon">al</day>
							<day type="tue">as</day>
							<day type="wed">az</day>
							<day type="thu">og</day>
							<day type="fri">or</day>
							<day type="sat">lr</day>
						</dayWidth>
						<dayWidth type="wide">
							<day type="sun">igandea</day>
							<day type="mon">astelehena</day>
							<day type="tue">asteartea</day>
							<day type="wed">asteazkena</day>
							<day type="thu">osteguna</day>
							<day type="fri">ostirala</day>
							<day type="sat">larunbata</day>
						</dayWidth>
					</dayContext>
					<dayContext type="stand-alone">
						<dayWidth type="narrow">
							<day type="sun">1</day>
							<day type="mon">2</day>
							<day type="tue">3</day>
							<day type="wed">4</day>
							<day type="thu">5</day>
							<day type="fri">6</day>
							<day type="sat">7</day>
						</dayWidth>
					</dayContext>
				</days>
				<quarters>
					<quarterContext type="format">
						<quarterWidth type="abbreviated">
							<quarter type="1">1Hh</quarter>
							<quarter type="2">2Hh</quarter>
							<quarter type="3">3Hh</quarter>
							<quarter type="4">4Hh</quarter>
						</quarterWidth>
						<quarterWidth type="wide">
							<quarter type="1">1. hiruhilekoa</quarter>
							<quarter type="2">2. hiruhilekoa</quarter>
							<quarter type="3">3. hiruhilekoa</quarter>
							<quarter type="4">4. hiruhilekoa</quarter>
						</quarterWidth>
					</quarterContext>
				</quarters>
				<am>AM</am>
				<pm>PM</pm>
				<eras>
					<eraAbbr>
						<era type="0">BCE</era>
						<era type="1">CE</era>
					</eraAbbr>
				</eras>
				<dateFormats>
					<dateFormatLength type="full">
						<dateFormat>
							<pattern>EEEE, y'eko' MMMM'ren' dd'a'</pattern>
						</dateFormat>
					</dateFormatLength>
					<dateFormatLength type="long">
						<dateFormat>
							<pattern>y'eko' MMM'ren' dd'a'</pattern>
						</dateFormat>
					</dateFormatLength>
					<dateFormatLength type="medium">
						<dateFormat>
							<pattern>y MMM d</pattern>
						</dateFormat>
					</dateFormatLength>
					<dateFormatLength type="short">
						<dateFormat>
							<pattern>yyyy-MM-dd</pattern>
						</dateFormat>
					</dateFormatLength>
				</dateFormats>
				<timeFormats>
					<timeFormatLength type="full">
						<timeFormat>
							<pattern>HH:mm:ss zzzz</pattern>
						</timeFormat>
					</timeFormatLength>
					<timeFormatLength type="long">
						<timeFormat>
							<pattern>HH:mm:ss z</pattern>
						</timeFormat>
					</timeFormatLength>
					<timeFormatLength type="medium">
						<timeFormat>
							<pattern>HH:mm:ss</pattern>
						</timeFormat>
					</timeFormatLength>
					<timeFormatLength type="short">
						<timeFormat>
							<pattern>HH:mm</pattern>
						</timeFormat>
					</timeFormatLength>
				</timeFormats>
				<dateTimeFormats>
					<availableFormats>
						<dateFormatItem id="d">d</dateFormatItem>
						<dateFormatItem id="yyQ">Q yy</dateFormatItem>
					</availableFormats>
				</dateTimeFormats>
			</calendar>
			<calendar type="roc">
				<eras>
					<eraAbbr>
						<era type="0">R.O.C. aurretik</era>
					</eraAbbr>
				</eras>
			</calendar>
		</calendars>
		<timeZoneNames>
			<hourFormat>+HH:mm;-HH:mm</hourFormat>
			<gmtFormat>GMT{0}</gmtFormat>
			<regionFormat>{0}</regionFormat>
			<fallbackFormat>{1} ({0})</fallbackFormat>
			<zone type="Etc/Unknown">
				<exemplarCity>Ezezaguna</exemplarCity>
			</zone>
			<zone type="Asia/Bahrain">
				<exemplarCity draft="unconfirmed">Bahrein</exemplarCity>
			</zone>
			<zone type="Atlantic/Bermuda">
				<exemplarCity draft="unconfirmed">Bermudak</exemplarCity>
			</zone>
			<zone type="Atlantic/Cape_Verde">
				<exemplarCity draft="unconfirmed">Cabo Verde</exemplarCity>
			</zone>
			<zone type="Africa/Djibouti">
				<exemplarCity draft="unconfirmed">Djibuti</exemplarCity>
			</zone>
			<zone type="America/Dominica">
				<exemplarCity draft="unconfirmed">Dominika</exemplarCity>
			</zone>
			<zone type="Atlantic/Canary">
				<exemplarCity>Espainia (Kanariak)</exemplarCity>
			</zone>
			<zone type="Europe/Madrid">
				<exemplarCity draft="unconfirmed">Madril</exemplarCity>
			</zone>
			<zone type="America/Guadeloupe">
				<exemplarCity draft="unconfirmed">Guadalupe</exemplarCity>
			</zone>
			<zone type="America/Jamaica">
				<exemplarCity draft="unconfirmed">Jamaika</exemplarCity>
			</zone>
			<zone type="Europe/Luxembourg">
				<exemplarCity draft="unconfirmed">Luxenburgo</exemplarCity>
			</zone>
			<zone type="Europe/Monaco">
				<exemplarCity draft="unconfirmed">Monako</exemplarCity>
			</zone>
			<zone type="America/Martinique">
				<exemplarCity draft="unconfirmed">Martinika</exemplarCity>
			</zone>
			<zone type="Indian/Mauritius">
				<exemplarCity draft="unconfirmed">Maurizio</exemplarCity>
			</zone>
			<zone type="Indian/Maldives">
				<exemplarCity draft="unconfirmed">Maldivak</exemplarCity>
			</zone>
			<zone type="Asia/Singapore">
				<exemplarCity draft="unconfirmed">Singapur</exemplarCity>
			</zone>
			<zone type="America/North_Dakota/Center">
				<exemplarCity>Ameriketako Estatu Batuak (Erdialdea, Ipar Dakota)</exemplarCity>
			</zone>
			<metazone type="Australia_Central">
				<commonlyUsed>true</commonlyUsed>
			</metazone>
			<metazone type="Australia_CentralWestern">
				<commonlyUsed>true</commonlyUsed>
			</metazone>
			<metazone type="Australia_Eastern">
				<commonlyUsed>true</commonlyUsed>
			</metazone>
			<metazone type="Australia_Western">
				<commonlyUsed>true</commonlyUsed>
			</metazone>
			<metazone type="Azores">
				<commonlyUsed>true</commonlyUsed>
			</metazone>
			<metazone type="British">
				<commonlyUsed>true</commonlyUsed>
			</metazone>
			<metazone type="Cape_Verde">
				<commonlyUsed>true</commonlyUsed>
			</metazone>
			<metazone type="Chamorro">
				<commonlyUsed>true</commonlyUsed>
			</metazone>
			<metazone type="Chatham">
				<commonlyUsed>true</commonlyUsed>
			</metazone>
			<metazone type="Christmas">
				<commonlyUsed>true</commonlyUsed>
			</metazone>
			<metazone type="Cocos">
				<commonlyUsed>true</commonlyUsed>
			</metazone>
			<metazone type="Cook">
				<commonlyUsed>true</commonlyUsed>
			</metazone>
			<metazone type="Davis">
				<commonlyUsed>true</commonlyUsed>
			</metazone>
			<metazone type="DumontDUrville">
				<commonlyUsed>true</commonlyUsed>
			</metazone>
			<metazone type="Easter">
				<commonlyUsed>true</commonlyUsed>
			</metazone>
			<metazone type="Europe_Central">
				<short>
					<standard>CET</standard>
					<daylight>CEST</daylight>
				</short>
				<commonlyUsed>true</commonlyUsed>
			</metazone>
			<metazone type="Europe_Eastern">
				<short>
					<standard>EET</standard>
					<daylight>EEST</daylight>
				</short>
				<commonlyUsed>true</commonlyUsed>
			</metazone>
			<metazone type="Europe_Western">
				<short>
					<standard>WET</standard>
					<daylight>WEST</daylight>
				</short>
				<commonlyUsed>true</commonlyUsed>
			</metazone>
			<metazone type="Falkland">
				<commonlyUsed>true</commonlyUsed>
			</metazone>
			<metazone type="Fiji">
				<commonlyUsed>true</commonlyUsed>
			</metazone>
			<metazone type="French_Southern">
				<commonlyUsed>true</commonlyUsed>
			</metazone>
			<metazone type="Galapagos">
				<commonlyUsed>true</commonlyUsed>
			</metazone>
			<metazone type="Gambier">
				<commonlyUsed>true</commonlyUsed>
			</metazone>
			<metazone type="GMT">
				<short>
					<standard>GMT</standard>
				</short>
				<commonlyUsed>true</commonlyUsed>
			</metazone>
			<metazone type="Indian_Ocean">
				<commonlyUsed>true</commonlyUsed>
			</metazone>
			<metazone type="Irish">
				<commonlyUsed>true</commonlyUsed>
			</metazone>
			<metazone type="Kuybyshev">
				<commonlyUsed>true</commonlyUsed>
			</metazone>
			<metazone type="Lord_Howe">
				<commonlyUsed>true</commonlyUsed>
			</metazone>
			<metazone type="Maldives">
				<commonlyUsed>true</commonlyUsed>
			</metazone>
			<metazone type="Mauritius">
				<commonlyUsed>true</commonlyUsed>
			</metazone>
			<metazone type="Mawson">
				<commonlyUsed>true</commonlyUsed>
			</metazone>
			<metazone type="Moscow">
				<commonlyUsed>true</commonlyUsed>
			</metazone>
			<metazone type="Reunion">
				<commonlyUsed>true</commonlyUsed>
			</metazone>
			<metazone type="Rothera">
				<commonlyUsed>true</commonlyUsed>
			</metazone>
			<metazone type="Samara">
				<commonlyUsed>true</commonlyUsed>
			</metazone>
			<metazone type="Seychelles">
				<commonlyUsed>true</commonlyUsed>
			</metazone>
			<metazone type="South_Georgia">
				<commonlyUsed>true</commonlyUsed>
			</metazone>
			<metazone type="Syowa">
				<commonlyUsed>true</commonlyUsed>
			</metazone>
			<metazone type="Turkey">
				<commonlyUsed>true</commonlyUsed>
			</metazone>
			<metazone type="Volgograd">
				<commonlyUsed>true</commonlyUsed>
			</metazone>
			<metazone type="Vostok">
				<commonlyUsed>true</commonlyUsed>
			</metazone>
		</timeZoneNames>
	</dates>
	<numbers>
		<symbols>
			<decimal>,</decimal>
			<group>.</group>
			<list>;</list>
			<percentSign>%</percentSign>
			<nativeZeroDigit>0</nativeZeroDigit>
			<patternDigit>#</patternDigit>
			<plusSign>+</plusSign>
			<minusSign>-</minusSign>
			<exponential>E</exponential>
			<perMille>‰</perMille>
			<infinity>∞</infinity>
			<nan>NaN</nan>
		</symbols>
		<decimalFormats>
			<decimalFormatLength>
				<decimalFormat>
					<pattern>#,##0.###</pattern>
				</decimalFormat>
			</decimalFormatLength>
		</decimalFormats>
		<scientificFormats>
			<scientificFormatLength>
				<scientificFormat>
					<pattern>#E0</pattern>
				</scientificFormat>
			</scientificFormatLength>
		</scientificFormats>
		<currencyFormats>
			<currencyFormatLength>
				<currencyFormat>
					<pattern>#,##0.00 ¤</pattern>
				</currencyFormat>
			</currencyFormatLength>
			<unitPattern count="one">{0}{1}</unitPattern>
			<unitPattern count="other">{0} {1}</unitPattern>
		</currencyFormats>
		<currencies>
			<currency type="BRL">
				<displayName>BRL</displayName>
			</currency>
			<currency type="CNY">
				<displayName>CNY</displayName>
			</currency>
			<currency type="ESP">
				<pattern>¤ #,##0;-¤ #,##0</pattern>
				<symbol>₧</symbol>
				<decimal>,</decimal>
				<group>.</group>
			</currency>
			<currency type="EUR">
				<displayName>EUR</displayName>
			</currency>
			<currency type="GBP">
				<displayName>GBP</displayName>
			</currency>
			<currency type="INR">
				<displayName>INR</displayName>
			</currency>
			<currency type="JPY">
				<displayName>JPY</displayName>
			</currency>
			<currency type="RUB">
				<displayName>RUB</displayName>
			</currency>
			<currency type="USD">
				<displayName>USD</displayName>
			</currency>
			<currency type="USN">
				<displayName>USN</displayName>
			</currency>
			<currency type="USS">
				<displayName>USS</displayName>
			</currency>
			<currency type="XAG">
				<displayName>XAG</displayName>
			</currency>
			<currency type="XAU">
				<displayName>XAU</displayName>
			</currency>
			<currency type="XBA">
				<displayName>XBA</displayName>
			</currency>
			<currency type="XBB">
				<displayName>XBB</displayName>
			</currency>
			<currency type="XBC">
				<displayName>XBC</displayName>
			</currency>
			<currency type="XBD">
				<displayName>XBD</displayName>
			</currency>
			<currency type="XDR">
				<displayName>XDR</displayName>
			</currency>
			<currency type="XEU">
				<displayName>XEU</displayName>
			</currency>
			<currency type="XFO">
				<displayName>XFO</displayName>
			</currency>
			<currency type="XFU">
				<displayName>XFU</displayName>
			</currency>
			<currency type="XPD">
				<displayName>XPD</displayName>
			</currency>
			<currency type="XPT">
				<displayName>XPT</displayName>
			</currency>
			<currency type="XRE">
				<displayName>XRE</displayName>
			</currency>
			<currency type="XTS">
				<displayName>XTS</displayName>
			</currency>
			<currency type="XXX">
				<displayName>XXX</displayName>
			</currency>
		</currencies>
	</numbers>
	<units>
		<unit type="day">
			<unitPattern count="one">{0} eguna</unitPattern>
			<unitPattern count="other">{0} egun</unitPattern>
		</unit>
		<unit type="hour">
			<unitPattern count="one">{0} ordua</unitPattern>
			<unitPattern count="other">{0} h</unitPattern>
		</unit>
		<unit type="minute">
			<unitPattern count="one">{0} minutu</unitPattern>
			<unitPattern count="other">{0} minutu</unitPattern>
		</unit>
		<unit type="month">
			<unitPattern count="one">{0} hilea</unitPattern>
		</unit>
		<unit type="second">
			<unitPattern count="one">{0} segundo</unitPattern>
			<unitPattern count="other">{0} s</unitPattern>
		</unit>
		<unit type="week">
			<unitPattern count="one">{0} aste</unitPattern>
			<unitPattern count="other">{0} aste</unitPattern>
		</unit>
		<unit type="year">
			<unitPattern count="one">{0} urtea</unitPattern>
			<unitPattern count="other">{0} y</unitPattern>
		</unit>
	</units>
	<posix>
		<messages>
			<yesstr>bai:b</yesstr>
			<nostr>ez:e</nostr>
		</messages>
	</posix>
</ldml>

