<?xml version="1.0" encoding="UTF-8" ?>
<!DOCTYPE ldml SYSTEM "../../common/dtd/ldml.dtd">
<ldml>
	<identity>
		<version number="$Revision: 1.30 $"/>
		<generation date="$Date: 2009/05/05 23:06:36 $"/>
		<language type="gaa"/>
	</identity>
	<characters>
		<exemplarCharacters draft="unconfirmed">[a-z]</exemplarCharacters>
	</characters>
	<delimiters>
		<quotationStart draft="unconfirmed">'</quotationStart>
		<quotationEnd draft="unconfirmed">'</quotationEnd>
		<alternateQuotationStart draft="unconfirmed">&quot;</alternateQuotationStart>
		<alternateQuotationEnd draft="unconfirmed">&quot;</alternateQuotationEnd>
	</delimiters>
	<dates>
		<calendars>
			<calendar type="gregorian">
				<months>
					<monthContext type="format">
						<monthWidth type="abbreviated">
							<month type="1" draft="unconfirmed">Aha</month>
							<month type="2" draft="unconfirmed">Ofl</month>
							<month type="3" draft="unconfirmed">Och</month>
							<month type="4" draft="unconfirmed">Abe</month>
							<month type="5" draft="unconfirmed">Agb</month>
							<month type="6" draft="unconfirmed">Otu</month>
							<month type="7" draft="unconfirmed">Maa</month>
							<month type="8" draft="unconfirmed">Man</month>
							<month type="9" draft="unconfirmed">Gbo</month>
							<month type="10" draft="unconfirmed">Ant</month>
							<month type="11" draft="unconfirmed">Ale</month>
							<month type="12" draft="unconfirmed">Afu</month>
						</monthWidth>
						<monthWidth type="wide">
							<month type="1" draft="unconfirmed">Aharabata</month>
							<month type="2" draft="unconfirmed">Oflo</month>
							<month type="3" draft="unconfirmed">Ochokrikri</month>
							<month type="4" draft="unconfirmed">Abeibee</month>
							<month type="5" draft="unconfirmed">Agbeinaa</month>
							<month type="6" draft="unconfirmed">Otukwadan</month>
							<month type="7" draft="unconfirmed">Maawe</month>
							<month type="8" draft="unconfirmed">Manyawale</month>
							<month type="9" draft="unconfirmed">Gbo</month>
							<month type="10" draft="unconfirmed">Anton</month>
							<month type="11" draft="unconfirmed">Alemle</month>
							<month type="12" draft="unconfirmed">Afuabee</month>
						</monthWidth>
					</monthContext>
					<monthContext type="stand-alone">
						<monthWidth type="narrow">
							<month type="1" draft="unconfirmed">1</month>
							<month type="2" draft="unconfirmed">2</month>
							<month type="3" draft="unconfirmed">3</month>
							<month type="4" draft="unconfirmed">4</month>
							<month type="5" draft="unconfirmed">5</month>
							<month type="6" draft="unconfirmed">6</month>
							<month type="7" draft="unconfirmed">7</month>
							<month type="8" draft="unconfirmed">8</month>
							<month type="9" draft="unconfirmed">9</month>
							<month type="10" draft="unconfirmed">10</month>
							<month type="11" draft="unconfirmed">11</month>
							<month type="12" draft="unconfirmed">12</month>
						</monthWidth>
					</monthContext>
				</months>
				<days>
					<dayContext type="format">
						<dayWidth type="abbreviated">
							<day type="sun" draft="unconfirmed">Ho</day>
							<day type="mon" draft="unconfirmed">Dzu</day>
							<day type="tue" draft="unconfirmed">Dzf</day>
							<day type="wed" draft="unconfirmed">Sho</day>
							<day type="thu" draft="unconfirmed">Soo</day>
							<day type="fri" draft="unconfirmed">Soh</day>
							<day type="sat" draft="unconfirmed">Ho</day>
						</dayWidth>
						<dayWidth type="wide">
							<day type="sun" draft="unconfirmed">Hogbaa</day>
							<day type="mon" draft="unconfirmed">Dzu</day>
							<day type="tue" draft="unconfirmed">Dzufo</day>
							<day type="wed" draft="unconfirmed">Sho</day>
							<day type="thu" draft="unconfirmed">Soo</day>
							<day type="fri" draft="unconfirmed">Sohaa</day>
							<day type="sat" draft="unconfirmed">Ho</day>
						</dayWidth>
					</dayContext>
					<dayContext type="stand-alone">
						<dayWidth type="narrow">
							<day type="sun" draft="unconfirmed">1</day>
							<day type="mon" draft="unconfirmed">2</day>
							<day type="tue" draft="unconfirmed">3</day>
							<day type="wed" draft="unconfirmed">4</day>
							<day type="thu" draft="unconfirmed">5</day>
							<day type="fri" draft="unconfirmed">6</day>
							<day type="sat" draft="unconfirmed">7</day>
						</dayWidth>
					</dayContext>
				</days>
				<quarters>
					<quarterContext type="format">
						<quarterWidth type="abbreviated">
							<quarter type="1" draft="unconfirmed">Q1</quarter>
							<quarter type="2" draft="unconfirmed">Q2</quarter>
							<quarter type="3" draft="unconfirmed">Q3</quarter>
							<quarter type="4" draft="unconfirmed">Q4</quarter>
						</quarterWidth>
						<quarterWidth type="wide">
							<quarter type="1" draft="unconfirmed">Q1</quarter>
							<quarter type="2" draft="unconfirmed">Q2</quarter>
							<quarter type="3" draft="unconfirmed">Q3</quarter>
							<quarter type="4" draft="unconfirmed">Q4</quarter>
						</quarterWidth>
					</quarterContext>
				</quarters>
				<am draft="unconfirmed">LB</am>
				<pm draft="unconfirmed">SN</pm>
				<eras>
					<eraNames>
						<era type="0" draft="unconfirmed">Dani Jesu</era>
						<era type="1" draft="unconfirmed">KJ</era>
					</eraNames>
					<eraAbbr>
						<era type="0" draft="unconfirmed">DJ</era>
						<era type="1" draft="unconfirmed">KJ</era>
					</eraAbbr>
				</eras>
				<dateFormats>
					<dateFormatLength type="full">
						<dateFormat>
							<pattern draft="unconfirmed">EEEE, y MMMM dd</pattern>
						</dateFormat>
					</dateFormatLength>
					<dateFormatLength type="long">
						<dateFormat>
							<pattern draft="unconfirmed">y MMMM d</pattern>
						</dateFormat>
					</dateFormatLength>
					<dateFormatLength type="medium">
						<dateFormat>
							<pattern draft="unconfirmed">y MMM d</pattern>
						</dateFormat>
					</dateFormatLength>
					<dateFormatLength type="short">
						<dateFormat>
							<pattern draft="unconfirmed">yy/MM/dd</pattern>
						</dateFormat>
					</dateFormatLength>
				</dateFormats>
				<timeFormats>
					<timeFormatLength type="full">
						<timeFormat>
							<pattern draft="unconfirmed">HH:mm:ss zzzz</pattern>
						</timeFormat>
					</timeFormatLength>
					<timeFormatLength type="long">
						<timeFormat>
							<pattern draft="unconfirmed">HH:mm:ss z</pattern>
						</timeFormat>
					</timeFormatLength>
					<timeFormatLength type="medium">
						<timeFormat>
							<pattern draft="unconfirmed">HH:mm:ss</pattern>
						</timeFormat>
					</timeFormatLength>
					<timeFormatLength type="short">
						<timeFormat>
							<pattern draft="unconfirmed">HH:mm</pattern>
						</timeFormat>
					</timeFormatLength>
				</timeFormats>
				<dateTimeFormats>
					<availableFormats>
						<dateFormatItem id="yyQ" draft="unconfirmed">Q yy</dateFormatItem>
					</availableFormats>
				</dateTimeFormats>
			</calendar>
		</calendars>
		<timeZoneNames>
			<hourFormat draft="unconfirmed">+HH:mm;-HH:mm</hourFormat>
			<gmtFormat draft="unconfirmed">GMT{0}</gmtFormat>
			<regionFormat draft="unconfirmed">{0}</regionFormat>
		</timeZoneNames>
	</dates>
	<numbers>
		<currencies>
			<currency type="GHC">
				<displayName draft="unconfirmed">Sidi</displayName>
			</currency>
		</currencies>
	</numbers>
</ldml>
