<?xml version="1.0" encoding="UTF-8" ?>
<!DOCTYPE ldml SYSTEM "../../common/dtd/ldml.dtd">
<ldml>
	<identity>
		<version number="$Revision: 1.38 $"/>
		<generation date="$Date: 2009/06/15 03:46:24 $"/>
		<language type="ha"/>
	</identity>
	<localeDisplayNames>
		<languages>
			<language type="af" draft="unconfirmed">Afirkanci</language>
			<language type="am" draft="unconfirmed">Amharic</language>
			<language type="ar" draft="unconfirmed">Harshen Larabci</language>
			<language type="as" draft="unconfirmed">Asamisanci</language>
			<language type="az" draft="unconfirmed">Azerbaijanci</language>
			<language type="be" draft="unconfirmed">Belarushiyanci</language>
			<language type="bg" draft="unconfirmed">Bulgeriyan</language>
			<language type="bh" draft="unconfirmed">Bihari</language>
			<language type="bn" draft="unconfirmed">Dan Bengal</language>
			<language type="br" draft="unconfirmed">Buretananci</language>
			<language type="bs" draft="unconfirmed">Bosniyanci</language>
			<language type="ca" draft="unconfirmed">Kataloniyanci</language>
			<language type="cs" draft="unconfirmed">Yaren Jamhuriyar Cek</language>
			<language type="cy" draft="unconfirmed">Kabilar Welsh</language>
			<language type="da" draft="unconfirmed">Danish</language>
			<language type="de" draft="unconfirmed">Jamusanchi</language>
			<language type="el" draft="unconfirmed">Girkanci</language>
			<language type="en" draft="unconfirmed">Turanci</language>
			<language type="eo" draft="unconfirmed">D'an/'Yar Kabilar Andalus</language>
			<language type="es" draft="unconfirmed">Mutanen Espanya</language>
			<language type="et" draft="unconfirmed">Istoniyanci</language>
			<language type="eu" draft="unconfirmed">Dan/'Yar Kabilar Bas</language>
			<language type="fa" draft="unconfirmed">Persian</language>
			<language type="fi" draft="unconfirmed">Yaren mutanen Finland</language>
			<language type="fil" draft="unconfirmed">Dan Filifin</language>
			<language type="fo" draft="unconfirmed">Faroese</language>
			<language type="fr" draft="unconfirmed">Faranshi</language>
			<language type="fy" draft="unconfirmed">K'abilan Firsi</language>
			<language type="ga" draft="unconfirmed">Dan Ailan</language>
			<language type="gd" draft="unconfirmed">K'abilan Scots Gaelic</language>
			<language type="gl" draft="unconfirmed">Bagalike</language>
			<language type="gn" draft="unconfirmed">Guwaraniyanci</language>
			<language type="gu" draft="unconfirmed">Gujarati</language>
			<language type="ha">Haoussa</language>
			<language type="he" draft="unconfirmed">Yahudanci</language>
			<language type="hi" draft="unconfirmed">Bahinde</language>
			<language type="hr" draft="unconfirmed">Kuroshiyan</language>
			<language type="hu" draft="unconfirmed">Hongeriyanci</language>
			<language type="hy" draft="unconfirmed">Armeniyanci</language>
			<language type="ia" draft="unconfirmed">Yare Tsakanin Kasashe</language>
			<language type="id" draft="unconfirmed">Indonesiyan</language>
			<language type="ie" draft="unconfirmed">Intagulanci</language>
			<language type="is" draft="unconfirmed">Yaren mutanen Iceland</language>
			<language type="it" draft="unconfirmed">Italiyanci</language>
			<language type="ja" draft="unconfirmed">Jafananci</language>
			<language type="jv" draft="unconfirmed">Javanisanci</language>
			<language type="ka" draft="unconfirmed">Jojiyanci</language>
			<language type="km" draft="unconfirmed">Kambodiyanci</language>
			<language type="kn" draft="unconfirmed">Dan/'Yar Kabilar Kannada</language>
			<language type="ko" draft="unconfirmed">Yaren mutanen Koriya</language>
			<language type="ku" draft="unconfirmed">Kurdanci</language>
			<language type="ky" draft="unconfirmed">Kirgizanci</language>
			<language type="la" draft="unconfirmed">Dan Kabilar Latin</language>
			<language type="ln" draft="unconfirmed">Lingala</language>
			<language type="lo" draft="unconfirmed">Laothian</language>
			<language type="lt" draft="unconfirmed">Lituweniyanci</language>
			<language type="lv" draft="unconfirmed">Latbiyanci</language>
			<language type="mk" draft="unconfirmed">Dan Masedoniya</language>
			<language type="ml" draft="unconfirmed">Kabilar Maleyalam</language>
			<language type="mn" draft="unconfirmed">Mongolian</language>
			<language type="mr" draft="unconfirmed">K'abilan Marathi</language>
			<language type="ms" draft="unconfirmed">Dan Kabilar Male</language>
			<language type="mt" draft="unconfirmed">Harshen Maltis</language>
			<language type="ne" draft="unconfirmed">D'an/'Yar Kabilar Nepal</language>
			<language type="nl" draft="unconfirmed">Yaren mutanen Holland</language>
			<language type="nn" draft="unconfirmed">Yaren Kasar Norway</language>
			<language type="no" draft="unconfirmed">Yaren mutanen Norway</language>
			<language type="oc" draft="unconfirmed">Ositanci</language>
			<language type="or" draft="unconfirmed">Oriyanci</language>
			<language type="pa" draft="unconfirmed">Dan/'Yar Garin Punjab</language>
			<language type="pl" draft="unconfirmed">Yaren mutanen Poland</language>
			<language type="ps" draft="unconfirmed">Pashtanci</language>
			<language type="pt" draft="unconfirmed">Yaren mutanen Portugal</language>
			<language type="pt_BR" draft="unconfirmed">Fotigis (Burazil)</language>
			<language type="pt_PT" draft="unconfirmed">Yaren Kasar Portugal</language>
			<language type="ro" draft="unconfirmed">Romaniyanci</language>
			<language type="ru" draft="unconfirmed">Rashanci</language>
			<language type="sa" draft="unconfirmed">sanskrit</language>
			<language type="sd" draft="unconfirmed">Sindiyanci</language>
			<language type="sh" draft="unconfirmed">Kuroweshiyancin-Sabiya</language>
			<language type="si" draft="unconfirmed">Sinhalanci</language>
			<language type="sk" draft="unconfirmed">Basulake</language>
			<language type="sl" draft="unconfirmed">Basulabe</language>
			<language type="so" draft="unconfirmed">Somaali</language>
			<language type="sq" draft="unconfirmed">D'an/'Yar Kabilar Albaniya</language>
			<language type="sr" draft="unconfirmed">Sabiyan</language>
			<language type="st" draft="unconfirmed">Sesotanci</language>
			<language type="su" draft="unconfirmed">Sundanese</language>
			<language type="sv" draft="unconfirmed">Yaren mutanen Sweden</language>
			<language type="sw" draft="unconfirmed">Harshen Suwahili</language>
			<language type="ta" draft="unconfirmed">D'an/'Yar Kabilar Tamil</language>
			<language type="te" draft="unconfirmed">D'an/'Yar Kabilar Telug</language>
			<language type="th" draft="unconfirmed">Tayanci</language>
			<language type="ti" draft="unconfirmed">Tigriyanci</language>
			<language type="tk" draft="unconfirmed">Tukmenistanci</language>
			<language type="tlh" draft="unconfirmed">Klingon</language>
			<language type="tr" draft="unconfirmed">Baturke</language>
			<language type="tw" draft="unconfirmed">Tiwiniyanci</language>
			<language type="ug" draft="unconfirmed">Ugiranci</language>
			<language type="uk" draft="unconfirmed">Dan Ukirain</language>
			<language type="ur" draft="unconfirmed">Urdu</language>
			<language type="uz" draft="unconfirmed">Uzbek</language>
			<language type="vi" draft="unconfirmed">K'abilan Biyetnam</language>
			<language type="xh" draft="unconfirmed">Bazosa</language>
			<language type="zu" draft="unconfirmed">Bazule</language>
		</languages>
		<territories>
			<territory type="GH">Gaana</territory>
			<territory type="NE">Nijer</territory>
			<territory type="NG">Nijeriya</territory>
		</territories>
	</localeDisplayNames>
	<characters>
		<exemplarCharacters>[a b ɓ c d ɗ e-k ƙ l-o r s {sh} t {ts} u w y z ʼ {ʼy}]</exemplarCharacters>
		<exemplarCharacters type="auxiliary">[á à â é è ê í ì î ó ò ô p q {r\u0303} ú ù û v x ƴ]</exemplarCharacters>
		<exemplarCharacters type="currencySymbol">[a-z]</exemplarCharacters>
	</characters>
	<dates>
		<calendars>
			<calendar type="gregorian">
				<months>
					<monthContext type="format">
						<monthWidth type="abbreviated">
							<month type="1">Jan</month>
							<month type="2">Fab</month>
							<month type="3">Mar</month>
							<month type="4">Afr</month>
							<month type="5">May</month>
							<month type="6">Yun</month>
							<month type="7">Yul</month>
							<month type="8">Aug</month>
							<month type="9">Sat</month>
							<month type="10">Okt</month>
							<month type="11">Nuw</month>
							<month type="12">Dis</month>
						</monthWidth>
						<monthWidth type="wide">
							<month type="1">Janairu</month>
							<month type="2">Fabrairu</month>
							<month type="3">Maris</month>
							<month type="4">Afrilu</month>
							<month type="5">Mayu</month>
							<month type="6">Yuni</month>
							<month type="7">Yuli</month>
							<month type="8">Augusta</month>
							<month type="9">Satumba</month>
							<month type="10">Oktoba</month>
							<month type="11">Nuwamba</month>
							<month type="12">Disamba</month>
						</monthWidth>
					</monthContext>
					<monthContext type="stand-alone">
						<monthWidth type="narrow">
							<month type="1">J</month>
							<month type="2">F</month>
							<month type="3">M</month>
							<month type="4">A</month>
							<month type="5">M</month>
							<month type="6">Y</month>
							<month type="7">Y</month>
							<month type="8">A</month>
							<month type="9">S</month>
							<month type="10">O</month>
							<month type="11">N</month>
							<month type="12">D</month>
						</monthWidth>
					</monthContext>
				</months>
				<days>
					<dayContext type="format">
						<dayWidth type="abbreviated">
							<day type="sun">Lah</day>
							<day type="mon">Lit</day>
							<day type="tue">Tal</day>
							<day type="wed">Lar</day>
							<day type="thu">Alh</day>
							<day type="fri">Jum</day>
							<day type="sat">Asa</day>
						</dayWidth>
						<dayWidth type="wide">
							<day type="sun">Lahadi</day>
							<day type="mon">Litini</day>
							<day type="tue">Talata</day>
							<day type="wed">Laraba</day>
							<day type="thu">Alhamis</day>
							<day type="fri">Jumma'a</day>
							<day type="sat">Asabar</day>
						</dayWidth>
					</dayContext>
					<dayContext type="stand-alone">
						<dayWidth type="narrow">
							<day type="sun">L</day>
							<day type="mon">L</day>
							<day type="tue">T</day>
							<day type="wed">L</day>
							<day type="thu">A</day>
							<day type="fri">J</day>
							<day type="sat">A</day>
						</dayWidth>
					</dayContext>
				</days>
				<quarters>
					<quarterContext type="format">
						<quarterWidth type="abbreviated">
							<quarter type="1" draft="unconfirmed">Q1</quarter>
							<quarter type="2" draft="unconfirmed">Q2</quarter>
							<quarter type="3" draft="unconfirmed">Q3</quarter>
							<quarter type="4" draft="unconfirmed">Q4</quarter>
						</quarterWidth>
						<quarterWidth type="wide">
							<quarter type="1" draft="unconfirmed">Q1</quarter>
							<quarter type="2" draft="unconfirmed">Q2</quarter>
							<quarter type="3" draft="unconfirmed">Q3</quarter>
							<quarter type="4" draft="unconfirmed">Q4</quarter>
						</quarterWidth>
					</quarterContext>
					<quarterContext type="stand-alone">
						<quarterWidth type="narrow">
							<quarter type="1">1</quarter>
							<quarter type="2">2</quarter>
							<quarter type="3">3</quarter>
							<quarter type="4">4</quarter>
						</quarterWidth>
					</quarterContext>
				</quarters>
				<am>AM</am>
				<pm>PM</pm>
				<eras>
					<eraNames>
						<era type="0" draft="unconfirmed">Gabanin Miladi</era>
						<era type="1" draft="unconfirmed">Miladi</era>
					</eraNames>
					<eraAbbr>
						<era type="0" draft="unconfirmed">GM</era>
						<era type="1" draft="unconfirmed">M</era>
					</eraAbbr>
				</eras>
				<dateFormats>
					<dateFormatLength type="full">
						<dateFormat>
							<pattern>EEEE, d MMMM, y</pattern>
						</dateFormat>
					</dateFormatLength>
					<dateFormatLength type="long">
						<dateFormat>
							<pattern references="RP2">d MMMM, y</pattern>
						</dateFormat>
					</dateFormatLength>
					<dateFormatLength type="medium">
						<dateFormat>
							<pattern references="RP2">d MMM, y</pattern>
						</dateFormat>
					</dateFormatLength>
					<dateFormatLength type="short">
						<dateFormat>
							<pattern references="RP2">d/M/yy</pattern>
						</dateFormat>
					</dateFormatLength>
				</dateFormats>
				<timeFormats>
					<timeFormatLength type="full">
						<timeFormat>
							<pattern>HH:mm:ss zzzz</pattern>
						</timeFormat>
					</timeFormatLength>
					<timeFormatLength type="long">
						<timeFormat>
							<pattern>HH:mm:ss z</pattern>
						</timeFormat>
					</timeFormatLength>
					<timeFormatLength type="medium">
						<timeFormat>
							<pattern>HH:mm:ss</pattern>
						</timeFormat>
					</timeFormatLength>
					<timeFormatLength type="short">
						<timeFormat>
							<pattern>HH:mm</pattern>
						</timeFormat>
					</timeFormatLength>
				</timeFormats>
				<dateTimeFormats>
					<availableFormats>
						<dateFormatItem id="d">d</dateFormatItem>
						<dateFormatItem id="Hm">H:mm</dateFormatItem>
						<dateFormatItem id="M">L</dateFormatItem>
						<dateFormatItem id="Md">M-d</dateFormatItem>
						<dateFormatItem id="MEd" references="RP2">E, d-M</dateFormatItem>
						<dateFormatItem id="MMM">LLL</dateFormatItem>
						<dateFormatItem id="MMMd">d MMM</dateFormatItem>
						<dateFormatItem id="MMMEd">E d MMM</dateFormatItem>
						<dateFormatItem id="MMMMd" references="RP2">d MMMM</dateFormatItem>
						<dateFormatItem id="MMMMEd" references="RP2">E d MMMM</dateFormatItem>
						<dateFormatItem id="ms">mm:ss</dateFormatItem>
						<dateFormatItem id="y">y</dateFormatItem>
						<dateFormatItem id="yMEd" references="RP2">EEE, d/M/yyyy</dateFormatItem>
						<dateFormatItem id="yMMMEd" references="RP2">EEE, d MMM y</dateFormatItem>
						<dateFormatItem id="yyQ" draft="unconfirmed">Q yy</dateFormatItem>
					</availableFormats>
				</dateTimeFormats>
			</calendar>
		</calendars>
		<timeZoneNames>
			<hourFormat draft="unconfirmed">+HH:mm;-HH:mm</hourFormat>
			<gmtFormat draft="unconfirmed">GMT{0}</gmtFormat>
			<regionFormat draft="unconfirmed">{0}</regionFormat>
		</timeZoneNames>
	</dates>
	<numbers>
		<symbols>
			<decimal>.</decimal>
			<group>,</group>
		</symbols>
		<decimalFormats>
			<decimalFormatLength>
				<decimalFormat>
					<pattern>#,##0.###</pattern>
				</decimalFormat>
			</decimalFormatLength>
		</decimalFormats>
		<scientificFormats>
			<scientificFormatLength>
				<scientificFormat>
					<pattern>#E0</pattern>
				</scientificFormat>
			</scientificFormatLength>
		</scientificFormats>
		<percentFormats>
			<percentFormatLength>
				<percentFormat>
					<pattern>#,##0%</pattern>
				</percentFormat>
			</percentFormatLength>
		</percentFormats>
		<currencyFormats>
			<currencyFormatLength>
				<currencyFormat>
					<pattern>¤ #,##0.00</pattern>
				</currencyFormat>
			</currencyFormatLength>
		</currencyFormats>
		<currencies>
			<currency type="GHC">
				<displayName draft="unconfirmed">Sidi</displayName>
			</currency>
			<currency type="NGN">
				<displayName draft="unconfirmed">Neira</displayName>
			</currency>
			<currency type="XOF">
				<displayName draft="unconfirmed">Sefa</displayName>
			</currency>
		</currencies>
	</numbers>
	<posix>
		<messages>
			<yesstr>i</yesstr>
			<nostr>a'a:a</nostr>
		</messages>
	</posix>
	<references>
		<reference type="R071" uri="http://en.wikipedia.org/wiki/Hausa_language">Wikipedia on Hausa language</reference>
		<reference type="R072" uri="http://developer.mimer.com/charts/hausa.htm">Mimer Hausa Collation</reference>
		<reference type="R073" uri="http://www.teachyourselfhausa.com/hausa-alphabet.php">Teach Yourself Hausa, alphabet section</reference>
		<reference type="R074" uri="http://www.motherlandnigeria.com/languages.html#Hausa">Nigerian languages - Hausa</reference>
		<reference type="R075" uri="http://www.omniglot.com/writing/hausa.htm">Omniglot on Hausa</reference>
		<reference type="RP1" uri="http://www.teachyourselfhausa.com/day-month-year.php">Teach Yourself Hausa, day month, year section</reference>
		<reference type="RP2" uri="http://www.almizan.net/">Almizan ( Hause newspaper )</reference>
	</references>
</ldml>

