<?xml version="1.0" encoding="UTF-8" ?>
<!DOCTYPE ldml SYSTEM "../../common/dtd/ldml.dtd">
<ldml>
	<identity>
		<version number="$Revision: 1.48 $"/>
		<generation date="$Date: 2009/05/05 23:06:37 $"/>
		<language type="hy"/>
		<territory type="AM"/>
		<variant type="REVISED"/>
	</identity>
	<dates>
		<calendars>
			<calendar type="gregorian">
				<months>
					<monthContext type="format">
						<monthWidth type="abbreviated">
							<month type="1">Հնվ</month>
							<month type="2">Փտվ</month>
							<month type="6">Հնս</month>
							<month type="7">Հլս</month>
						</monthWidth>
						<monthWidth type="wide">
							<month type="1">Հունվար</month>
							<month type="2">Փետրվար</month>
							<month type="6">Հունիս</month>
							<month type="7">Հուլիս</month>
						</monthWidth>
					</monthContext>
				</months>
				<pm>Կե․</pm>
				<eras>
					<eraAbbr>
						<era type="0">Մ․Թ․Ա․</era>
						<era type="1">Մ․Թ․</era>
					</eraAbbr>
				</eras>
			</calendar>
		</calendars>
	</dates>
</ldml>
