<?xml version="1.0" encoding="UTF-8" ?>
<!DOCTYPE ldml SYSTEM "../../common/dtd/ldml.dtd">
<ldml>
	<identity>
		<version number="$Revision: 1.41 $"/>
		<generation date="$Date: 2009/05/05 23:06:37 $"/>
		<language type="iu"/>
	</identity>
	<localeDisplayNames>
		<languages>
			<language type="iu" draft="unconfirmed">ᐃᓄᒃᑎᑐᑦ ᑎᑎᕋᐅᓯᖅ</language>
		</languages>
	</localeDisplayNames>
	<characters>
		<exemplarCharacters>[ᐃ-ᐆ ᐊ ᐋ ᐱ-ᐴ ᐸ ᐹ ᑉ ᑎ-ᑑ ᑕ ᑖ ᑦ ᑭ-ᑰ ᑲ ᑳ ᒃ ᒋ-ᒎ ᒐ ᒑ ᒡ ᒥ-ᒨ ᒪ ᒫ ᒻ ᓂ-ᓅ ᓇ ᓈ ᓐ ᓕ-ᓘ ᓚ ᓛ ᓪ ᓯ-ᓲ ᓴ ᓵ ᔅ ᔨ-ᔫ ᔭ ᔮ ᔾ ᕆ-ᕉ ᕋ ᕌ ᕐ ᕕ-ᕚ ᕝ ᕿ-ᖃ ᖅ ᖏ ᖑ-ᖕ ᙱ-ᙶ ᖖ ᖠ-ᖦ]</exemplarCharacters>
	</characters>
	<dates>
		<calendars>
			<calendar type="gregorian">
				<months>
					<monthContext type="format">
						<monthWidth type="abbreviated">
							<month type="1" draft="unconfirmed">ᔭᓐᓄᐊᓕ</month>
							<month type="2" draft="unconfirmed">ᕕᕝᕗᐊᓕ</month>
							<month type="3" draft="unconfirmed">ᒫᑦᓯ</month>
							<month type="4" draft="unconfirmed">ᐊᐃᑉᐳᓗ</month>
							<month type="5" draft="unconfirmed">ᒪᐃ</month>
							<month type="6" draft="unconfirmed">ᔫᓂ</month>
							<month type="7" draft="unconfirmed">ᔪᓚᐃ</month>
							<month type="8" draft="unconfirmed">ᐊᐅᒡᒍᓯ</month>
							<month type="9" draft="unconfirmed">ᓰᑦᑏᕝᕙ</month>
							<month type="10" draft="unconfirmed">ᐆᑦᑑᕝᕙ</month>
							<month type="11" draft="unconfirmed">ᓅᕙᐃᕝᕙ</month>
							<month type="12" draft="unconfirmed">ᑏᓰᕝᕙ</month>
						</monthWidth>
						<monthWidth type="wide">
							<month type="1" draft="unconfirmed">ᔭᓐᓄᐊᓕ</month>
							<month type="2" draft="unconfirmed">ᕕᕝᕗᐊᓕ</month>
							<month type="3" draft="unconfirmed">ᒫᑦᓯ</month>
							<month type="4" draft="unconfirmed">ᐊᐃᑉᐳᓗ</month>
							<month type="5" draft="unconfirmed">ᒪᐃ</month>
							<month type="6" draft="unconfirmed">ᔫᓂ</month>
							<month type="7" draft="unconfirmed">ᔪᓚᐃ</month>
							<month type="8" draft="unconfirmed">ᐊᐅᒡᒍᓯ</month>
							<month type="9" draft="unconfirmed">ᓰᑦᑏᕝᕙ</month>
							<month type="10" draft="unconfirmed">ᐆᑦᑑᕝᕙ</month>
							<month type="11" draft="unconfirmed">ᓅᕙᐃᕝᕙ</month>
							<month type="12" draft="unconfirmed">ᑏᓰᕝᕙ</month>
						</monthWidth>
					</monthContext>
					<monthContext type="stand-alone">
						<monthWidth type="narrow">
							<month type="1" draft="unconfirmed">1</month>
							<month type="2" draft="unconfirmed">2</month>
							<month type="3" draft="unconfirmed">3</month>
							<month type="4" draft="unconfirmed">4</month>
							<month type="5" draft="unconfirmed">5</month>
							<month type="6" draft="unconfirmed">6</month>
							<month type="7" draft="unconfirmed">7</month>
							<month type="8" draft="unconfirmed">8</month>
							<month type="9" draft="unconfirmed">9</month>
							<month type="10" draft="unconfirmed">10</month>
							<month type="11" draft="unconfirmed">11</month>
							<month type="12" draft="unconfirmed">12</month>
						</monthWidth>
					</monthContext>
				</months>
				<days>
					<dayContext type="format">
						<dayWidth type="abbreviated">
							<day type="sun" draft="unconfirmed">ᓈᑦᓰᖑᔭ</day>
							<day type="mon" draft="unconfirmed">ᓇᒡᒐᔾᔭᐅ</day>
							<day type="tue" draft="unconfirmed">ᓇᒡᒐᔾᔭᐅᓕᖅᑭ</day>
							<day type="wed" draft="unconfirmed">ᐱᖓᑦᓯᖅ</day>
							<day type="thu" draft="unconfirmed">ᓯᑕᒻᒥᖅ</day>
							<day type="fri" draft="unconfirmed">ᑕᓪᓕᕐᒥᖅ</day>
							<day type="sat" draft="unconfirmed">ᓈᑦᓰᖑᔭᓕᖅᕿ</day>
						</dayWidth>
						<dayWidth type="wide">
							<day type="sun" draft="unconfirmed">ᓈᑦᓰᖑᔭ</day>
							<day type="mon" draft="unconfirmed">ᓇᒡᒐᔾᔭᐅ</day>
							<day type="tue" draft="unconfirmed">ᓇᒡᒐᔾᔭᐅᓕᖅᑭ</day>
							<day type="wed" draft="unconfirmed">ᐱᖓᑦᓯᖅ</day>
							<day type="thu" draft="unconfirmed">ᓯᑕᒻᒥᖅ</day>
							<day type="fri" draft="unconfirmed">ᑕᓪᓕᕐᒥᖅ</day>
							<day type="sat" draft="unconfirmed">ᓈᑦᓰᖑᔭᓕᖅᕿ</day>
						</dayWidth>
					</dayContext>
					<dayContext type="stand-alone">
						<dayWidth type="narrow">
							<day type="sun" draft="unconfirmed">1</day>
							<day type="mon" draft="unconfirmed">2</day>
							<day type="tue" draft="unconfirmed">3</day>
							<day type="wed" draft="unconfirmed">4</day>
							<day type="thu" draft="unconfirmed">5</day>
							<day type="fri" draft="unconfirmed">6</day>
							<day type="sat" draft="unconfirmed">7</day>
						</dayWidth>
					</dayContext>
				</days>
				<quarters>
					<quarterContext type="format">
						<quarterWidth type="abbreviated">
							<quarter type="1" draft="unconfirmed">Q1</quarter>
							<quarter type="2" draft="unconfirmed">Q2</quarter>
							<quarter type="3" draft="unconfirmed">Q3</quarter>
							<quarter type="4" draft="unconfirmed">Q4</quarter>
						</quarterWidth>
						<quarterWidth type="wide">
							<quarter type="1" draft="unconfirmed">Q1</quarter>
							<quarter type="2" draft="unconfirmed">Q2</quarter>
							<quarter type="3" draft="unconfirmed">Q3</quarter>
							<quarter type="4" draft="unconfirmed">Q4</quarter>
						</quarterWidth>
					</quarterContext>
				</quarters>
				<am draft="unconfirmed">AM</am>
				<pm draft="unconfirmed">PM</pm>
				<eras>
					<eraAbbr>
						<era type="0" draft="unconfirmed">BCE</era>
						<era type="1" draft="unconfirmed">CE</era>
					</eraAbbr>
				</eras>
				<dateFormats>
					<dateFormatLength type="full">
						<dateFormat>
							<pattern draft="unconfirmed">EEEE, y MMMM dd</pattern>
						</dateFormat>
					</dateFormatLength>
					<dateFormatLength type="long">
						<dateFormat>
							<pattern draft="unconfirmed">y MMMM d</pattern>
						</dateFormat>
					</dateFormatLength>
					<dateFormatLength type="medium">
						<dateFormat>
							<pattern draft="unconfirmed">y MMM d</pattern>
						</dateFormat>
					</dateFormatLength>
					<dateFormatLength type="short">
						<dateFormat>
							<pattern draft="unconfirmed">yy/MM/dd</pattern>
						</dateFormat>
					</dateFormatLength>
				</dateFormats>
				<timeFormats>
					<timeFormatLength type="full">
						<timeFormat>
							<pattern draft="unconfirmed">HH:mm:ss zzzz</pattern>
						</timeFormat>
					</timeFormatLength>
					<timeFormatLength type="long">
						<timeFormat>
							<pattern draft="unconfirmed">HH:mm:ss z</pattern>
						</timeFormat>
					</timeFormatLength>
					<timeFormatLength type="medium">
						<timeFormat>
							<pattern draft="unconfirmed">HH:mm:ss</pattern>
						</timeFormat>
					</timeFormatLength>
					<timeFormatLength type="short">
						<timeFormat>
							<pattern draft="unconfirmed">HH:mm</pattern>
						</timeFormat>
					</timeFormatLength>
				</timeFormats>
				<dateTimeFormats>
					<availableFormats>
						<dateFormatItem id="yyQ" draft="unconfirmed">Q yy</dateFormatItem>
					</availableFormats>
				</dateTimeFormats>
			</calendar>
		</calendars>
		<timeZoneNames>
			<hourFormat draft="unconfirmed">+HH:mm;-HH:mm</hourFormat>
			<gmtFormat draft="unconfirmed">GMT{0}</gmtFormat>
			<regionFormat draft="unconfirmed">{0}</regionFormat>
		</timeZoneNames>
	</dates>
</ldml>
