<?xml version="1.0" encoding="UTF-8" ?>
<!DOCTYPE ldml SYSTEM "../../common/dtd/ldml.dtd">
<ldml>
	<identity>
		<version number="$Revision: 1.4 $"/>
		<generation date="$Date: 2009/05/05 23:06:38 $"/>
		<language type="mn"/>
		<script type="Mong"/>
	</identity>
	<layout>
		<orientation lines="left-to-right" characters="top-to-bottom"/>
	</layout>
	<characters>
		<exemplarCharacters references="R198">[᠐-᠙ ᠠ-ᡂ]</exemplarCharacters>
		<exemplarCharacters type="auxiliary">[a á à ă â å ä ā æ b c ç d e é è ĕ ê ë ē f-i í ì ĭ î ï ī j-n ñ o ó ò ŏ ô ö ø ō œ p-s ß t u ú ù ŭ û ü ū v-y ÿ z]</exemplarCharacters>
	</characters>
</ldml>
