<?xml version="1.0" encoding="UTF-8" ?>
<!DOCTYPE ldml SYSTEM "../../common/dtd/ldml.dtd">
<ldml>
	<identity>
		<version number="$Revision: 1.76 $"/>
		<generation date="$Date: 2009/06/15 04:15:33 $"/>
		<language type="pa"/>
	</identity>
	<localeDisplayNames>
		<languages>
			<language type="ab" draft="contributed">ਅਬਖਾਜ਼ੀਅਨ</language>
			<language type="ace" draft="contributed">ਅਚੀਨੀ</language>
			<language type="ach" draft="contributed">ਅਕੋਲੀ</language>
			<language type="af" draft="contributed">ਅਫ਼ਰੀਕੀ</language>
			<language type="apa" draft="contributed">ਅਪਾਚੇ ਭਾਸ਼ਾ</language>
			<language type="ar" draft="contributed">ਅਰਬੀ</language>
			<language type="as" draft="contributed">ਅਸਾਮੀ</language>
			<language type="aus" draft="contributed">ਆਸਟਰੇਲੀਅਨ ਭਾਸ਼ਾ</language>
			<language type="az" draft="contributed">ਅਜ਼ੇਰਬੈਜਨਿ</language>
			<language type="bat" draft="contributed">ਬੈਲਟਿਕ ਭਾਸ਼ਾ</language>
			<language type="be" draft="contributed">ਬੇਲਾਰੂਸੀਅਨ</language>
			<language type="bn" draft="contributed">ਬੰਗਾਲੀ</language>
			<language type="da" draft="contributed">ਡੈਨਿਸ਼</language>
			<language type="de" draft="contributed">ਜਰਮਨ</language>
			<language type="en" draft="contributed">ਅੰਗਰੇਜ਼ੀ</language>
			<language type="eo" draft="contributed">ਏਸਪਰੇਂਟੋ</language>
			<language type="es" draft="contributed">ਸਪੇਨਿਸ਼</language>
			<language type="fi" draft="contributed">ਫਿਨਿਸ਼</language>
			<language type="fr" draft="contributed">ਫਰੈਂਚ</language>
			<language type="gu" draft="contributed">ਗੁਜਰਾਤੀ</language>
			<language type="hi" draft="contributed">ਹਿੰਦੀ</language>
			<language type="id" draft="contributed">ਇੰਡੋਨੇਸ਼ੀਆਈ</language>
			<language type="it" draft="contributed">ਇਤਾਲਵੀ</language>
			<language type="ja" draft="unconfirmed">ਜਾਪਾਨੀ</language>
			<language type="mk" draft="contributed">ਮੈਕੇਡੋਨੀਅਨ</language>
			<language type="nl" draft="contributed">ਡੱਚ</language>
			<language type="no" draft="contributed">ਨਾਰਵੇਜੀਅਨ</language>
			<language type="pa">ਪੰਜਾਬੀ</language>
			<language type="pt" draft="contributed">ਪੋਰਤੂਗੂਈਸ</language>
			<language type="sv" draft="contributed">ਸਵੈਡਿਸ਼</language>
			<language type="ta" draft="contributed">ਤਾਮਿਲ</language>
			<language type="te" draft="contributed">ਤੇਲਗੂ</language>
			<language type="th" draft="contributed">ਥਾਈ</language>
			<language type="tw" draft="contributed">ਤ੍ਵਿ</language>
			<language type="ug" draft="contributed">ਉਇਘੁਰ</language>
			<language type="und" draft="contributed">und</language>
		</languages>
		<scripts>
			<script type="Deva" draft="unconfirmed">ਦੇਵਨਾਗਰੀ</script>
			<script type="Guru" draft="unconfirmed">ਗੁਰਮੁਖੀ</script>
			<script type="Zxxx" draft="unconfirmed">Zxxx</script>
			<script type="Zzzz" draft="unconfirmed">Zzzz</script>
		</scripts>
		<territories>
			<territory type="IN">ਭਾਰਤ</territory>
			<territory type="TO" draft="unconfirmed">TO</territory>
			<territory type="ZZ" draft="unconfirmed">ਅਣਜਾਣ</territory>
		</territories>
	</localeDisplayNames>
	<characters>
		<exemplarCharacters>[਼ ੰ ੱ ੦-੯ ੴ ੳ ਉ ਊ ਓ ਅ ਆ ਐ ਔ ੲ ਇ ਈ ਏ ਸ {ਸ\u0A3C} ਹ ਕ ਖ {ਖ\u0A3C} ਗ {ਗ\u0A3C} ਘ-ਜ {ਜ\u0A3C} ਝ-ਨ ਪ ਫ {ਫ\u0A3C} ਬ-ਰ ਲ ਵ ੜ ਾ-ੂ ੇ ੈ ੋ-੍]</exemplarCharacters>
		<exemplarCharacters type="auxiliary">[\u200C \u200D \u0A01-\u0A03 {ਲ\u0A3C}]</exemplarCharacters>
	</characters>
	<delimiters>
		<quotationStart draft="unconfirmed">'</quotationStart>
		<quotationEnd draft="unconfirmed">'</quotationEnd>
		<alternateQuotationStart draft="unconfirmed">&quot;</alternateQuotationStart>
		<alternateQuotationEnd draft="unconfirmed">&quot;</alternateQuotationEnd>
	</delimiters>
	<dates>
		<calendars>
			<calendar type="gregorian">
				<months>
					<monthContext type="format">
						<monthWidth type="wide">
							<month type="1">ਜਨਵਰੀ</month>
							<month type="2">ਫ਼ਰਵਰੀ</month>
							<month type="3">ਮਾਰਚ</month>
							<month type="4">ਅਪ੍ਰੈਲ</month>
							<month type="5">ਮਈ</month>
							<month type="6">ਜੂਨ</month>
							<month type="7">ਜੁਲਾਈ</month>
							<month type="8">ਅਗਸਤ</month>
							<month type="9">ਸਤੰਬਰ</month>
							<month type="10">ਅਕਤੂਬਰ</month>
							<month type="11">ਨਵੰਬਰ</month>
							<month type="12">ਦਸੰਬਰ</month>
						</monthWidth>
					</monthContext>
					<monthContext type="stand-alone">
						<monthWidth type="narrow">
							<month type="1">ਜ</month>
							<month type="2">ਫ</month>
							<month type="3">ਮਾ</month>
							<month type="4">ਅ</month>
							<month type="5">ਮ</month>
							<month type="6">ਜੂ</month>
							<month type="7">ਜੁ</month>
							<month type="8">ਅ</month>
							<month type="9">ਸ</month>
							<month type="10">ਅ</month>
							<month type="11">ਨ</month>
							<month type="12">ਦ</month>
						</monthWidth>
					</monthContext>
				</months>
				<days>
					<dayContext type="format">
						<dayWidth type="abbreviated">
							<day type="sun">ਐਤ.</day>
							<day type="mon">ਸੋਮ.</day>
							<day type="tue">ਮੰਗਲ.</day>
							<day type="wed">ਬੁਧ.</day>
							<day type="thu">ਵੀਰ.</day>
							<day type="fri">ਸ਼ੁਕਰ.</day>
							<day type="sat">ਸ਼ਨੀ.</day>
						</dayWidth>
						<dayWidth type="wide">
							<day type="sun">ਐਤਵਾਰ</day>
							<day type="mon">ਸੋਮਵਾਰ</day>
							<day type="tue">ਮੰਗਲਵਾਰ</day>
							<day type="wed">ਬੁਧਵਾਰ</day>
							<day type="thu">ਵੀਰਵਾਰ</day>
							<day type="fri">ਸ਼ੁੱਕਰਵਾਰ</day>
							<day type="sat">ਸ਼ਨੀਚਰਵਾਰ</day>
						</dayWidth>
					</dayContext>
					<dayContext type="stand-alone">
						<dayWidth type="narrow">
							<day type="sun">ਐ</day>
							<day type="mon">ਸੋ</day>
							<day type="tue">ਮੰ</day>
							<day type="wed">ਬੁੱ</day>
							<day type="thu">ਵੀ</day>
							<day type="fri">ਸ਼ੁੱ</day>
							<day type="sat">ਸ਼</day>
						</dayWidth>
					</dayContext>
				</days>
				<quarters>
					<quarterContext type="format">
						<quarterWidth type="abbreviated">
							<quarter type="1" draft="unconfirmed">Q1</quarter>
							<quarter type="2" draft="unconfirmed">Q2</quarter>
							<quarter type="3" draft="unconfirmed">Q3</quarter>
							<quarter type="4" draft="unconfirmed">Q4</quarter>
						</quarterWidth>
						<quarterWidth type="wide">
							<quarter type="1">ਪਹਿਲਾਂ ਚੌਥਾਈ</quarter>
							<quarter type="2">ਦੂਜਾ ਚੌਥਾਈ</quarter>
							<quarter type="3">ਤੀਜਾ ਚੌਥਾਈ</quarter>
							<quarter type="4">ਚੌਥਾ ਚੌਥਾਈ</quarter>
						</quarterWidth>
					</quarterContext>
				</quarters>
				<am>ਸਵੇਰੇ</am>
				<pm>ਸ਼ਾਮ</pm>
				<eras>
					<eraNames>
						<era type="0">ਈਸਾਪੂਰਵ</era>
						<era type="1">ਸੰਨ</era>
					</eraNames>
					<eraAbbr>
						<era type="0" draft="unconfirmed">BCE</era>
						<era type="1" draft="unconfirmed">CE</era>
					</eraAbbr>
				</eras>
				<dateFormats>
					<dateFormatLength type="full">
						<dateFormat>
							<pattern>EEEE, dd MMMM y</pattern>
						</dateFormat>
					</dateFormatLength>
					<dateFormatLength type="long">
						<dateFormat>
							<pattern>d MMMM y</pattern>
						</dateFormat>
					</dateFormatLength>
					<dateFormatLength type="medium">
						<dateFormat>
							<pattern>d MMM y</pattern>
						</dateFormat>
					</dateFormatLength>
					<dateFormatLength type="short">
						<dateFormat>
							<pattern>dd/MM/yyyy</pattern>
						</dateFormat>
					</dateFormatLength>
				</dateFormats>
				<timeFormats>
					<timeFormatLength type="full">
						<timeFormat>
							<pattern>h:mm:ss a zzzz</pattern>
						</timeFormat>
					</timeFormatLength>
					<timeFormatLength type="long">
						<timeFormat>
							<pattern>h:mm:ss a z</pattern>
						</timeFormat>
					</timeFormatLength>
					<timeFormatLength type="medium">
						<timeFormat>
							<pattern>h:mm:ss a</pattern>
						</timeFormat>
					</timeFormatLength>
					<timeFormatLength type="short">
						<timeFormat>
							<pattern>h:mm a</pattern>
						</timeFormat>
					</timeFormatLength>
				</timeFormats>
				<dateTimeFormats>
					<availableFormats>
						<dateFormatItem id="HHmmss">HH:mm:ss</dateFormatItem>
						<dateFormatItem id="Md">d/M</dateFormatItem>
						<dateFormatItem id="mmss">mm:ss</dateFormatItem>
						<dateFormatItem id="yyMMM">MMM yy</dateFormatItem>
						<dateFormatItem id="yyQ">Q yy</dateFormatItem>
					</availableFormats>
				</dateTimeFormats>
				<fields>
					<field type="year">
						<displayName>ਸਾਲ</displayName>
					</field>
					<field type="month">
						<displayName>ਮਹੀਨਾ</displayName>
					</field>
					<field type="week">
						<displayName>ਹਫ਼ਤਾ</displayName>
					</field>
					<field type="day">
						<displayName>ਦਿਨ</displayName>
						<relative type="-3">ਤਿੰਨ ਦਿਨ ਪਹਿਲਾਂ</relative>
						<relative type="-2">ਪਰਸੋਂ</relative>
						<relative type="0">ਅੱਜ</relative>
						<relative type="1">ਭਲਕ</relative>
						<relative type="2">ਭਲਕ</relative>
						<relative type="3">ਤਿੰਨ ਦਿਨ ਬਾਅਦ</relative>
					</field>
					<field type="weekday">
						<displayName>ਹਫ਼ਤੇ ਦਾ ਦਿਨ</displayName>
					</field>
					<field type="hour">
						<displayName>ਘੰਟਾ</displayName>
					</field>
					<field type="minute">
						<displayName>ਮਿੰਟ</displayName>
					</field>
					<field type="zone">
						<displayName>ਖੇਤਰ</displayName>
					</field>
				</fields>
			</calendar>
		</calendars>
		<timeZoneNames>
			<hourFormat draft="unconfirmed">+HH:mm;-HH:mm</hourFormat>
			<gmtFormat draft="unconfirmed">GMT{0}</gmtFormat>
			<regionFormat draft="unconfirmed">{0}</regionFormat>
		</timeZoneNames>
	</dates>
	<numbers>
		<defaultNumberingSystem>guru</defaultNumberingSystem>
		<symbols>
			<nativeZeroDigit>0</nativeZeroDigit>
			<nativeZeroDigit alt="guru">੦</nativeZeroDigit>
		</symbols>
		<decimalFormats>
			<decimalFormatLength>
				<decimalFormat>
					<pattern>#,##,##0.###</pattern>
				</decimalFormat>
			</decimalFormatLength>
		</decimalFormats>
		<percentFormats>
			<percentFormatLength>
				<percentFormat>
					<pattern>#,##,##0%</pattern>
				</percentFormat>
			</percentFormatLength>
		</percentFormats>
		<currencyFormats>
			<currencyFormatLength>
				<currencyFormat>
					<pattern>¤ #,##,##0.00</pattern>
				</currencyFormat>
			</currencyFormatLength>
		</currencyFormats>
		<currencies>
			<currency type="AFN">
				<displayName draft="unconfirmed">ਅਫ਼ਗਾਨੀ</displayName>
			</currency>
			<currency type="EUR">
				<displayName draft="unconfirmed">ਯੂਰੋ</displayName>
			</currency>
			<currency type="INR">
				<displayName>ਰੁਪਿਯ</displayName>
				<symbol>ਰੁ.</symbol>
			</currency>
			<currency type="XXX">
				<displayName draft="unconfirmed">ਅਣਜਾਣ</displayName>
			</currency>
		</currencies>
	</numbers>
	<posix>
		<messages>
			<yesstr draft="unconfirmed">ਹਾਂ</yesstr>
			<nostr draft="unconfirmed">ਨਹੀਂ</nostr>
		</messages>
	</posix>
	<references>
		<reference type="R211" uri="http://tdil.mit.gov.in/newsIndexApr02.htm">Govt of India Vishwabhart Newsletter</reference>
	</references>
</ldml>

