<?xml version="1.0" encoding="UTF-8" ?>
<!DOCTYPE ldml SYSTEM "../../common/dtd/ldml.dtd">
<ldml>
	<identity>
		<version number="$Revision: 1.85 $"/>
		<generation date="$Date: 2009/06/15 03:46:25 $"/>
		<language type="pt"/>
		<territory type="PT"/>
	</identity>
	<localeDisplayNames>
		<languages>
			<language type="af">afrikaans</language>
			<language type="art">idioma artifical</language>
			<language type="awa">Awadhi</language>
			<language type="bai">bamileke Languages</language>
			<language type="bug">Buginese</language>
			<language type="ce">chechene</language>
			<language type="cel">idioma céltico</language>
			<language type="chn" draft="contributed">jargão chinook</language>
			<language type="cpe">crioulo ou pidgin do inglês</language>
			<language type="cpf">crioulo ou pidgin do francês</language>
			<language type="cpp" draft="contributed">crioulo ou pidgin do português</language>
			<language type="cs">checo</language>
			<language type="cus">idioma cuchita</language>
			<language type="de_CH" draft="unconfirmed">alemão alto (Suíça)</language>
			<language type="dra">idioma dravítico</language>
			<language type="dyu" draft="contributed">diula</language>
			<language type="egy">egípcio clássico</language>
			<language type="en" draft="contributed">Inglês</language>
			<language type="enm">inglês medieval</language>
			<language type="et">estónio</language>
			<language type="fiu" draft="contributed">idioma ugro-finês</language>
			<language type="frm">francês medieval</language>
			<language type="frs" draft="contributed">frísio oriental</language>
			<language type="gmh">alemão medieval alto</language>
			<language type="grc">grego clássico</language>
			<language type="gsw" draft="contributed">alemão da Suíça</language>
			<language type="hsb" draft="contributed">sorbiano superior</language>
			<language type="hy">arménio</language>
			<language type="iba">Iban</language>
			<language type="ig" draft="contributed">igbo</language>
			<language type="ik">Inupiaq</language>
			<language type="jv">jv</language>
			<language type="khi">khoisan</language>
			<language type="lez" draft="contributed">lezghiano</language>
			<language type="mga">irlandês, medieval (900-1200)</language>
			<language type="mk" draft="contributed">macedónio</language>
			<language type="nah" draft="contributed">Nauatle</language>
			<language type="nds" draft="contributed">baixo alemão</language>
			<language type="nic" draft="contributed">nigeriano - cordofano</language>
			<language type="nl_BE" draft="provisional">flamengo (Bélgica)</language>
			<language type="non">norse, old</language>
			<language type="oc" draft="contributed">provençal</language>
			<language type="os" draft="contributed">ossético</language>
			<language type="peo">persa arcaico (aprox. 600-400 a.C.)</language>
			<language type="pl">polaco</language>
			<language type="pra" draft="contributed">idioma prácito</language>
			<language type="pro">provençal, arcaico (até 1500)</language>
			<language type="pt_PT" draft="contributed">português europeu</language>
			<language type="rm" draft="provisional">reto-romance</language>
			<language type="rom" draft="contributed">romanês</language>
			<language type="sai">idioma indígeno sul-americano</language>
			<language type="sal">salishan languages</language>
			<language type="sgn">linguages de sinais</language>
			<language type="ssa">idioma nilo-sariano</language>
			<language type="ta" draft="provisional">tamil</language>
			<language type="tai" draft="contributed">idioma tailândes</language>
			<language type="tet" draft="unconfirmed">tetum</language>
			<language type="tg" draft="contributed">tajique</language>
			<language type="tl" draft="provisional">tagalogue</language>
			<language type="to">tonga</language>
			<language type="tog" draft="contributed">toganês</language>
			<language type="tyv" draft="contributed">tuviniano</language>
			<language type="wen" draft="contributed">idioma sórbio</language>
			<language type="zza" draft="provisional">zazaki</language>
		</languages>
		<scripts>
			<script type="Armn">arménio</script>
			<script type="Blis">símbolos Bliss</script>
			<script type="Brah" draft="unconfirmed">Brahmi</script>
			<script type="Cans" draft="provisional">símbolos aborígenes canadianos</script>
			<script type="Cyrs" draft="unconfirmed">cirílico (eslavónico sacro antigo)</script>
			<script type="Egyd" draft="contributed">egípcio demótico</script>
			<script type="Egyh" draft="contributed">egípcio hierático</script>
			<script type="Geok" draft="provisional">georgiano khutsuri</script>
			<script type="Inds">indus</script>
			<script type="Latf" draft="unconfirmed">latim (fraktur)</script>
			<script type="Lina" draft="contributed">linear A</script>
			<script type="Linb">linear B</script>
			<script type="Mand" draft="unconfirmed">mandaeano</script>
			<script type="Mlym" draft="unconfirmed">malaialam</script>
			<script type="Nkoo" draft="provisional">n’ko</script>
			<script type="Plrd" draft="provisional">Pollard fonético</script>
			<script type="Sgnw" draft="unconfirmed">escrita gestual</script>
			<script type="Sylo">siloti nagri</script>
			<script type="Tale">tai le</script>
			<script type="Talu" draft="provisional">tai lue moderno</script>
			<script type="Taml">tamil</script>
			<script type="Telu">telugu</script>
			<script type="Teng" draft="unconfirmed">tenguar</script>
			<script type="Xsux">cuneiforme sumero-acadiano</script>
			<script type="Zxxx">não escrito</script>
			<script type="Zzzz">inválido ou desconhecido</script>
		</scripts>
		<territories>
			<territory type="009" draft="contributed">Oceânia</territory>
			<territory type="015" draft="unconfirmed">Norte de África</territory>
			<territory type="017" draft="unconfirmed">África Interior</territory>
			<territory type="018" draft="unconfirmed">África Meridional</territory>
			<territory type="035">Sudeste Asiático</territory>
			<territory type="057" draft="unconfirmed">Micronésia</territory>
			<territory type="062" draft="unconfirmed">Ásia Sul-Central</territory>
			<territory type="151" draft="unconfirmed">Europa de Leste</territory>
			<territory type="154">Europa do Norte</territory>
			<territory type="172" draft="unconfirmed">172</territory>
			<territory type="AE">Emiratos Árabes Unidos</territory>
			<territory type="AI" draft="provisional">Anguilha</territory>
			<territory type="AM">Arménia</territory>
			<territory type="AQ">Antárctica</territory>
			<territory type="AX" draft="provisional">Ilhas Alanda</territory>
			<territory type="AZ">Azerbeijão</territory>
			<territory type="BD">Bangladeche</territory>
			<territory type="BF" draft="contributed">Burkina-Faso</territory>
			<territory type="BH">Bahrein</territory>
			<territory type="BJ">Benim</territory>
			<territory type="BS" draft="provisional">Baamas</territory>
			<territory type="BW">Botswana</territory>
			<territory type="BY">Bielorrússia</territory>
			<territory type="CC" draft="contributed">Ilhas Cocos</territory>
			<territory type="CD">República Democrática do Congo</territory>
			<territory type="CG" draft="provisional">Congo-Brazzaville</territory>
			<territory type="CX">Ilha do Natal</territory>
			<territory type="CZ">República Checa</territory>
			<territory type="EE">Estónia</territory>
			<territory type="EG">Egipto</territory>
			<territory type="EH" draft="contributed">Sara Ocidental</territory>
			<territory type="FK" draft="unconfirmed">Ilhas Falkland ou Malvinas</territory>
			<territory type="FM">Estados Federados da Micronésia</territory>
			<territory type="FO" draft="provisional">Ilhas Faroé</territory>
			<territory type="GL">Gronelândia</territory>
			<territory type="GW">Guiné-Bissau</territory>
			<territory type="HK">Hong Kong - Região Administrativa Especial da China</territory>
			<territory type="IR">Irão</territory>
			<territory type="KE">Quénia</territory>
			<territory type="KG">Quirguizistão</territory>
			<territory type="KN">Saint Kitts e Nevis</territory>
			<territory type="KW" draft="provisional">Cuaite</territory>
			<territory type="KY">Ilhas Caimão</territory>
			<territory type="KZ">Cazaquistão</territory>
			<territory type="LA">Laos, República Popular Democrática do</territory>
			<territory type="LV">Letónia</territory>
			<territory type="MC">Mónaco</territory>
			<territory type="MD">Moldávia, República da</territory>
			<territory type="MG">Madagáscar</territory>
			<territory type="MK">Macedónia, República da</territory>
			<territory type="MO">Macau - Região Administrativa Especial da China</territory>
			<territory type="MP">Ilhas Mariana do Norte</territory>
			<territory type="MS" draft="provisional">Monserrate</territory>
			<territory type="MU">Maurícias</territory>
			<territory type="MW" draft="provisional">Malaui</territory>
			<territory type="NC">Nova Caledónia</territory>
			<territory type="NF" draft="provisional">Ilha Norfolque</territory>
			<territory type="NL">Países Baixos</territory>
			<territory type="PG">Papua Nova Guiné</territory>
			<territory type="PL">Polónia</territory>
			<territory type="PS">Território Palestiniano</territory>
			<territory type="QA">Qatar</territory>
			<territory type="QO" draft="contributed">Oceânia Insular</territory>
			<territory type="RO">Roménia</territory>
			<territory type="SC">Seicheles</territory>
			<territory type="SG">Singapura</territory>
			<territory type="SI">Eslovénia</territory>
			<territory type="SJ" draft="provisional">Esvalbarda e Jan Mayen</territory>
			<territory type="SM">São Marino</territory>
			<territory type="TC">Ilhas Turcas e Caicos</territory>
			<territory type="TJ">Tajiquistão</territory>
			<territory type="TK" draft="provisional">Toquelau</territory>
			<territory type="TM">Turquemenistão</territory>
			<territory type="TT" draft="provisional">Trindade e Tobago</territory>
			<territory type="UM">Ilhas Minor Outlying (E.U.A)</territory>
			<territory type="UZ" draft="unconfirmed">Usbequistão</territory>
			<territory type="VI">Ilhas Virgin E.U.A.</territory>
			<territory type="VN">Vietname</territory>
			<territory type="YE">Iémen</territory>
			<territory type="ZW">Zimbabwe</territory>
		</territories>
		<variants>
			<variant type="1901" draft="provisional">Alemão Tradicional</variant>
			<variant type="1996" draft="provisional">Alemão Moderno</variant>
			<variant type="AREVELA" draft="contributed">arménio oriental</variant>
			<variant type="AREVMDA" draft="contributed">arménio ocidental</variant>
			<variant type="BISKE" draft="contributed">dialecto san giorgio/bila</variant>
			<variant type="BOONT" draft="contributed">buntlingue</variant>
			<variant type="FONIPA" draft="provisional">Alfabeto Fonético Internacional</variant>
			<variant type="FONUPA" draft="provisional">Alfabeto Fonético Urálico</variant>
			<variant type="LIPAW" draft="contributed">dialecto lipovaz de Resian</variant>
			<variant type="MONOTON" draft="contributed">monotónico</variant>
			<variant type="NEDIS" draft="contributed">dialecto natisone</variant>
			<variant type="NJIVA" draft="contributed">dialecto gniva/njiva</variant>
			<variant type="OSOJS" draft="contributed">dialecto oseacco/osojane</variant>
			<variant type="POLYTON" draft="contributed">politónico</variant>
			<variant type="POSIX" draft="provisional">Computador</variant>
			<variant type="REVISED" draft="provisional">Revisão Ortográfica</variant>
			<variant type="SAAHO" draft="provisional">Saho</variant>
			<variant type="SCOUSE" draft="provisional">Scouse</variant>
			<variant type="SOLBA" draft="contributed">dialecto stolvizza/solbica</variant>
		</variants>
		<keys>
			<key type="collation" draft="unconfirmed">Ordem</key>
		</keys>
		<types>
			<type type="big5han" key="collation" draft="unconfirmed">Ordem de Chinês Tradicional - Big5</type>
			<type type="direct" key="collation">Ordem Directa</type>
			<type type="gb2312han" key="collation" draft="unconfirmed">Ordem de Chinês Simplificado - GB2312</type>
			<type type="phonebook" key="collation">Ordem da Lista Telefónica</type>
		</types>
		<measurementSystemNames>
			<measurementSystemName type="metric">Métrico</measurementSystemName>
		</measurementSystemNames>
	</localeDisplayNames>
	<characters>
		<exemplarCharacters type="auxiliary">[ª ă å ä ā æ è ĕ ë ē ì ĭ î ï ī ñ º ŏ ö ø ō œ ß ù ŭ û ü ū ÿ]</exemplarCharacters>
	</characters>
	<dates>
		<calendars>
			<calendar type="buddhist">
				<dateFormats>
					<dateFormatLength type="full">
						<dateFormat>
							<pattern>EEEE, MMMM d, y G</pattern>
						</dateFormat>
					</dateFormatLength>
					<dateFormatLength type="long">
						<dateFormat>
							<pattern>MMMM d, y G</pattern>
						</dateFormat>
					</dateFormatLength>
					<dateFormatLength type="medium">
						<dateFormat>
							<pattern>MMM d, y G</pattern>
						</dateFormat>
					</dateFormatLength>
					<dateFormatLength type="short">
						<dateFormat>
							<pattern>M/d/yyyy</pattern>
						</dateFormat>
					</dateFormatLength>
				</dateFormats>
				<dateTimeFormats>
					<availableFormats>
						<dateFormatItem id="Md" draft="provisional">d-M</dateFormatItem>
						<dateFormatItem id="MMMMd" draft="provisional">d de MMMM</dateFormatItem>
					</availableFormats>
				</dateTimeFormats>
			</calendar>
			<calendar type="gregorian">
				<months>
					<monthContext type="format">
						<monthWidth type="abbreviated">
							<month type="1">Jan</month>
							<month type="2">Fev</month>
							<month type="3">Mar</month>
							<month type="4">Abr</month>
							<month type="5">Mai</month>
							<month type="6">Jun</month>
							<month type="7">Jul</month>
							<month type="8">Ago</month>
							<month type="9">Set</month>
							<month type="10">Out</month>
							<month type="11">Nov</month>
							<month type="12">Dez</month>
						</monthWidth>
						<monthWidth type="wide">
							<month type="1">Janeiro</month>
							<month type="2">Fevereiro</month>
							<month type="3">Março</month>
							<month type="4">Abril</month>
							<month type="5">Maio</month>
							<month type="6">Junho</month>
							<month type="7">Julho</month>
							<month type="8">Agosto</month>
							<month type="9">Setembro</month>
							<month type="10">Outubro</month>
							<month type="11">Novembro</month>
							<month type="12">Dezembro</month>
						</monthWidth>
					</monthContext>
				</months>
				<quarters>
					<quarterContext type="format">
						<quarterWidth type="wide">
							<quarter type="1">1.º trimestre</quarter>
							<quarter type="2">2.º trimestre</quarter>
							<quarter type="3">3.º trimestre</quarter>
							<quarter type="4">4.º trimestre</quarter>
						</quarterWidth>
					</quarterContext>
				</quarters>
				<am>Antes do meio-dia</am>
				<pm>Depois do meio-dia</pm>
				<dateFormats>
					<dateFormatLength type="medium">
						<dateFormat>
							<pattern>d 'de' MMM 'de' yyyy</pattern>
						</dateFormat>
					</dateFormatLength>
				</dateFormats>
				<dateTimeFormats>
					<availableFormats>
						<dateFormatItem id="yQ">QQQ 'de' yyyy</dateFormatItem>
						<dateFormatItem id="yQQQ">QQQ 'de' y</dateFormatItem>
						<dateFormatItem id="yyQ">QQQ 'de' yy</dateFormatItem>
					</availableFormats>
					<intervalFormats>
						<intervalFormatItem id="hm">
							<greatestDifference id="h">H'h' - H'h'</greatestDifference>
						</intervalFormatItem>
						<intervalFormatItem id="MMM">
							<greatestDifference id="M">MMM-MMM</greatestDifference>
						</intervalFormatItem>
						<intervalFormatItem id="y">
							<greatestDifference id="y">y-y</greatestDifference>
						</intervalFormatItem>
						<intervalFormatItem id="yMMMM">
							<greatestDifference id="M">MM-MM 'de' yyyy</greatestDifference>
						</intervalFormatItem>
					</intervalFormats>
				</dateTimeFormats>
			</calendar>
			<calendar type="japanese">
				<dateFormats>
					<dateFormatLength type="full">
						<dateFormat>
							<pattern>EEEE, MMMM d, y G</pattern>
						</dateFormat>
					</dateFormatLength>
					<dateFormatLength type="long">
						<dateFormat>
							<pattern>MMMM d, y G</pattern>
						</dateFormat>
					</dateFormatLength>
					<dateFormatLength type="medium">
						<dateFormat>
							<pattern>MMM d, y G</pattern>
						</dateFormat>
					</dateFormatLength>
					<dateFormatLength type="short">
						<dateFormat>
							<pattern>M/d/yy</pattern>
						</dateFormat>
					</dateFormatLength>
				</dateFormats>
			</calendar>
		</calendars>
		<timeZoneNames>
			<zone type="America/Argentina/Tucuman">
				<exemplarCity>Tucumán</exemplarCity>
			</zone>
			<zone type="America/Cuiaba">
				<exemplarCity>Cuibá</exemplarCity>
			</zone>
			<zone type="America/Araguaina">
				<exemplarCity>Araguaina</exemplarCity>
			</zone>
			<zone type="America/Bahia">
				<exemplarCity>Baía</exemplarCity>
			</zone>
			<zone type="America/St_Johns">
				<exemplarCity draft="provisional">St.John's</exemplarCity>
			</zone>
			<zone type="Pacific/Easter">
				<exemplarCity draft="provisional">Páscoa</exemplarCity>
			</zone>
			<zone type="Europe/Madrid">
				<exemplarCity>Madrid</exemplarCity>
			</zone>
			<zone type="Africa/Casablanca">
				<exemplarCity draft="provisional">Marrocos</exemplarCity>
			</zone>
			<zone type="Asia/Ulaanbaatar">
				<exemplarCity>Ulan Bator</exemplarCity>
			</zone>
			<zone type="America/Cancun">
				<exemplarCity>Cancun</exemplarCity>
			</zone>
			<zone type="Europe/Kaliningrad">
				<exemplarCity>Kaliningrado</exemplarCity>
			</zone>
			<zone type="Europe/Moscow">
				<exemplarCity>Moscovo</exemplarCity>
			</zone>
			<zone type="Asia/Sakhalin">
				<exemplarCity>Sacalina</exemplarCity>
			</zone>
			<zone type="America/North_Dakota/Center">
				<exemplarCity>Center</exemplarCity>
			</zone>
			<zone type="America/Indiana/Petersburg">
				<exemplarCity draft="provisional">Petersburgo</exemplarCity>
			</zone>
			<metazone type="Acre">
				<long>
					<standard draft="contributed">Hora do Acre</standard>
					<daylight draft="contributed">Hora de Verão do Acre</daylight>
				</long>
				<commonlyUsed>false</commonlyUsed>
			</metazone>
			<metazone type="Afghanistan">
				<long>
					<standard draft="contributed">Hora do Afeganistão</standard>
				</long>
				<commonlyUsed draft="contributed">true</commonlyUsed>
			</metazone>
			<metazone type="Africa_Central">
				<long>
					<standard draft="contributed">Hora da África Central</standard>
				</long>
				<commonlyUsed draft="contributed">true</commonlyUsed>
			</metazone>
			<metazone type="Africa_Eastern">
				<long>
					<standard draft="contributed">Hora da África Oriental</standard>
				</long>
				<commonlyUsed draft="contributed">true</commonlyUsed>
			</metazone>
			<metazone type="Africa_FarWestern">
				<long>
					<generic draft="contributed">Hora do Sara Ocidental</generic>
				</long>
				<short>
					<generic draft="contributed">Hora do Sara Ocidental</generic>
				</short>
				<commonlyUsed draft="contributed">true</commonlyUsed>
			</metazone>
			<metazone type="Africa_Southern">
				<long>
					<generic draft="contributed">Hora da África do Sul</generic>
					<standard draft="contributed">Hora Padrão da África do Sul</standard>
				</long>
				<commonlyUsed draft="contributed">true</commonlyUsed>
			</metazone>
			<metazone type="Africa_Western">
				<long>
					<generic draft="contributed">Hora da Nigéria</generic>
					<standard draft="contributed">Hora da África Ocidental</standard>
					<daylight draft="contributed">Hora de Verão da África Ocidental</daylight>
				</long>
				<short>
					<generic draft="contributed">Hora da Nigéria</generic>
				</short>
				<commonlyUsed draft="contributed">true</commonlyUsed>
			</metazone>
			<metazone type="Aktyubinsk">
				<long>
					<standard draft="contributed">Hora de Aktyubinsk</standard>
					<daylight draft="contributed">Hora de Verão de Aktyubinsk</daylight>
				</long>
				<commonlyUsed draft="contributed">true</commonlyUsed>
			</metazone>
			<metazone type="Alaska">
				<long>
					<generic draft="contributed">Hora do Alaska</generic>
					<standard draft="contributed">Hora Padrão do Alaska</standard>
					<daylight draft="contributed">Hora de Verão do Alaska</daylight>
				</long>
			</metazone>
			<metazone type="Alaska_Hawaii">
				<long>
					<generic draft="contributed">Hora do Alaska- Havai</generic>
					<standard draft="contributed">Hora Padrão do Alaska-Havai</standard>
					<daylight draft="contributed">Hora de Verão do Alaska-Havai</daylight>
				</long>
				<commonlyUsed draft="contributed">true</commonlyUsed>
			</metazone>
			<metazone type="Almaty">
				<long>
					<standard draft="contributed">Hora de Almaty</standard>
					<daylight draft="contributed">Hora de Verão de Almaty</daylight>
				</long>
				<commonlyUsed draft="contributed">true</commonlyUsed>
			</metazone>
			<metazone type="Amazon">
				<long>
					<standard draft="contributed">Hora do Amazonas</standard>
					<daylight draft="contributed">Hora de Verão do Amazonas</daylight>
				</long>
				<commonlyUsed>false</commonlyUsed>
			</metazone>
			<metazone type="America_Central">
				<long>
					<generic draft="contributed">Hora Central</generic>
					<standard draft="contributed">Hora Padrão Central</standard>
					<daylight draft="contributed">Hora de Verão Central</daylight>
				</long>
			</metazone>
			<metazone type="America_Eastern">
				<long>
					<generic draft="contributed">Hora Oriental</generic>
					<standard draft="contributed">Hora Padrão Oriental</standard>
					<daylight draft="contributed">Hora de Verão Oriental</daylight>
				</long>
				<commonlyUsed draft="contributed">true</commonlyUsed>
			</metazone>
			<metazone type="America_Mountain">
				<long>
					<generic draft="contributed">Hora da Montanha</generic>
					<standard draft="contributed">Hora Padrão da Montanha</standard>
					<daylight draft="contributed">Hora de Verão da Montanha</daylight>
				</long>
				<commonlyUsed draft="contributed">true</commonlyUsed>
			</metazone>
			<metazone type="America_Pacific">
				<long>
					<generic draft="contributed">Hora do Pacífico</generic>
					<standard draft="contributed">Hora Padrão do Pacífico</standard>
					<daylight draft="contributed">Hora de Verão do Pacífico</daylight>
				</long>
				<commonlyUsed draft="contributed">true</commonlyUsed>
			</metazone>
			<metazone type="Anadyr">
				<long>
					<standard draft="contributed">Hora de Anadyr</standard>
					<daylight draft="contributed">Hora de Verão de Anadyr</daylight>
				</long>
				<commonlyUsed draft="contributed">true</commonlyUsed>
			</metazone>
			<metazone type="Aqtau">
				<long>
					<standard draft="contributed">Hora de Aqtau</standard>
					<daylight draft="contributed">Hora de Verão de Aqtau</daylight>
				</long>
				<commonlyUsed draft="contributed">true</commonlyUsed>
			</metazone>
			<metazone type="Aqtobe">
				<long>
					<standard draft="contributed">Hora de Aqtobe</standard>
					<daylight draft="contributed">Hora de Verão de Aqtobe</daylight>
				</long>
				<commonlyUsed draft="contributed">true</commonlyUsed>
			</metazone>
			<metazone type="Arabian">
				<long>
					<generic draft="contributed">Hora da Arábia</generic>
					<standard draft="contributed">Hora Padrão da Arábia</standard>
					<daylight draft="contributed">Hora de Verão da Arábia</daylight>
				</long>
			</metazone>
			<metazone type="Argentina">
				<long>
					<standard draft="contributed">Hora da Argentina</standard>
					<daylight draft="contributed">Hora de Verão da Argentina</daylight>
				</long>
				<commonlyUsed draft="contributed">true</commonlyUsed>
			</metazone>
			<metazone type="Argentina_Western">
				<long>
					<standard draft="contributed">Hora da Argentina Ocidental</standard>
				</long>
				<commonlyUsed draft="contributed">true</commonlyUsed>
			</metazone>
			<metazone type="Armenia">
				<long>
					<generic draft="contributed">Hora da Arménia</generic>
					<standard draft="contributed">Hora da Arménia</standard>
					<daylight draft="contributed">Hora de Verão da Arménia</daylight>
				</long>
				<short>
					<generic draft="contributed">Hora da Arménia</generic>
					<standard draft="contributed">AMT (Arménia)</standard>
					<daylight draft="contributed">AMST (Arménia)</daylight>
				</short>
				<commonlyUsed draft="contributed">true</commonlyUsed>
			</metazone>
			<metazone type="Ashkhabad">
				<long>
					<generic draft="contributed">Hora do Turquemenistão</generic>
					<standard draft="contributed">Hora de Ashkhabad</standard>
					<daylight draft="contributed">Hora de Verão de Ashkhabad</daylight>
				</long>
				<short>
					<generic draft="contributed">Hora do Turquemenistão</generic>
				</short>
				<commonlyUsed draft="contributed">true</commonlyUsed>
			</metazone>
			<metazone type="Atlantic">
				<long>
					<generic draft="contributed">Hora do Atlântico</generic>
					<standard draft="contributed">Hora Padrão do Atlântico</standard>
					<daylight draft="contributed">Hora de Verão do Atlântico</daylight>
				</long>
				<commonlyUsed draft="contributed">true</commonlyUsed>
			</metazone>
			<metazone type="Australia_Central">
				<long>
					<generic draft="contributed">Hora da Austrália Central</generic>
					<standard draft="contributed">Hora Padrão da Austrália Central</standard>
					<daylight draft="contributed">Hora de Verão da Austrália Central</daylight>
				</long>
				<commonlyUsed draft="contributed">true</commonlyUsed>
			</metazone>
			<metazone type="Australia_CentralWestern">
				<long>
					<generic draft="contributed">Hora da Austrália Central Ocidental</generic>
					<standard draft="contributed">Hora Padrão da Austrália Central Ocidental</standard>
					<daylight draft="contributed">Hora de Verão da Austrália Central Ocidental</daylight>
				</long>
				<commonlyUsed draft="contributed">true</commonlyUsed>
			</metazone>
			<metazone type="Australia_Eastern">
				<long>
					<generic draft="contributed">Hora da Austrália Oriental</generic>
					<standard draft="contributed">Hora Padrão da Austrália Oriental</standard>
					<daylight draft="contributed">Hora de Verão da Austrália Oriental</daylight>
				</long>
				<commonlyUsed draft="contributed">true</commonlyUsed>
			</metazone>
			<metazone type="Australia_Western">
				<long>
					<generic draft="contributed">Hora da Austrália Ocidental</generic>
					<standard draft="contributed">Hora Padrão da Austrália Ocidental</standard>
					<daylight draft="contributed">Hora de Verão da Austrália Ocidental</daylight>
				</long>
			</metazone>
			<metazone type="Azerbaijan">
				<long>
					<generic draft="contributed">Hora do Azerbeijão</generic>
					<standard draft="contributed">Hora do Azerbeijão</standard>
					<daylight draft="contributed">Hora de Verão do Azerbeijão</daylight>
				</long>
				<short>
					<generic draft="contributed">Hora do Azerbeijão</generic>
				</short>
				<commonlyUsed draft="contributed">true</commonlyUsed>
			</metazone>
			<metazone type="Azores">
				<long>
					<standard draft="contributed">Hora dos Açores</standard>
					<daylight draft="contributed">Hora de Verão dos Açores</daylight>
				</long>
				<commonlyUsed draft="contributed">true</commonlyUsed>
			</metazone>
			<metazone type="Baku">
				<long>
					<generic draft="contributed">Hora do Azerbeijão</generic>
					<standard draft="contributed">Hora de Baku</standard>
					<daylight draft="contributed">Hora de Verão de Baku</daylight>
				</long>
				<short>
					<generic draft="contributed">Hora do Azerbeijão</generic>
				</short>
				<commonlyUsed draft="contributed">true</commonlyUsed>
			</metazone>
			<metazone type="Bangladesh">
				<long>
					<generic draft="contributed">Hora do Bangladesh</generic>
					<standard draft="contributed">Hora do Bangladesh</standard>
				</long>
				<short>
					<generic draft="contributed">Hora do Bangladesh</generic>
				</short>
				<commonlyUsed draft="contributed">true</commonlyUsed>
			</metazone>
			<metazone type="Bering">
				<long>
					<generic draft="contributed">Hora de Bering</generic>
					<standard draft="contributed">Hora Padrão de Bering</standard>
					<daylight draft="contributed">Hora de Verão de Bring</daylight>
				</long>
				<commonlyUsed draft="contributed">true</commonlyUsed>
			</metazone>
			<metazone type="Bhutan">
				<long>
					<generic draft="contributed">Hora do Botão</generic>
					<standard draft="contributed">Hora do Botão</standard>
				</long>
				<short>
					<generic draft="contributed">Hora do Botão</generic>
				</short>
				<commonlyUsed draft="contributed">true</commonlyUsed>
			</metazone>
			<metazone type="Bolivia">
				<long>
					<standard draft="contributed">Hora da Bolívia</standard>
				</long>
				<commonlyUsed draft="contributed">true</commonlyUsed>
			</metazone>
			<metazone type="Borneo">
				<long>
					<standard draft="contributed">Hora do Bornéu</standard>
					<daylight draft="contributed">Hora de Verão do Bornéu</daylight>
				</long>
				<commonlyUsed draft="contributed">true</commonlyUsed>
			</metazone>
			<metazone type="Brasilia">
				<long>
					<standard draft="contributed">Hora de Brasília</standard>
					<daylight draft="contributed">Hora de Verão de Brasília</daylight>
				</long>
				<commonlyUsed>false</commonlyUsed>
			</metazone>
			<metazone type="British">
				<commonlyUsed draft="contributed">true</commonlyUsed>
			</metazone>
			<metazone type="Brunei">
				<long>
					<generic draft="contributed">Hora do Brunei</generic>
					<standard draft="contributed">Hora do Brunei Darussalam</standard>
				</long>
				<short>
					<generic draft="contributed">Hora do Brunei</generic>
				</short>
				<commonlyUsed draft="contributed">true</commonlyUsed>
			</metazone>
			<metazone type="Cape_Verde">
				<long>
					<standard draft="contributed">Hora de Cabo Verde</standard>
					<daylight draft="contributed">Hora de Verão de Cabo Verde</daylight>
				</long>
				<commonlyUsed draft="contributed">true</commonlyUsed>
			</metazone>
			<metazone type="Chamorro">
				<long>
					<generic draft="contributed">Hora de Chamarro</generic>
					<standard draft="contributed">Hora Padrão de Chamarro</standard>
				</long>
				<commonlyUsed draft="contributed">true</commonlyUsed>
			</metazone>
			<metazone type="Changbai">
				<long>
					<standard draft="contributed">Hora de Changbai</standard>
				</long>
				<commonlyUsed draft="contributed">true</commonlyUsed>
			</metazone>
			<metazone type="Chatham">
				<long>
					<standard draft="contributed">Hora Padrão de Chatham</standard>
					<daylight draft="contributed">Hora de Verão de Chatham</daylight>
				</long>
				<commonlyUsed draft="contributed">true</commonlyUsed>
			</metazone>
			<metazone type="Chile">
				<long>
					<standard draft="contributed">Hora do Chile</standard>
					<daylight draft="contributed">Hora de Verão do Chile</daylight>
				</long>
				<commonlyUsed draft="contributed">true</commonlyUsed>
			</metazone>
			<metazone type="China">
				<long>
					<generic draft="contributed">Hora da China</generic>
					<standard draft="contributed">Hora Padrão da China</standard>
					<daylight draft="contributed">Hora de Verão da China</daylight>
				</long>
				<commonlyUsed draft="contributed">true</commonlyUsed>
			</metazone>
			<metazone type="Choibalsan">
				<long>
					<standard draft="contributed">Hora de Choibalsan</standard>
					<daylight draft="contributed">Hora de Verão de Choibalsan</daylight>
				</long>
				<commonlyUsed draft="contributed">true</commonlyUsed>
			</metazone>
			<metazone type="Christmas">
				<long>
					<standard draft="contributed">Hora da Ilha de Natal</standard>
				</long>
				<commonlyUsed draft="contributed">true</commonlyUsed>
			</metazone>
			<metazone type="Cocos">
				<long>
					<standard draft="contributed">Hora das Ilhas Cocos</standard>
				</long>
				<commonlyUsed draft="contributed">true</commonlyUsed>
			</metazone>
			<metazone type="Colombia">
				<long>
					<standard draft="contributed">Hora da Colômbia</standard>
					<daylight draft="contributed">Hora de Verão da Colômbia</daylight>
				</long>
				<commonlyUsed draft="contributed">true</commonlyUsed>
			</metazone>
			<metazone type="Cook">
				<long>
					<generic draft="contributed">Hora das Ilhas Cook</generic>
					<standard draft="contributed">Hora das Ilhas Cook</standard>
					<daylight draft="contributed">Hora Intermédia de Verão das Ilhas Cook</daylight>
				</long>
				<short>
					<generic draft="contributed">Hora das Ilhas Cook</generic>
				</short>
				<commonlyUsed draft="contributed">true</commonlyUsed>
			</metazone>
			<metazone type="Cuba">
				<long>
					<generic draft="contributed">Hora de Cuba</generic>
					<standard draft="contributed">Hora Padrão de Cuba</standard>
					<daylight draft="contributed">Hora de Verão de Cuba</daylight>
				</long>
				<commonlyUsed draft="contributed">true</commonlyUsed>
			</metazone>
			<metazone type="Dacca">
				<long>
					<generic draft="contributed">Hora do Bangladesh</generic>
					<standard draft="contributed">Hora de Dacca</standard>
				</long>
				<short>
					<generic draft="contributed">Hora do Bangladesh</generic>
				</short>
				<commonlyUsed draft="contributed">true</commonlyUsed>
			</metazone>
			<metazone type="Davis">
				<long>
					<standard draft="contributed">Hora de Davis</standard>
				</long>
			</metazone>
			<metazone type="Dominican">
				<commonlyUsed draft="contributed">true</commonlyUsed>
			</metazone>
			<metazone type="DumontDUrville">
				<long>
					<standard draft="contributed">Hora de Dumont-d'Urville</standard>
				</long>
			</metazone>
			<metazone type="Dushanbe">
				<long>
					<generic draft="contributed">Hora do Tajiquistão</generic>
					<standard draft="contributed">Hora de Dushanbe</standard>
					<daylight draft="contributed">Hora de Verão de Dushanbe</daylight>
				</long>
				<short>
					<generic draft="contributed">Hora do Tajiquistão</generic>
				</short>
				<commonlyUsed draft="contributed">true</commonlyUsed>
			</metazone>
			<metazone type="Dutch_Guiana">
				<long>
					<standard draft="contributed">Hora da Guiana Holandesa</standard>
				</long>
				<commonlyUsed draft="contributed">true</commonlyUsed>
			</metazone>
			<metazone type="East_Timor">
				<long>
					<generic draft="contributed">Hora de Timor Leste</generic>
					<standard draft="contributed">Hora de Timor Leste</standard>
				</long>
				<short>
					<generic draft="contributed">Hora de Timor Leste</generic>
				</short>
				<commonlyUsed draft="contributed">true</commonlyUsed>
			</metazone>
			<metazone type="Easter">
				<long>
					<standard draft="contributed">Hora da Ilha de Páscoa</standard>
					<daylight draft="contributed">Hora de Verão da Ilha de Páscoa</daylight>
				</long>
				<commonlyUsed draft="contributed">true</commonlyUsed>
			</metazone>
			<metazone type="Ecuador">
				<long>
					<standard draft="contributed">Hora do Equador</standard>
				</long>
				<commonlyUsed draft="contributed">true</commonlyUsed>
			</metazone>
			<metazone type="Europe_Central">
				<long>
					<standard>Horário Padrão da Europa Central</standard>
					<daylight draft="contributed">Hora de Verão da Europa Central</daylight>
				</long>
				<commonlyUsed draft="contributed">true</commonlyUsed>
			</metazone>
			<metazone type="Europe_Eastern">
				<long>
					<standard draft="contributed">Hora da Europa Oriental</standard>
					<daylight draft="contributed">Hora de Verão da Europa Oriental</daylight>
				</long>
				<commonlyUsed draft="contributed">true</commonlyUsed>
			</metazone>
			<metazone type="Europe_Western">
				<long>
					<standard draft="contributed">Hora da Europa Ocidental</standard>
					<daylight draft="contributed">Hora de Verão da Europa Ocidental</daylight>
				</long>
				<commonlyUsed draft="contributed">true</commonlyUsed>
			</metazone>
			<metazone type="Falkland">
				<long>
					<standard draft="contributed">Hora das Ilhas Malvinas</standard>
					<daylight draft="contributed">Hora de Verão das Ilhas Malvinas</daylight>
				</long>
				<commonlyUsed draft="contributed">true</commonlyUsed>
			</metazone>
			<metazone type="Fiji">
				<long>
					<generic draft="contributed">Hora das Ilhas Fiji</generic>
					<standard draft="contributed">Hora das Ilhas Fiji</standard>
					<daylight draft="contributed">Hora de Verão das Ilhas Fiji</daylight>
				</long>
				<short>
					<generic draft="contributed">Hora das Ilhas Fiji</generic>
				</short>
				<commonlyUsed draft="contributed">true</commonlyUsed>
			</metazone>
			<metazone type="French_Guiana">
				<long>
					<standard draft="contributed">Hora da Guiana Francesa</standard>
				</long>
				<commonlyUsed draft="contributed">true</commonlyUsed>
			</metazone>
			<metazone type="French_Southern">
				<long>
					<standard draft="contributed">Hora da Antártida e dos Territórios Franceses do Sul</standard>
				</long>
				<commonlyUsed draft="contributed">true</commonlyUsed>
			</metazone>
			<metazone type="Frunze">
				<long>
					<generic draft="contributed">Hora do Quirguizistão</generic>
					<standard draft="contributed">Hora de Frunze</standard>
					<daylight draft="contributed">Hora de Verão de Frunze</daylight>
				</long>
				<short>
					<generic draft="contributed">Hora do Quirguizistão</generic>
				</short>
				<commonlyUsed draft="contributed">true</commonlyUsed>
			</metazone>
			<metazone type="Galapagos">
				<long>
					<standard draft="contributed">Hora de Galápagos</standard>
				</long>
			</metazone>
			<metazone type="Gambier">
				<long>
					<standard draft="contributed">Hora de Gambier</standard>
				</long>
			</metazone>
			<metazone type="Georgia">
				<long>
					<generic draft="contributed">Hora da Geórgia</generic>
					<standard draft="contributed">Hora da Georgia</standard>
					<daylight draft="contributed">Hora de Verão da Georgia</daylight>
				</long>
				<short>
					<generic draft="contributed">Hora da Geórgia</generic>
				</short>
				<commonlyUsed draft="contributed">true</commonlyUsed>
			</metazone>
			<metazone type="Gilbert_Islands">
				<long>
					<standard draft="contributed">Hora das Ilhas Gilbert</standard>
				</long>
			</metazone>
			<metazone type="GMT">
				<long>
					<standard draft="contributed">Hora do Meridiano de Greenwich</standard>
				</long>
			</metazone>
			<metazone type="Goose_Bay">
				<commonlyUsed draft="contributed">true</commonlyUsed>
			</metazone>
			<metazone type="Greenland_Central">
				<long>
					<standard draft="contributed">Hora da Gronelândia Central</standard>
					<daylight draft="contributed">Hora de Verão da Gronelândia Central</daylight>
				</long>
				<commonlyUsed draft="contributed">true</commonlyUsed>
			</metazone>
			<metazone type="Guam">
				<long>
					<standard draft="contributed">Hora Padrão de Guam</standard>
				</long>
			</metazone>
			<metazone type="Gulf">
				<long>
					<standard draft="contributed">Hora Padrão do Golfo</standard>
				</long>
				<commonlyUsed draft="contributed">true</commonlyUsed>
			</metazone>
			<metazone type="Hawaii_Aleutian">
				<long>
					<standard draft="contributed">Hora Padrão do Havai</standard>
				</long>
			</metazone>
			<metazone type="Hong_Kong">
				<long>
					<generic draft="contributed">Hora de Hong Kong - Região Administrativa Especial da China</generic>
					<standard draft="contributed">Hora de Hong Kong</standard>
					<daylight draft="contributed">Hora de Verão de Hong Kong</daylight>
				</long>
				<short>
					<generic draft="contributed">Hora de Hong Kong - Região Administrativa Especial da China</generic>
				</short>
				<commonlyUsed draft="contributed">true</commonlyUsed>
			</metazone>
			<metazone type="Hovd">
				<long>
					<standard draft="contributed">Hora de Hovd</standard>
					<daylight draft="contributed">Hora de Verão de Hovd</daylight>
				</long>
				<commonlyUsed draft="contributed">true</commonlyUsed>
			</metazone>
			<metazone type="India">
				<long>
					<generic draft="contributed">Hora da Índia</generic>
					<standard draft="contributed">Hora Padrão da Índia</standard>
				</long>
				<short>
					<generic draft="contributed">Hora da Índia</generic>
				</short>
				<commonlyUsed draft="contributed">true</commonlyUsed>
			</metazone>
			<metazone type="Indian_Ocean">
				<long>
					<standard draft="contributed">Hora do Oceano Índico</standard>
				</long>
			</metazone>
			<metazone type="Indochina">
				<long>
					<generic draft="contributed">Hora do Vietname</generic>
				</long>
				<short>
					<generic draft="contributed">Hora do Vietname</generic>
				</short>
				<commonlyUsed draft="contributed">true</commonlyUsed>
			</metazone>
			<metazone type="Indonesia_Central">
				<long>
					<standard draft="contributed">Hora da Indonésia Central</standard>
				</long>
				<commonlyUsed draft="contributed">true</commonlyUsed>
			</metazone>
			<metazone type="Indonesia_Eastern">
				<long>
					<standard draft="contributed">Hora da Indonésia Oriental</standard>
				</long>
				<commonlyUsed draft="contributed">true</commonlyUsed>
			</metazone>
			<metazone type="Indonesia_Western">
				<long>
					<standard draft="contributed">Hora da Indonésia Ocidental</standard>
				</long>
				<commonlyUsed draft="contributed">true</commonlyUsed>
			</metazone>
			<metazone type="Iran">
				<long>
					<generic draft="contributed">Hora do Irão</generic>
					<standard draft="contributed">Hora Padrão do Irão</standard>
					<daylight draft="contributed">Hora de Verão do Irão</daylight>
				</long>
				<short>
					<generic draft="contributed">Hora do Irão</generic>
				</short>
				<commonlyUsed draft="contributed">true</commonlyUsed>
			</metazone>
			<metazone type="Irish">
				<commonlyUsed draft="contributed">true</commonlyUsed>
			</metazone>
			<metazone type="Irkutsk">
				<long>
					<standard draft="contributed">Hora de Irkutsk</standard>
					<daylight draft="contributed">Hora de Verão de Irkutsk</daylight>
				</long>
				<commonlyUsed draft="contributed">true</commonlyUsed>
			</metazone>
			<metazone type="Israel">
				<long>
					<generic draft="contributed">Hora de Israel</generic>
					<standard draft="contributed">Hora Padrão de Israel</standard>
					<daylight draft="contributed">Hora de Verão de Israel</daylight>
				</long>
				<short>
					<generic draft="contributed">Hora de Israel</generic>
				</short>
				<commonlyUsed draft="contributed">true</commonlyUsed>
			</metazone>
			<metazone type="Japan">
				<long>
					<generic draft="contributed">Hora do Japão</generic>
					<standard draft="contributed">Hora Padrão do Japão</standard>
					<daylight draft="contributed">Hora de Verão do Japão</daylight>
				</long>
				<commonlyUsed draft="contributed">true</commonlyUsed>
			</metazone>
			<metazone type="Kamchatka">
				<long>
					<standard draft="contributed">Hora de Petropavlovsk-Kamchatski</standard>
					<daylight draft="contributed">Hora de Verão de Petropavlovsk-Kamchatski</daylight>
				</long>
				<commonlyUsed draft="contributed">true</commonlyUsed>
			</metazone>
			<metazone type="Karachi">
				<long>
					<generic draft="contributed">Hora do Paquistão</generic>
					<standard draft="contributed">Hora de Carachi</standard>
				</long>
				<short>
					<generic draft="contributed">Hora do Paquistão</generic>
				</short>
				<commonlyUsed draft="contributed">true</commonlyUsed>
			</metazone>
			<metazone type="Kashgar">
				<long>
					<standard draft="contributed">Hora de Kashgar</standard>
				</long>
				<commonlyUsed draft="contributed">true</commonlyUsed>
			</metazone>
			<metazone type="Kazakhstan_Eastern">
				<long>
					<generic draft="contributed">Hora do Casaquistão do Leste</generic>
					<standard draft="contributed">Hora Padrão do Cazaquistão do Leste</standard>
				</long>
				<commonlyUsed draft="contributed">true</commonlyUsed>
			</metazone>
			<metazone type="Kazakhstan_Western">
				<long>
					<generic draft="contributed">Hora do Casaquistão do Oeste</generic>
					<standard draft="contributed">Hora Padrão do Casaquistão do Oeste</standard>
				</long>
				<commonlyUsed draft="contributed">true</commonlyUsed>
			</metazone>
			<metazone type="Kizilorda">
				<long>
					<standard draft="contributed">Hora de Kizilorda</standard>
					<daylight draft="contributed">Hora de Verão de Kizilorda</daylight>
				</long>
				<commonlyUsed draft="contributed">true</commonlyUsed>
			</metazone>
			<metazone type="Korea">
				<long>
					<generic draft="contributed">Hora da Coreia</generic>
					<standard draft="contributed">Hora Padrão da Coreia</standard>
					<daylight draft="contributed">Hora de Verão da Coreia</daylight>
				</long>
				<commonlyUsed draft="contributed">true</commonlyUsed>
			</metazone>
			<metazone type="Kosrae">
				<long>
					<standard draft="contributed">Hora de Kosrae</standard>
				</long>
			</metazone>
			<metazone type="Krasnoyarsk">
				<long>
					<standard draft="contributed">Hora de Krasnoyarsk</standard>
					<daylight draft="contributed">Hora de Verão de Krasnoyarsk</daylight>
				</long>
				<commonlyUsed draft="contributed">true</commonlyUsed>
			</metazone>
			<metazone type="Kuybyshev">
				<long>
					<standard draft="contributed">Hora de Kuybyshev</standard>
					<daylight draft="contributed">Hora de Verão de Kuybyshev</daylight>
				</long>
				<commonlyUsed draft="contributed">true</commonlyUsed>
			</metazone>
			<metazone type="Kwajalein">
				<long>
					<standard draft="contributed">Hora de Kwajalein</standard>
				</long>
			</metazone>
			<metazone type="Kyrgystan">
				<long>
					<generic draft="contributed">Hora do Quirguizistão</generic>
					<standard draft="contributed">Hora do Quirguizistão</standard>
				</long>
				<short>
					<generic draft="contributed">Hora do Quirguizistão</generic>
				</short>
				<commonlyUsed draft="contributed">true</commonlyUsed>
			</metazone>
			<metazone type="Lanka">
				<long>
					<generic draft="contributed">Hora do Sri Lanka</generic>
					<standard draft="contributed">Hora do Sri Lanka</standard>
				</long>
				<short>
					<generic draft="contributed">Hora do Sri Lanka</generic>
				</short>
				<commonlyUsed draft="contributed">true</commonlyUsed>
			</metazone>
			<metazone type="Liberia">
				<long>
					<generic draft="contributed">Hora da Libéria</generic>
				</long>
				<short>
					<generic draft="contributed">Hora da Libéria</generic>
				</short>
				<commonlyUsed draft="contributed">true</commonlyUsed>
			</metazone>
			<metazone type="Line_Islands">
				<long>
					<standard draft="contributed">Hora das Ilhas Line</standard>
				</long>
				<commonlyUsed draft="contributed">true</commonlyUsed>
			</metazone>
			<metazone type="Long_Shu">
				<long>
					<standard draft="contributed">Hora de Long-Shu</standard>
				</long>
				<commonlyUsed draft="contributed">true</commonlyUsed>
			</metazone>
			<metazone type="Lord_Howe">
				<long>
					<generic draft="contributed">Hora de Lord Howe</generic>
					<standard draft="contributed">Hora Padrão de Lord Howe</standard>
					<daylight draft="contributed">Hora de Verão de Lord Howe</daylight>
				</long>
			</metazone>
			<metazone type="Macau">
				<long>
					<generic draft="contributed">Hora de Macau - Região Administrativa Especial da China</generic>
					<standard draft="contributed">Hora de Macau</standard>
					<daylight draft="contributed">Hora de Verão de Macau</daylight>
				</long>
				<short>
					<generic draft="contributed">Hora de Macau - Região Administrativa Especial da China</generic>
				</short>
				<commonlyUsed draft="contributed">true</commonlyUsed>
			</metazone>
			<metazone type="Magadan">
				<long>
					<standard draft="contributed">Hora de Magadan</standard>
					<daylight draft="contributed">Hora de Verão de Magadan</daylight>
				</long>
				<commonlyUsed draft="contributed">true</commonlyUsed>
			</metazone>
			<metazone type="Malaya">
				<long>
					<generic draft="contributed">Hora da Malásia</generic>
					<standard draft="contributed">Hora de Malaia</standard>
				</long>
				<short>
					<generic draft="contributed">Hora da Malásia</generic>
				</short>
				<commonlyUsed draft="contributed">true</commonlyUsed>
			</metazone>
			<metazone type="Malaysia">
				<long>
					<standard draft="contributed">Hora da Malásia</standard>
				</long>
				<commonlyUsed draft="contributed">true</commonlyUsed>
			</metazone>
			<metazone type="Maldives">
				<long>
					<standard draft="contributed">Hora das Ilhas Maldivas</standard>
				</long>
			</metazone>
			<metazone type="Marquesas">
				<long>
					<standard draft="contributed">Hora das Marquesas</standard>
				</long>
				<commonlyUsed draft="contributed">true</commonlyUsed>
			</metazone>
			<metazone type="Marshall_Islands">
				<long>
					<standard draft="contributed">Hora das Ilhas Marshall</standard>
				</long>
				<commonlyUsed draft="contributed">true</commonlyUsed>
			</metazone>
			<metazone type="Mauritius">
				<long>
					<standard draft="contributed">Hora das Ilhas Maurícias</standard>
				</long>
			</metazone>
			<metazone type="Mawson">
				<long>
					<standard draft="contributed">Hora de Mawson</standard>
				</long>
			</metazone>
			<metazone type="Mongolia">
				<long>
					<standard draft="contributed">Hora de Ulan Bator</standard>
					<daylight draft="contributed">Hora de Verão de Ulan Bator</daylight>
				</long>
				<commonlyUsed draft="contributed">true</commonlyUsed>
			</metazone>
			<metazone type="Moscow">
				<long>
					<generic draft="contributed">Hora de Moscovo</generic>
					<standard draft="contributed">Hora Padrão de Moscovo</standard>
					<daylight draft="contributed">Hora de Verão de Moscovo</daylight>
				</long>
				<commonlyUsed draft="contributed">true</commonlyUsed>
			</metazone>
			<metazone type="Myanmar">
				<long>
					<generic draft="contributed">Hora de Mianmar</generic>
				</long>
				<short>
					<generic draft="contributed">Hora de Mianmar</generic>
				</short>
				<commonlyUsed draft="contributed">true</commonlyUsed>
			</metazone>
			<metazone type="Nauru">
				<long>
					<standard draft="contributed">Hora de Nauru</standard>
				</long>
				<commonlyUsed draft="contributed">true</commonlyUsed>
			</metazone>
			<metazone type="Nepal">
				<long>
					<generic draft="contributed">Hora do Nepal</generic>
					<standard draft="contributed">Hora do Nepal</standard>
				</long>
				<short>
					<generic draft="contributed">Hora do Nepal</generic>
				</short>
				<commonlyUsed draft="contributed">true</commonlyUsed>
			</metazone>
			<metazone type="New_Caledonia">
				<long>
					<generic draft="contributed">Hora da Nova Caledónia</generic>
					<standard draft="contributed">Hora da Nova Caledónia</standard>
					<daylight draft="contributed">Hora de Verão da Nova Caledónia</daylight>
				</long>
				<short>
					<generic draft="contributed">Hora da Nova Caledónia</generic>
				</short>
				<commonlyUsed draft="contributed">true</commonlyUsed>
			</metazone>
			<metazone type="New_Zealand">
				<long>
					<generic draft="contributed">Hora da Nova Zelândia</generic>
					<standard draft="contributed">Hora Padrão da Nova Zelândia</standard>
					<daylight draft="contributed">Hora de Verão da Nova Zelândia</daylight>
				</long>
				<commonlyUsed draft="contributed">true</commonlyUsed>
			</metazone>
			<metazone type="Newfoundland">
				<long>
					<standard>Horário Padrão da Terra Nova</standard>
					<daylight>Horário de Verão da Terra Nova</daylight>
				</long>
			</metazone>
			<metazone type="Niue">
				<long>
					<generic draft="contributed">Hora de Niue</generic>
					<standard draft="contributed">Hora de Niue</standard>
				</long>
				<short>
					<generic draft="contributed">Hora de Niue</generic>
				</short>
				<commonlyUsed draft="contributed">true</commonlyUsed>
			</metazone>
			<metazone type="Norfolk">
				<long>
					<generic draft="contributed">Hora da Ilha Norfolque</generic>
				</long>
				<short>
					<generic draft="contributed">Hora da Ilha Norfolque</generic>
				</short>
				<commonlyUsed draft="contributed">true</commonlyUsed>
			</metazone>
			<metazone type="North_Mariana">
				<long>
					<generic draft="contributed">Hora das Ilhas Mariana do Norte</generic>
					<standard draft="contributed">Hora das Ilhas Mariana do Norte</standard>
				</long>
				<short>
					<generic draft="contributed">Hora das Ilhas Mariana do Norte</generic>
				</short>
				<commonlyUsed draft="contributed">true</commonlyUsed>
			</metazone>
			<metazone type="Novosibirsk">
				<long>
					<standard draft="contributed">Hora de Novosibirsk</standard>
					<daylight draft="contributed">Hora de Verão de Novosibirsk</daylight>
				</long>
				<commonlyUsed draft="contributed">true</commonlyUsed>
			</metazone>
			<metazone type="Omsk">
				<long>
					<standard draft="contributed">Hora de Omsk</standard>
					<daylight draft="contributed">Hora de Verão de Omsk</daylight>
				</long>
				<commonlyUsed draft="contributed">true</commonlyUsed>
			</metazone>
			<metazone type="Oral">
				<commonlyUsed draft="contributed">true</commonlyUsed>
			</metazone>
			<metazone type="Pakistan">
				<long>
					<standard draft="contributed">Hora do Paquistão</standard>
					<daylight draft="contributed">Hora de Verão do Paquistão</daylight>
				</long>
				<short>
					<generic draft="contributed">Hora do Paquistão</generic>
				</short>
				<commonlyUsed draft="contributed">true</commonlyUsed>
			</metazone>
			<metazone type="Palau">
				<long>
					<generic draft="contributed">Hora de Palau</generic>
					<standard draft="contributed">Hora de Palau</standard>
				</long>
				<short>
					<generic draft="contributed">Hora de Palau</generic>
				</short>
				<commonlyUsed draft="contributed">true</commonlyUsed>
			</metazone>
			<metazone type="Papua_New_Guinea">
				<long>
					<generic draft="contributed">Hora da Papua Nova Guiné</generic>
					<standard draft="contributed">Hora da Papua Nova Guiné</standard>
				</long>
				<short>
					<generic draft="contributed">Hora da Papua Nova Guiné</generic>
				</short>
				<commonlyUsed draft="contributed">true</commonlyUsed>
			</metazone>
			<metazone type="Philippines">
				<long>
					<generic draft="contributed">Hora das Filipinas</generic>
					<standard draft="contributed">Hora das Filipinas</standard>
					<daylight draft="contributed">Hora de Verão das Filipinas</daylight>
				</long>
				<short>
					<generic draft="contributed">Hora das Filipinas</generic>
				</short>
				<commonlyUsed draft="contributed">true</commonlyUsed>
			</metazone>
			<metazone type="Phoenix_Islands">
				<long>
					<standard draft="contributed">Hora das Ilhas Fénix</standard>
				</long>
				<commonlyUsed draft="contributed">true</commonlyUsed>
			</metazone>
			<metazone type="Pitcairn">
				<long>
					<generic draft="contributed">Hora de Pitcairn</generic>
					<standard draft="contributed">Hora de Pitcairn</standard>
				</long>
				<short>
					<generic draft="contributed">Hora de Pitcairn</generic>
				</short>
				<commonlyUsed draft="contributed">true</commonlyUsed>
			</metazone>
			<metazone type="Ponape">
				<long>
					<standard draft="contributed">Hora de Ponape</standard>
				</long>
				<commonlyUsed draft="contributed">true</commonlyUsed>
			</metazone>
			<metazone type="Qyzylorda">
				<long>
					<standard draft="contributed">Hora de Qyzylorda</standard>
					<daylight draft="contributed">Hora de Verão de Qyzylorda</daylight>
				</long>
				<commonlyUsed draft="contributed">true</commonlyUsed>
			</metazone>
			<metazone type="Reunion">
				<long>
					<standard draft="contributed">Hora das Ilhas de Reunião</standard>
				</long>
			</metazone>
			<metazone type="Rothera">
				<long>
					<standard draft="contributed">Hora de Rothera</standard>
				</long>
			</metazone>
			<metazone type="Sakhalin">
				<long>
					<standard draft="contributed">Hora de Sakhalin</standard>
					<daylight draft="contributed">Hora de Verão de Sakhalin</daylight>
				</long>
				<commonlyUsed draft="contributed">true</commonlyUsed>
			</metazone>
			<metazone type="Samara">
				<long>
					<standard draft="contributed">Hora de Samara</standard>
					<daylight draft="contributed">Hora de Verão de Samara</daylight>
				</long>
				<commonlyUsed draft="contributed">true</commonlyUsed>
			</metazone>
			<metazone type="Samarkand">
				<long>
					<standard draft="contributed">Hora de Samarkand</standard>
					<daylight draft="contributed">Hora de Verão de Samarkand</daylight>
				</long>
				<commonlyUsed draft="contributed">true</commonlyUsed>
			</metazone>
			<metazone type="Samoa">
				<long>
					<generic draft="contributed">Hora da Samoa</generic>
					<standard draft="contributed">Hora Padrão da Samoa</standard>
				</long>
				<short>
					<generic draft="contributed">Hora da Samoa</generic>
				</short>
				<commonlyUsed draft="contributed">true</commonlyUsed>
			</metazone>
			<metazone type="Seychelles">
				<long>
					<standard draft="contributed">Hora das Ilhas Seicheles</standard>
				</long>
			</metazone>
			<metazone type="Shevchenko">
				<long>
					<standard draft="contributed">Hora de Shevchenko</standard>
					<daylight draft="contributed">Hora de Verão de Shevchenko</daylight>
				</long>
				<commonlyUsed draft="contributed">true</commonlyUsed>
			</metazone>
			<metazone type="Singapore">
				<long>
					<generic draft="contributed">Hora de Singapura</generic>
					<standard draft="contributed">Hora Padrão de Singapura</standard>
				</long>
				<short>
					<generic draft="contributed">Hora de Singapura</generic>
				</short>
				<commonlyUsed draft="contributed">true</commonlyUsed>
			</metazone>
			<metazone type="Solomon">
				<long>
					<generic draft="contributed">Hora das Ilhas Salomão</generic>
				</long>
				<short>
					<generic draft="contributed">Hora das Ilhas Salomão</generic>
				</short>
				<commonlyUsed draft="contributed">true</commonlyUsed>
			</metazone>
			<metazone type="South_Georgia">
				<long>
					<standard draft="contributed">Hora da Georgia do Sul</standard>
				</long>
				<commonlyUsed draft="contributed">true</commonlyUsed>
			</metazone>
			<metazone type="Sverdlovsk">
				<long>
					<standard draft="contributed">Hora de Sverdlovsk</standard>
					<daylight draft="contributed">Hora de Verão de Sverdlovsk</daylight>
				</long>
				<commonlyUsed draft="contributed">true</commonlyUsed>
			</metazone>
			<metazone type="Syowa">
				<long>
					<standard draft="contributed">Hora de Syowa</standard>
				</long>
			</metazone>
			<metazone type="Tahiti">
				<long>
					<generic draft="contributed">Hora da Polinésia Francesa</generic>
					<standard draft="contributed">Hora do Tahiti</standard>
				</long>
				<short>
					<generic draft="contributed">Hora da Polinésia Francesa</generic>
				</short>
				<commonlyUsed draft="contributed">true</commonlyUsed>
			</metazone>
			<metazone type="Tajikistan">
				<long>
					<generic draft="contributed">Hora do Tajiquistão</generic>
					<standard draft="contributed">Hora do Tajiquistão</standard>
				</long>
				<short>
					<generic draft="contributed">Hora do Tajiquistão</generic>
				</short>
				<commonlyUsed draft="contributed">true</commonlyUsed>
			</metazone>
			<metazone type="Tashkent">
				<long>
					<generic draft="contributed">Hora de Tashkent</generic>
					<standard draft="contributed">Hora de Tashkent</standard>
					<daylight draft="contributed">Hora de Verão de Tashkent</daylight>
				</long>
				<short>
					<generic draft="contributed">Hora do Uzbequistão</generic>
				</short>
				<commonlyUsed draft="contributed">true</commonlyUsed>
			</metazone>
			<metazone type="Tbilisi">
				<long>
					<generic draft="contributed">Hora da Geórgia</generic>
					<standard draft="contributed">Hora de Tbilisi</standard>
					<daylight draft="contributed">Hora de Verão de Tbilisi</daylight>
				</long>
				<short>
					<generic draft="contributed">Hora de Geórgia</generic>
				</short>
				<commonlyUsed draft="contributed">true</commonlyUsed>
			</metazone>
			<metazone type="Tokelau">
				<long>
					<generic draft="contributed">Hora de Toquelau</generic>
					<standard draft="contributed">Hora de Toquelau</standard>
				</long>
				<short>
					<generic draft="contributed">Hora de Toquelau</generic>
				</short>
				<commonlyUsed draft="contributed">true</commonlyUsed>
			</metazone>
			<metazone type="Tonga">
				<long>
					<generic draft="contributed">Hora de Tonga</generic>
					<daylight draft="contributed">Hora de Verão de Tonga</daylight>
				</long>
				<short>
					<generic draft="contributed">Hora de Tonga</generic>
				</short>
				<commonlyUsed draft="contributed">true</commonlyUsed>
			</metazone>
			<metazone type="Truk">
				<long>
					<standard draft="contributed">Hora de Truk</standard>
				</long>
				<commonlyUsed draft="contributed">true</commonlyUsed>
			</metazone>
			<metazone type="Turkey">
				<long>
					<standard draft="contributed">Hora da Turquia</standard>
					<daylight draft="contributed">Hora de Verão da Turquia</daylight>
				</long>
				<commonlyUsed draft="contributed">true</commonlyUsed>
			</metazone>
			<metazone type="Turkmenistan">
				<long>
					<generic draft="contributed">Hora do Turquemenistão</generic>
					<standard draft="contributed">Hora do Turquemenistão</standard>
					<daylight draft="contributed">Hora de Verão do Turquemenistão</daylight>
				</long>
				<short>
					<generic draft="contributed">Hora do Turquemenistão</generic>
				</short>
				<commonlyUsed draft="contributed">true</commonlyUsed>
			</metazone>
			<metazone type="Tuvalu">
				<long>
					<generic draft="contributed">Hora de Tuvalu</generic>
				</long>
				<short>
					<generic draft="contributed">Hora de Tuvalu</generic>
				</short>
				<commonlyUsed draft="contributed">true</commonlyUsed>
			</metazone>
			<metazone type="Uralsk">
				<long>
					<standard draft="contributed">Hora de Ural'sk</standard>
					<daylight draft="contributed">Hora de Verão de Ural'sk</daylight>
				</long>
				<commonlyUsed draft="contributed">true</commonlyUsed>
			</metazone>
			<metazone type="Urumqi">
				<long>
					<standard draft="contributed">Hora de Urumqi</standard>
				</long>
				<commonlyUsed draft="contributed">true</commonlyUsed>
			</metazone>
			<metazone type="Uzbekistan">
				<long>
					<generic draft="contributed">Hora do Uzbequistão</generic>
					<standard draft="contributed">Hora do Uzbequistão</standard>
					<daylight draft="contributed">Hora de Verão do Uzbequistão</daylight>
				</long>
				<short>
					<generic draft="contributed">Hora do Uzbequistão</generic>
				</short>
				<commonlyUsed draft="contributed">true</commonlyUsed>
			</metazone>
			<metazone type="Vanuatu">
				<long>
					<generic draft="contributed">Hora de Vanuatu</generic>
					<standard draft="contributed">Hora de Vanuatu</standard>
				</long>
				<short>
					<generic draft="contributed">Hora de Vanuatu</generic>
				</short>
				<commonlyUsed draft="contributed">true</commonlyUsed>
			</metazone>
			<metazone type="Vladivostok">
				<long>
					<standard draft="contributed">Hora de Vladivostok</standard>
					<daylight draft="contributed">Hora de Verão de Vladivostok</daylight>
				</long>
				<commonlyUsed draft="contributed">true</commonlyUsed>
			</metazone>
			<metazone type="Volgograd">
				<long>
					<standard draft="contributed">Hora de Volvograd</standard>
					<daylight draft="contributed">Hora de Verão de Volgograd</daylight>
				</long>
				<commonlyUsed draft="contributed">true</commonlyUsed>
			</metazone>
			<metazone type="Vostok">
				<long>
					<standard draft="contributed">Hora de Vostok</standard>
				</long>
			</metazone>
			<metazone type="Wake">
				<long>
					<standard draft="contributed">Hora das Ilhas Wake</standard>
				</long>
			</metazone>
			<metazone type="Wallis">
				<long>
					<generic draft="contributed">Hora de Wallis e Futuna</generic>
					<standard draft="contributed">Hora de Wallis e Futuna</standard>
				</long>
				<short>
					<generic draft="contributed">Hora de Wallis e Futuna</generic>
				</short>
				<commonlyUsed draft="contributed">true</commonlyUsed>
			</metazone>
			<metazone type="Yakutsk">
				<long>
					<standard draft="contributed">Hora de Yakutsk</standard>
					<daylight draft="contributed">Hora de Verão de Yakutsk</daylight>
				</long>
				<commonlyUsed draft="contributed">true</commonlyUsed>
			</metazone>
			<metazone type="Yekaterinburg">
				<long>
					<standard draft="contributed">Hora de Yekaterinburg</standard>
					<daylight draft="contributed">Hora de Verão de Yekaterinburg</daylight>
				</long>
				<commonlyUsed draft="contributed">true</commonlyUsed>
			</metazone>
			<metazone type="Yerevan">
				<long>
					<generic draft="contributed">Hora da Arménia</generic>
					<standard draft="contributed">Hora de Yerevan</standard>
					<daylight draft="contributed">Hora de Verão de Yerevan</daylight>
				</long>
				<short>
					<generic draft="contributed">Hora da Arménia</generic>
				</short>
				<commonlyUsed draft="contributed">true</commonlyUsed>
			</metazone>
		</timeZoneNames>
	</dates>
	<numbers>
		<symbols>
			<group> </group>
		</symbols>
		<currencyFormats>
			<currencyFormatLength>
				<currencyFormat>
					<pattern>#,##0.00 ¤</pattern>
				</currencyFormat>
			</currencyFormatLength>
		</currencyFormats>
		<currencies>
			<currency type="AED">
				<displayName draft="unconfirmed">Dirham dos Emirados Árabes Unidos</displayName>
			</currency>
			<currency type="AFA">
				<displayName>Afeghani (1927-2002)</displayName>
			</currency>
			<currency type="AFN">
				<displayName draft="unconfirmed">Afeghani</displayName>
			</currency>
			<currency type="ANG">
				<displayName draft="unconfirmed">Florim das Antilhas Holandesa</displayName>
			</currency>
			<currency type="AWG">
				<displayName draft="unconfirmed">Florim de Aruba</displayName>
			</currency>
			<currency type="BAD">
				<displayName>Dinar da Bósnia-Herzegóvina</displayName>
			</currency>
			<currency type="BAM">
				<displayName>Marco bósnio-herzegóvino conversível</displayName>
			</currency>
			<currency type="BEC">
				<displayName draft="contributed">Franco belga (convertível)</displayName>
			</currency>
			<currency type="BYB">
				<displayName draft="contributed">Rublo novo bielorusso (1994-1999)</displayName>
			</currency>
			<currency type="CYP">
				<displayName>Libra de Chipre</displayName>
			</currency>
			<currency type="CZK">
				<displayName>Coroa da República Checa</displayName>
			</currency>
			<currency type="ECV">
				<displayName>Unidad de Valor Constante (UVC) do Equador</displayName>
			</currency>
			<currency type="FJD">
				<displayName draft="unconfirmed">Dólar das Fiji</displayName>
			</currency>
			<currency type="GHC">
				<displayName draft="unconfirmed">Cedi do Gana</displayName>
			</currency>
			<currency type="GMD">
				<displayName draft="unconfirmed">Dalasi da Gâmbia</displayName>
			</currency>
			<currency type="GNF">
				<displayName draft="unconfirmed">Franco da Guiné</displayName>
			</currency>
			<currency type="GTQ">
				<displayName draft="unconfirmed">Quetzal da Guatemala</displayName>
			</currency>
			<currency type="HNL">
				<displayName draft="unconfirmed">Lempira das Honduras</displayName>
			</currency>
			<currency type="KWD">
				<displayName draft="unconfirmed">Dinar koweitiano</displayName>
			</currency>
			<currency type="KYD">
				<displayName>Dólar das Ilhas Caimão</displayName>
			</currency>
			<currency type="MKD">
				<displayName draft="unconfirmed">Dinar macedónio</displayName>
			</currency>
			<currency type="MLF">
				<displayName draft="unconfirmed">Franco do Mali</displayName>
			</currency>
			<currency type="MWK">
				<displayName draft="contributed">Cuacha do Malawi</displayName>
			</currency>
			<currency type="MXP">
				<displayName>Peso Plata mexicano (1861-1992)</displayName>
			</currency>
			<currency type="MXV">
				<displayName>Unidad de Inversion (UDI) mexicana</displayName>
			</currency>
			<currency type="NIC">
				<displayName>Córdoba nicaraguano</displayName>
			</currency>
			<currency type="NIO">
				<displayName>Córdoba Ouro nicaraguano</displayName>
			</currency>
			<currency type="PLN">
				<displayName draft="unconfirmed">Zloti polaco</displayName>
			</currency>
			<currency type="PLZ">
				<displayName draft="unconfirmed">Zloti polaco (1950-1995)</displayName>
			</currency>
			<currency type="PTE">
				<pattern>#,##0.00 ¤;-#,##0.00 ¤</pattern>
				<decimal>$</decimal>
				<group>,</group>
			</currency>
			<currency type="QAR">
				<displayName draft="unconfirmed">Rial do Qatar</displayName>
			</currency>
			<currency type="SGD">
				<displayName draft="unconfirmed">Dólar de Singapura</displayName>
			</currency>
			<currency type="TZS">
				<displayName>Xelim de Tanzânia</displayName>
			</currency>
			<currency type="WST">
				<displayName>Tala de Samoa Ocidental</displayName>
			</currency>
			<currency type="XEU">
				<displayName draft="unconfirmed">Unidade da Moeda Europeia</displayName>
			</currency>
			<currency type="XXX">
				<displayName draft="provisional">Moeda inválida ou desconhecida</displayName>
			</currency>
			<currency type="YUD">
				<displayName draft="unconfirmed">Dinar forte jugoslavo</displayName>
			</currency>
			<currency type="YUM">
				<displayName draft="unconfirmed">Super Dinar jugoslavo</displayName>
			</currency>
			<currency type="YUN">
				<displayName draft="unconfirmed">Dinar conversível jugoslavo</displayName>
			</currency>
			<currency type="ZWD">
				<displayName draft="unconfirmed">Dólar do Zimbabwe</displayName>
			</currency>
		</currencies>
	</numbers>
</ldml>

