<?xml version="1.0" encoding="UTF-8" ?>
<!DOCTYPE ldml SYSTEM "../../common/dtd/ldml.dtd">
<ldml>
	<identity>
		<version number="$Revision: 1.28 $"/>
		<generation date="$Date: 2009/06/15 17:12:26 $"/>
		<language type="rw"/>
	</identity>
	<localeDisplayNames>
		<languages>
			<language type="af" draft="unconfirmed">Ikinyafurikaneri</language>
			<language type="am" draft="unconfirmed">Inyamuhariki</language>
			<language type="ar" draft="unconfirmed">Icyarabu</language>
			<language type="as" draft="unconfirmed">Icyasamizi</language>
			<language type="az" draft="unconfirmed">Inyazeribayijani</language>
			<language type="be" draft="unconfirmed">Ikibelarusiya</language>
			<language type="bg" draft="unconfirmed">Urunyabuligariya</language>
			<language type="bh" draft="unconfirmed">Inyebihari</language>
			<language type="bn" draft="unconfirmed">Ikibengali</language>
			<language type="br" draft="unconfirmed">Inyebiritoni</language>
			<language type="bs" draft="unconfirmed">Inyebosiniya</language>
			<language type="ca" draft="unconfirmed">Igikatalani</language>
			<language type="cs" draft="unconfirmed">Igiceke</language>
			<language type="cy" draft="unconfirmed">Ikigaluwa</language>
			<language type="da" draft="unconfirmed">Ikidaninwa</language>
			<language type="de" draft="unconfirmed">Ikidage</language>
			<language type="el" draft="unconfirmed">Ikigereki</language>
			<language type="en" draft="unconfirmed">Icyongereza</language>
			<language type="eo" draft="unconfirmed">Icyesiperanto</language>
			<language type="es" draft="unconfirmed">Icyesipanyolo</language>
			<language type="et" draft="unconfirmed">Icyesitoniya</language>
			<language type="eu" draft="unconfirmed">Ikibasiki</language>
			<language type="fa" draft="unconfirmed">Inyeperisi</language>
			<language type="fi" draft="unconfirmed">Igifinilande</language>
			<language type="fil" draft="unconfirmed">Ikinyafilipine</language>
			<language type="fo" draft="unconfirmed">Inyefaroyizi</language>
			<language type="fr" draft="unconfirmed">Igifaransa</language>
			<language type="fy" draft="unconfirmed">Igifiriziyani</language>
			<language type="ga" draft="unconfirmed">Ikirilandi</language>
			<language type="gd" draft="unconfirmed">Ikigaluwa cy'Igisweduwa</language>
			<language type="gl" draft="unconfirmed">Ikigalisiya</language>
			<language type="gn" draft="unconfirmed">Inyaguwarani</language>
			<language type="gu" draft="unconfirmed">Inyegujarati</language>
			<language type="he" draft="unconfirmed">Igiheburayo</language>
			<language type="hi" draft="unconfirmed">Igihindi</language>
			<language type="hr" draft="unconfirmed">Igikorowasiya</language>
			<language type="hu" draft="unconfirmed">Igihongiriya</language>
			<language type="hy" draft="unconfirmed">Ikinyarumeniya</language>
			<language type="ia" draft="unconfirmed">Ururimi Gahuzamiryango</language>
			<language type="id" draft="unconfirmed">Ikinyendoziya</language>
			<language type="ie" draft="unconfirmed">Uruhuzandimi</language>
			<language type="is" draft="unconfirmed">Igisilande</language>
			<language type="it" draft="unconfirmed">Igitaliyani</language>
			<language type="ja" draft="unconfirmed">Ikiyapani</language>
			<language type="jv" draft="unconfirmed">Inyejava</language>
			<language type="ka" draft="unconfirmed">Inyejeworujiya</language>
			<language type="km" draft="unconfirmed">Igikambodiya</language>
			<language type="kn" draft="unconfirmed">Igikanada</language>
			<language type="ko" draft="unconfirmed">Igikoreya</language>
			<language type="ku" draft="unconfirmed">Inyekuridishi</language>
			<language type="ky" draft="unconfirmed">Inkerigizi</language>
			<language type="la" draft="unconfirmed">Ikilatini</language>
			<language type="ln" draft="unconfirmed">Ilingala</language>
			<language type="lo" draft="unconfirmed">Ikilawotiyani</language>
			<language type="lt" draft="unconfirmed">Ikilituwaniya</language>
			<language type="lv" draft="unconfirmed">Ikinyaletoviyani</language>
			<language type="mk" draft="unconfirmed">Ikimasedoniyani</language>
			<language type="ml" draft="unconfirmed">Ikimalayalami</language>
			<language type="mn" draft="unconfirmed">Ikimongoli</language>
			<language type="mr" draft="unconfirmed">Ikimarati</language>
			<language type="ms" draft="unconfirmed">Ikimalayi</language>
			<language type="mt" draft="unconfirmed">Ikimaliteze</language>
			<language type="ne" draft="unconfirmed">Ikinepali</language>
			<language type="nl" draft="unconfirmed">Ikinerilande</language>
			<language type="nn" draft="unconfirmed">Inyenoruveji (Nyonorusiki)</language>
			<language type="no" draft="unconfirmed">Ikinoruveji</language>
			<language type="oc" draft="unconfirmed">Inyogusitani</language>
			<language type="or" draft="unconfirmed">Inyoriya</language>
			<language type="pa" draft="unconfirmed">Igipunjabi</language>
			<language type="pl" draft="unconfirmed">Igipolone</language>
			<language type="ps" draft="unconfirmed">Impashito</language>
			<language type="pt" draft="unconfirmed">Igiporutugali</language>
			<language type="pt_BR" draft="unconfirmed">Inyeporutigali (Brezili)</language>
			<language type="pt_PT" draft="unconfirmed">Inyeporutigali (Igiporutigali)</language>
			<language type="ro" draft="unconfirmed">Ikinyarumaniya</language>
			<language type="ru" draft="unconfirmed">Ikirusiya</language>
			<language type="sa" draft="unconfirmed">Igisansikiri</language>
			<language type="sd" draft="unconfirmed">Igisindi</language>
			<language type="sh" draft="unconfirmed">Inyeseribiya na Korowasiya</language>
			<language type="si" draft="unconfirmed">Inyesimpaleze</language>
			<language type="sk" draft="unconfirmed">Igisilovaki</language>
			<language type="sl" draft="unconfirmed">Ikinyasiloveniya</language>
			<language type="so" draft="unconfirmed">Igisomali</language>
			<language type="sq" draft="unconfirmed">Icyalubaniya</language>
			<language type="sr" draft="unconfirmed">Igiseribe</language>
			<language type="st" draft="unconfirmed">Inyesesoto</language>
			<language type="su" draft="unconfirmed">Inyesudani</language>
			<language type="sv" draft="unconfirmed">Igisuweduwa</language>
			<language type="sw" draft="unconfirmed">Igiswahili</language>
			<language type="ta" draft="unconfirmed">Igitamili</language>
			<language type="te" draft="unconfirmed">Igitelugu</language>
			<language type="th" draft="unconfirmed">Igitayi</language>
			<language type="ti" draft="unconfirmed">Inyatigirinya</language>
			<language type="tk" draft="unconfirmed">Inyeturukimeni</language>
			<language type="tlh" draft="unconfirmed">Inyekilingoni</language>
			<language type="tr" draft="unconfirmed">Igiturukiya</language>
			<language type="tw" draft="unconfirmed">Inyetuwi</language>
			<language type="ug" draft="unconfirmed">Ikiwiguri</language>
			<language type="uk" draft="unconfirmed">Ikinyayukereni</language>
			<language type="ur" draft="unconfirmed">Inyeyurudu</language>
			<language type="uz" draft="unconfirmed">Inyeyuzubeki</language>
			<language type="vi" draft="unconfirmed">Ikinyaviyetinamu</language>
			<language type="xh" draft="unconfirmed">Inyehawusa</language>
			<language type="yi" draft="unconfirmed">Inyeyidishi</language>
			<language type="zu" draft="unconfirmed">Inyezulu</language>
		</languages>
		<territories>
			<territory type="TO" draft="unconfirmed">Igitonga</territory>
		</territories>
	</localeDisplayNames>
	<characters>
		<exemplarCharacters>[a-z]</exemplarCharacters>
	</characters>
	<delimiters>
		<quotationStart draft="unconfirmed">‘</quotationStart>
		<quotationEnd draft="unconfirmed">’</quotationEnd>
		<alternateQuotationStart draft="unconfirmed">«</alternateQuotationStart>
		<alternateQuotationEnd draft="unconfirmed">»</alternateQuotationEnd>
	</delimiters>
	<dates>
		<calendars>
			<calendar type="gregorian">
				<months>
					<monthContext type="format">
						<monthWidth type="abbreviated">
							<month type="1" draft="unconfirmed">mut.</month>
							<month type="2" draft="unconfirmed">gas.</month>
							<month type="3" draft="unconfirmed">wer.</month>
							<month type="4" draft="unconfirmed">mat.</month>
							<month type="5" draft="unconfirmed">gic.</month>
							<month type="6" draft="unconfirmed">kam.</month>
							<month type="7" draft="unconfirmed">nya.</month>
							<month type="8" draft="unconfirmed">kan.</month>
							<month type="9" draft="unconfirmed">nze.</month>
							<month type="10" draft="unconfirmed">ukw.</month>
							<month type="11" draft="unconfirmed">ugu.</month>
							<month type="12" draft="unconfirmed">uku.</month>
						</monthWidth>
						<monthWidth type="wide">
							<month type="1" draft="unconfirmed">Mutarama</month>
							<month type="2" draft="unconfirmed">Gashyantare</month>
							<month type="3" draft="unconfirmed">Werurwe</month>
							<month type="4" draft="unconfirmed">Mata</month>
							<month type="5" draft="unconfirmed">Gicuransi</month>
							<month type="6" draft="unconfirmed">Kamena</month>
							<month type="7" draft="unconfirmed">Nyakanga</month>
							<month type="8" draft="unconfirmed">Kanama</month>
							<month type="9" draft="unconfirmed">Nzeli</month>
							<month type="10" draft="unconfirmed">Ukwakira</month>
							<month type="11" draft="unconfirmed">Ugushyingo</month>
							<month type="12" draft="unconfirmed">Ukuboza</month>
						</monthWidth>
					</monthContext>
					<monthContext type="stand-alone">
						<monthWidth type="narrow">
							<month type="1" draft="unconfirmed">1</month>
							<month type="2" draft="unconfirmed">2</month>
							<month type="3" draft="unconfirmed">3</month>
							<month type="4" draft="unconfirmed">4</month>
							<month type="5" draft="unconfirmed">5</month>
							<month type="6" draft="unconfirmed">6</month>
							<month type="7" draft="unconfirmed">7</month>
							<month type="8" draft="unconfirmed">8</month>
							<month type="9" draft="unconfirmed">9</month>
							<month type="10" draft="unconfirmed">10</month>
							<month type="11" draft="unconfirmed">11</month>
							<month type="12" draft="unconfirmed">12</month>
						</monthWidth>
					</monthContext>
				</months>
				<days>
					<dayContext type="format">
						<dayWidth type="abbreviated">
							<day type="sun" draft="unconfirmed">cyu.</day>
							<day type="mon" draft="unconfirmed">mbe.</day>
							<day type="tue" draft="unconfirmed">kab.</day>
							<day type="wed" draft="unconfirmed">gtu.</day>
							<day type="thu" draft="unconfirmed">kan.</day>
							<day type="fri" draft="unconfirmed">gnu.</day>
							<day type="sat" draft="unconfirmed">gnd.</day>
						</dayWidth>
						<dayWidth type="wide">
							<day type="sun" draft="unconfirmed">Ku cyumweru</day>
							<day type="mon" draft="unconfirmed">Kuwa mbere</day>
							<day type="tue" draft="unconfirmed">Kuwa kabiri</day>
							<day type="wed" draft="unconfirmed">Kuwa gatatu</day>
							<day type="thu" draft="unconfirmed">Kuwa kane</day>
							<day type="fri" draft="unconfirmed">Kuwa gatanu</day>
							<day type="sat" draft="unconfirmed">Kuwa gatandatu</day>
						</dayWidth>
					</dayContext>
					<dayContext type="stand-alone">
						<dayWidth type="narrow">
							<day type="sun" draft="unconfirmed">1</day>
							<day type="mon" draft="unconfirmed">2</day>
							<day type="tue" draft="unconfirmed">3</day>
							<day type="wed" draft="unconfirmed">4</day>
							<day type="thu" draft="unconfirmed">5</day>
							<day type="fri" draft="unconfirmed">6</day>
							<day type="sat" draft="unconfirmed">7</day>
						</dayWidth>
					</dayContext>
				</days>
				<quarters>
					<quarterContext type="format">
						<quarterWidth type="abbreviated">
							<quarter type="1" draft="unconfirmed">I1</quarter>
							<quarter type="2" draft="unconfirmed">I2</quarter>
							<quarter type="3" draft="unconfirmed">I3</quarter>
							<quarter type="4" draft="unconfirmed">I4</quarter>
						</quarterWidth>
						<quarterWidth type="wide">
							<quarter type="1" draft="unconfirmed">igihembwe cya mbere</quarter>
							<quarter type="2" draft="unconfirmed">igihembwe cya kabiri</quarter>
							<quarter type="3" draft="unconfirmed">igihembwe cya gatatu</quarter>
							<quarter type="4" draft="unconfirmed">igihembwe cya kane</quarter>
						</quarterWidth>
					</quarterContext>
				</quarters>
				<am draft="unconfirmed">AM</am>
				<pm draft="unconfirmed">PM</pm>
				<eras>
					<eraAbbr>
						<era type="0" draft="unconfirmed">BCE</era>
						<era type="1" draft="unconfirmed">CE</era>
					</eraAbbr>
				</eras>
				<dateFormats>
					<dateFormatLength type="full">
						<dateFormat>
							<pattern draft="unconfirmed">EEEE, y MMMM dd</pattern>
						</dateFormat>
					</dateFormatLength>
					<dateFormatLength type="long">
						<dateFormat>
							<pattern draft="unconfirmed">y MMMM d</pattern>
						</dateFormat>
					</dateFormatLength>
					<dateFormatLength type="medium">
						<dateFormat>
							<pattern draft="unconfirmed">y MMM d</pattern>
						</dateFormat>
					</dateFormatLength>
					<dateFormatLength type="short">
						<dateFormat>
							<pattern draft="unconfirmed">yy/MM/dd</pattern>
						</dateFormat>
					</dateFormatLength>
				</dateFormats>
				<timeFormats>
					<timeFormatLength type="full">
						<timeFormat>
							<pattern draft="unconfirmed">HH:mm:ss zzzz</pattern>
						</timeFormat>
					</timeFormatLength>
					<timeFormatLength type="long">
						<timeFormat>
							<pattern draft="unconfirmed">HH:mm:ss z</pattern>
						</timeFormat>
					</timeFormatLength>
					<timeFormatLength type="medium">
						<timeFormat>
							<pattern draft="unconfirmed">HH:mm:ss</pattern>
						</timeFormat>
					</timeFormatLength>
					<timeFormatLength type="short">
						<timeFormat>
							<pattern draft="unconfirmed">HH:mm</pattern>
						</timeFormat>
					</timeFormatLength>
				</timeFormats>
				<dateTimeFormats>
					<availableFormats>
						<dateFormatItem id="yyQ" draft="unconfirmed">Q yy</dateFormatItem>
					</availableFormats>
				</dateTimeFormats>
			</calendar>
		</calendars>
		<timeZoneNames>
			<hourFormat draft="unconfirmed">+HH:mm;-HH:mm</hourFormat>
			<gmtFormat draft="unconfirmed">GMT{0}</gmtFormat>
			<regionFormat draft="unconfirmed">{0}</regionFormat>
		</timeZoneNames>
	</dates>
	<numbers>
		<symbols>
			<decimal draft="unconfirmed">,</decimal>
			<group draft="unconfirmed">.</group>
		</symbols>
		<currencies>
			<currency type="RWF">
				<symbol>RF</symbol>
			</currency>
		</currencies>
	</numbers>
</ldml>
