<?xml version="1.0" encoding="UTF-8" ?>
<!DOCTYPE ldml SYSTEM "../../common/dtd/ldml.dtd">
<ldml>
	<identity>
		<version number="$Revision: 1.50 $"/>
		<generation date="$Date: 2009/06/15 03:46:24 $"/>
		<language type="sid"/>
	</identity>
	<localeDisplayNames>
		<languages>
			<language type="ar" draft="unconfirmed">Arabic</language>
			<language type="de" draft="unconfirmed">German</language>
			<language type="en" draft="unconfirmed">English</language>
			<language type="es" draft="unconfirmed">Spanish</language>
			<language type="fr" draft="unconfirmed">French</language>
			<language type="hi" draft="unconfirmed">Hindi</language>
			<language type="it" draft="unconfirmed">Italian</language>
			<language type="ja" draft="unconfirmed">Japanese</language>
			<language type="pt" draft="unconfirmed">Portuguese</language>
			<language type="ru" draft="unconfirmed">Russian</language>
			<language type="sid" draft="unconfirmed">Sidaamu Afo</language>
			<language type="zh" draft="unconfirmed">Chinese</language>
		</languages>
		<scripts>
			<script type="Latn" draft="unconfirmed">Latin</script>
		</scripts>
		<territories>
			<territory type="BR" draft="unconfirmed">Brazil</territory>
			<territory type="CN" draft="unconfirmed">China</territory>
			<territory type="DE" draft="unconfirmed">Germany</territory>
			<territory type="ET" draft="unconfirmed">Itiyoophiya</territory>
			<territory type="FR" draft="unconfirmed">France</territory>
			<territory type="GB" draft="unconfirmed">United Kingdom</territory>
			<territory type="IN" draft="unconfirmed">India</territory>
			<territory type="IT" draft="unconfirmed">Italy</territory>
			<territory type="JP" draft="unconfirmed">Japan</territory>
			<territory type="RU" draft="unconfirmed">Russia</territory>
			<territory type="US" draft="unconfirmed">United States</territory>
		</territories>
	</localeDisplayNames>
	<characters>
		<exemplarCharacters draft="unconfirmed">[a-z]</exemplarCharacters>
	</characters>
	<dates>
		<calendars>
			<calendar type="gregorian">
				<months>
					<monthContext type="format">
						<monthWidth type="abbreviated">
							<month type="1" draft="unconfirmed">Jan</month>
							<month type="2" draft="unconfirmed">Feb</month>
							<month type="3" draft="unconfirmed">Mar</month>
							<month type="4" draft="unconfirmed">Apr</month>
							<month type="5" draft="unconfirmed">May</month>
							<month type="6" draft="unconfirmed">Jun</month>
							<month type="7" draft="unconfirmed">Jul</month>
							<month type="8" draft="unconfirmed">Aug</month>
							<month type="9" draft="unconfirmed">Sep</month>
							<month type="10" draft="unconfirmed">Oct</month>
							<month type="11" draft="unconfirmed">Nov</month>
							<month type="12" draft="unconfirmed">Dec</month>
						</monthWidth>
						<monthWidth type="wide">
							<month type="1" draft="unconfirmed">January</month>
							<month type="2" draft="unconfirmed">February</month>
							<month type="3" draft="unconfirmed">March</month>
							<month type="4" draft="unconfirmed">April</month>
							<month type="5" draft="unconfirmed">May</month>
							<month type="6" draft="unconfirmed">June</month>
							<month type="7" draft="unconfirmed">July</month>
							<month type="8" draft="unconfirmed">August</month>
							<month type="9" draft="unconfirmed">September</month>
							<month type="10" draft="unconfirmed">October</month>
							<month type="11" draft="unconfirmed">November</month>
							<month type="12" draft="unconfirmed">December</month>
						</monthWidth>
					</monthContext>
					<monthContext type="stand-alone">
						<monthWidth type="narrow">
							<month type="1" draft="unconfirmed">J</month>
							<month type="2" draft="unconfirmed">F</month>
							<month type="3" draft="unconfirmed">M</month>
							<month type="4" draft="unconfirmed">A</month>
							<month type="5" draft="unconfirmed">M</month>
							<month type="6" draft="unconfirmed">J</month>
							<month type="7" draft="unconfirmed">J</month>
							<month type="8" draft="unconfirmed">A</month>
							<month type="9" draft="unconfirmed">S</month>
							<month type="10" draft="unconfirmed">O</month>
							<month type="11" draft="unconfirmed">N</month>
							<month type="12" draft="unconfirmed">D</month>
						</monthWidth>
					</monthContext>
				</months>
				<days>
					<dayContext type="format">
						<dayWidth type="abbreviated">
							<day type="sun" draft="unconfirmed">Sam</day>
							<day type="mon" draft="unconfirmed">San</day>
							<day type="tue" draft="unconfirmed">Mak</day>
							<day type="wed" draft="unconfirmed">Row</day>
							<day type="thu" draft="unconfirmed">Ham</day>
							<day type="fri" draft="unconfirmed">Arb</day>
							<day type="sat" draft="unconfirmed">Qid</day>
						</dayWidth>
						<dayWidth type="wide">
							<day type="sun" draft="unconfirmed">Sambata</day>
							<day type="mon" draft="unconfirmed">Sanyo</day>
							<day type="tue" draft="unconfirmed">Maakisanyo</day>
							<day type="wed" draft="unconfirmed">Roowe</day>
							<day type="thu" draft="unconfirmed">Hamuse</day>
							<day type="fri" draft="unconfirmed">Arbe</day>
							<day type="sat" draft="unconfirmed">Qidaame</day>
						</dayWidth>
					</dayContext>
					<dayContext type="stand-alone">
						<dayWidth type="narrow">
							<day type="sun" draft="unconfirmed">S</day>
							<day type="mon" draft="unconfirmed">S</day>
							<day type="tue" draft="unconfirmed">M</day>
							<day type="wed" draft="unconfirmed">R</day>
							<day type="thu" draft="unconfirmed">H</day>
							<day type="fri" draft="unconfirmed">A</day>
							<day type="sat" draft="unconfirmed">Q</day>
						</dayWidth>
					</dayContext>
				</days>
				<quarters>
					<quarterContext type="format">
						<quarterWidth type="abbreviated">
							<quarter type="1" draft="unconfirmed">Q1</quarter>
							<quarter type="2" draft="unconfirmed">Q2</quarter>
							<quarter type="3" draft="unconfirmed">Q3</quarter>
							<quarter type="4" draft="unconfirmed">Q4</quarter>
						</quarterWidth>
						<quarterWidth type="wide">
							<quarter type="1" draft="unconfirmed">Q1</quarter>
							<quarter type="2" draft="unconfirmed">Q2</quarter>
							<quarter type="3" draft="unconfirmed">Q3</quarter>
							<quarter type="4" draft="unconfirmed">Q4</quarter>
						</quarterWidth>
					</quarterContext>
				</quarters>
				<am draft="unconfirmed">soodo</am>
				<pm draft="unconfirmed">hawwaro</pm>
				<eras>
					<eraAbbr>
						<era type="0" draft="unconfirmed">YIA</era>
						<era type="1" draft="unconfirmed">YIG</era>
					</eraAbbr>
				</eras>
				<dateFormats>
					<dateFormatLength type="full">
						<dateFormat>
							<pattern draft="unconfirmed">EEEE, MMMM dd, y</pattern>
						</dateFormat>
					</dateFormatLength>
					<dateFormatLength type="long">
						<dateFormat>
							<pattern draft="unconfirmed">dd MMMM y</pattern>
						</dateFormat>
					</dateFormatLength>
					<dateFormatLength type="medium">
						<dateFormat>
							<pattern draft="unconfirmed">dd-MMM-y</pattern>
						</dateFormat>
					</dateFormatLength>
					<dateFormatLength type="short">
						<dateFormat>
							<pattern draft="unconfirmed">dd/MM/yy</pattern>
						</dateFormat>
					</dateFormatLength>
				</dateFormats>
				<timeFormats>
					<timeFormatLength type="full">
						<timeFormat>
							<pattern draft="unconfirmed">h:mm:ss a zzzz</pattern>
						</timeFormat>
					</timeFormatLength>
					<timeFormatLength type="long">
						<timeFormat>
							<pattern draft="unconfirmed">h:mm:ss a z</pattern>
						</timeFormat>
					</timeFormatLength>
					<timeFormatLength type="medium">
						<timeFormat>
							<pattern draft="unconfirmed">h:mm:ss a</pattern>
						</timeFormat>
					</timeFormatLength>
					<timeFormatLength type="short">
						<timeFormat>
							<pattern draft="unconfirmed">h:mm a</pattern>
						</timeFormat>
					</timeFormatLength>
				</timeFormats>
				<dateTimeFormats>
					<availableFormats>
						<dateFormatItem id="MMdd" draft="unconfirmed">dd/MM</dateFormatItem>
						<dateFormatItem id="MMMMdd" draft="unconfirmed">dd MMMM</dateFormatItem>
						<dateFormatItem id="yyMM" draft="unconfirmed">MM/yy</dateFormatItem>
						<dateFormatItem id="yyQ" draft="unconfirmed">Q yy</dateFormatItem>
						<dateFormatItem id="yyyyMMMM" draft="unconfirmed">MMMM y</dateFormatItem>
					</availableFormats>
				</dateTimeFormats>
			</calendar>
		</calendars>
		<timeZoneNames>
			<hourFormat draft="unconfirmed">+HH:mm;-HH:mm</hourFormat>
			<gmtFormat draft="unconfirmed">GMT{0}</gmtFormat>
			<regionFormat draft="unconfirmed">{0}</regionFormat>
		</timeZoneNames>
	</dates>
	<numbers>
		<currencyFormats>
			<currencyFormatLength>
				<currencyFormat>
					<pattern draft="unconfirmed">¤#,##0.00</pattern>
				</currencyFormat>
			</currencyFormatLength>
		</currencyFormats>
		<currencies>
			<currency type="BRL">
				<displayName draft="unconfirmed">Brazilian Real</displayName>
			</currency>
			<currency type="CNY">
				<displayName draft="unconfirmed">Chinese Yuan Renminbi</displayName>
			</currency>
			<currency type="EUR">
				<displayName draft="unconfirmed">Euro</displayName>
			</currency>
			<currency type="GBP">
				<displayName draft="unconfirmed">British Pound Sterling</displayName>
			</currency>
			<currency type="INR">
				<displayName draft="unconfirmed">Indian Rupee</displayName>
			</currency>
			<currency type="JPY">
				<displayName draft="unconfirmed">Japanese Yen</displayName>
			</currency>
			<currency type="RUB">
				<displayName draft="unconfirmed">Russian Ruble</displayName>
			</currency>
			<currency type="USD">
				<displayName draft="unconfirmed">US Dollar</displayName>
			</currency>
		</currencies>
	</numbers>
</ldml>

