<?xml version="1.0" encoding="UTF-8" ?>
<!DOCTYPE ldml SYSTEM "../../common/dtd/ldml.dtd">
<ldml>
	<identity>
		<version number="$Revision: 1.68 $"/>
		<generation date="$Date: 2009/06/15 03:46:25 $"/>
		<language type="so"/>
	</identity>
	<localeDisplayNames>
		<languages>
			<language type="af" draft="unconfirmed">Afrikaanays</language>
			<language type="am" draft="unconfirmed">Amhari</language>
			<language type="ar" draft="contributed">Carabi</language>
			<language type="as" draft="unconfirmed">Asaamiis</language>
			<language type="az" draft="unconfirmed">Azerbaijan</language>
			<language type="be" draft="unconfirmed">Beleruusiyaan</language>
			<language type="bg" draft="unconfirmed">Bulgeeriyaan</language>
			<language type="bh" draft="unconfirmed">Bixaari</language>
			<language type="bn" draft="unconfirmed">Bangaali</language>
			<language type="br" draft="unconfirmed">Bereton</language>
			<language type="bs" draft="unconfirmed">Boosniya</language>
			<language type="ca" draft="unconfirmed">Katalaan</language>
			<language type="cs" draft="unconfirmed">Jeeg</language>
			<language type="cy" draft="unconfirmed">Welsh</language>
			<language type="da" draft="unconfirmed">Danmarkays</language>
			<language type="de" draft="contributed">Jarmal</language>
			<language type="de_CH" draft="unconfirmed">Jarmal (Iswiiserlaand)</language>
			<language type="el" draft="unconfirmed">Giriik</language>
			<language type="en" draft="unconfirmed">Ingiriisi</language>
			<language type="en_GB" draft="unconfirmed">Ingiriisi (Boqortooyada Midowday)</language>
			<language type="en_US" draft="unconfirmed">Ingiriisi (Maraykan)</language>
			<language type="eo" draft="unconfirmed">Isberento</language>
			<language type="es" draft="contributed">Isbaanish</language>
			<language type="es_419" draft="unconfirmed">Isbaanishka Laatiin Ameerika</language>
			<language type="es_ES" draft="unconfirmed">Isbaanish (Isbayn)</language>
			<language type="et" draft="unconfirmed">Istooniyaan</language>
			<language type="eu" draft="unconfirmed">Basquu</language>
			<language type="fa" draft="contributed">Faarisi</language>
			<language type="fi" draft="unconfirmed">Fiinlaandees</language>
			<language type="fil" draft="unconfirmed">Tagalog</language>
			<language type="fo" draft="unconfirmed">Farowsi</language>
			<language type="fr" draft="contributed">Faransiis</language>
			<language type="fr_CH" draft="unconfirmed">Faransiis (Iswiiserlaand)</language>
			<language type="fy">Firiisiyan Galbeed</language>
			<language type="ga" draft="unconfirmed">Ayrish</language>
			<language type="gd" draft="unconfirmed">Iskot Giilik</language>
			<language type="gl" draft="unconfirmed">Galiisiyaan</language>
			<language type="gn" draft="unconfirmed">Guraani</language>
			<language type="gu" draft="unconfirmed">Gujaraati</language>
			<language type="he" draft="unconfirmed">Cibri</language>
			<language type="hi" draft="unconfirmed">Hindi</language>
			<language type="hr" draft="unconfirmed">Koro'eeshiyaan</language>
			<language type="hu" draft="unconfirmed">Hangariyaan</language>
			<language type="hy" draft="unconfirmed">Armeeniyaan</language>
			<language type="ia" draft="unconfirmed">Interlinguwa</language>
			<language type="id" draft="unconfirmed">Indunuusiyaan</language>
			<language type="ie" draft="unconfirmed">Interlingue</language>
			<language type="is" draft="unconfirmed">Ayslandays</language>
			<language type="it" draft="contributed">Talyaani</language>
			<language type="ja" draft="unconfirmed">Jabbaaniis</language>
			<language type="jv" draft="unconfirmed">Jafaaniis</language>
			<language type="ka" draft="unconfirmed">Joorijiyaan</language>
			<language type="km" draft="unconfirmed">Kamboodhian</language>
			<language type="kn" draft="unconfirmed">Kannadays</language>
			<language type="ko" draft="unconfirmed">Kuuriyaan</language>
			<language type="ku" draft="unconfirmed">Kurdishka</language>
			<language type="ky" draft="unconfirmed">Kirgiis</language>
			<language type="la" draft="unconfirmed">Laatiin</language>
			<language type="ln" draft="unconfirmed">Lingala</language>
			<language type="lo" draft="unconfirmed">Laothian</language>
			<language type="lt" draft="unconfirmed">Lituwaanays</language>
			<language type="lv" draft="unconfirmed">Laatfiyaan</language>
			<language type="mk" draft="unconfirmed">Masadooniyaan</language>
			<language type="ml" draft="unconfirmed">Malayalam</language>
			<language type="mn" draft="unconfirmed">Mangooli</language>
			<language type="mr" draft="unconfirmed">Maarati</language>
			<language type="ms" draft="unconfirmed">Malaay</language>
			<language type="mt" draft="unconfirmed">Maltiis</language>
			<language type="ne" draft="unconfirmed">Nebaali</language>
			<language type="nl" draft="unconfirmed">Holandays</language>
			<language type="nn" draft="unconfirmed">Nowrwejiyan (naynoroski)</language>
			<language type="no" draft="unconfirmed">Af Noorwiijiyaan</language>
			<language type="oc" draft="unconfirmed">Okitaan</language>
			<language type="or" draft="unconfirmed">Oriya</language>
			<language type="pa" draft="unconfirmed">Bunjaabi</language>
			<language type="pl" draft="unconfirmed">Boolish</language>
			<language type="ps" draft="unconfirmed">Bashtuu</language>
			<language type="pt" draft="unconfirmed">Boortaqiis</language>
			<language type="pt_BR" draft="unconfirmed">Boortaqiiska Baraasiil</language>
			<language type="pt_PT" draft="unconfirmed">Boortaqiis (Boortuqaal)</language>
			<language type="ro" draft="unconfirmed">Romanka</language>
			<language type="ru" draft="unconfirmed">Ruush</language>
			<language type="sa" draft="unconfirmed">Sanskrit</language>
			<language type="sd" draft="unconfirmed">SINDHI</language>
			<language type="sh" draft="unconfirmed">Serbiyaan</language>
			<language type="si" draft="unconfirmed">Sinhaleys</language>
			<language type="sk" draft="unconfirmed">Isloofaak</language>
			<language type="sl" draft="unconfirmed">Islofeeniyaan</language>
			<language type="so">Soomaali</language>
			<language type="sq" draft="unconfirmed">Albaaniyaan</language>
			<language type="sr" draft="unconfirmed">Seerbiyaan</language>
			<language type="st" draft="unconfirmed">Sesooto</language>
			<language type="su" draft="unconfirmed">Suudaaniis</language>
			<language type="sv" draft="unconfirmed">Swiidhis</language>
			<language type="sw" draft="unconfirmed">Sawaaxili</language>
			<language type="ta" draft="unconfirmed">Tamiil</language>
			<language type="te" draft="unconfirmed">Teluugu</language>
			<language type="th" draft="unconfirmed">Taaylandays</language>
			<language type="ti" draft="unconfirmed">Tigrinya</language>
			<language type="tk" draft="unconfirmed">Turkumaanish</language>
			<language type="tlh" draft="unconfirmed">Kiligoon</language>
			<language type="tr" draft="unconfirmed">Turkish</language>
			<language type="tw" draft="unconfirmed">Tiwiyan</language>
			<language type="ug" draft="unconfirmed">UIGHUR</language>
			<language type="uk" draft="unconfirmed">Yukreeniyaan</language>
			<language type="und" draft="unconfirmed">Af aan la aqoon ama aan sax ahayn</language>
			<language type="ur" draft="unconfirmed">Urduu</language>
			<language type="uz" draft="unconfirmed">Usbakis</language>
			<language type="vi" draft="unconfirmed">Fiitnaamays</language>
			<language type="xh" draft="unconfirmed">Hoosta</language>
			<language type="yi" draft="unconfirmed">Yadhish</language>
			<language type="zh" draft="unconfirmed">Jayniis</language>
			<language type="zu" draft="unconfirmed">Zuulu</language>
		</languages>
		<scripts>
			<script type="Latn" draft="unconfirmed">Laatiin</script>
			<script type="Zxxx">Aan la qorin</script>
			<script type="Zzzz">Far aan la aqoon amase aan saxnayn</script>
		</scripts>
		<territories>
			<territory type="014" draft="unconfirmed">Afrikada Bari</territory>
			<territory type="030" draft="unconfirmed">Aasiyada Bari</territory>
			<territory type="151" draft="unconfirmed">Yurubta Bari</territory>
			<territory type="AE">Imaaraadka Carabta ee Midoobay</territory>
			<territory type="AF">Afgaanistaan</territory>
			<territory type="AM">Armeeniya</territory>
			<territory type="AO">Angoola</territory>
			<territory type="AT">Osteeriya</territory>
			<territory type="AU">Awstraaliya</territory>
			<territory type="BA">Boosniya Heersigoviina</territory>
			<territory type="BB">Baarbadoos</territory>
			<territory type="BD">Bangaala-Deesh</territory>
			<territory type="BE">Beljiyam</territory>
			<territory type="BH">Baxrayn</territory>
			<territory type="BJ">Beniin</territory>
			<territory type="BR">Braasiil</territory>
			<territory type="CA">Kanada</territory>
			<territory type="CH">Swiiserlaand</territory>
			<territory type="CL">Jili</territory>
			<territory type="CM">Kameruun</territory>
			<territory type="CN">Shiinaha</territory>
			<territory type="CU">Kuuba</territory>
			<territory type="CZ" draft="unconfirmed">Jekoslafaakiya</territory>
			<territory type="DE">Jarmal</territory>
			<territory type="DJ">Jabuuti</territory>
			<territory type="DK">Danmaark</territory>
			<territory type="EC" draft="unconfirmed">Ikwadoor</territory>
			<territory type="EG">Masar</territory>
			<territory type="ES">Isbeyn</territory>
			<territory type="ET">Itoobiya</territory>
			<territory type="FI">Fiinlaand</territory>
			<territory type="FR">Faransiis</territory>
			<territory type="GB" draft="unconfirmed">United Kingdom</territory>
			<territory type="GD">Giriinaada</territory>
			<territory type="GN">Gini</territory>
			<territory type="GR">Giriigga</territory>
			<territory type="HR">Korweeshiya</territory>
			<territory type="HU">Hangeri</territory>
			<territory type="ID">Indoneesiya</territory>
			<territory type="IE">Ayrlaanda</territory>
			<territory type="IL" draft="unconfirmed">Israaʼiil</territory>
			<territory type="IN">Hindiya</territory>
			<territory type="IQ">Ciraaq</territory>
			<territory type="IR">Iiraan</territory>
			<territory type="IS">Iislaand</territory>
			<territory type="IT">Talyaani</territory>
			<territory type="JM">Jameyka</territory>
			<territory type="JO">Urdun</territory>
			<territory type="JP">Jabbaan</territory>
			<territory type="KE">Kiiniya</territory>
			<territory type="KH">Kamboodiya</territory>
			<territory type="KP">Kuuriyada Waqooyi</territory>
			<territory type="KR">Kuuriyada Koonfureed</territory>
			<territory type="KW">Kuwayt</territory>
			<territory type="KZ">Kasaakhistaan</territory>
			<territory type="LB">Lubnaan</territory>
			<territory type="LK">Siirilaanka</territory>
			<territory type="LR">Laybeeriya</territory>
			<territory type="LS">Losooto</territory>
			<territory type="LU">Luksemboorg</territory>
			<territory type="LV">Laatfiya</territory>
			<territory type="LY">Liibiya</territory>
			<territory type="MA">Marooko</territory>
			<territory type="MC">Moonako</territory>
			<territory type="MK">Makadooniya</territory>
			<territory type="ML">Maali</territory>
			<territory type="MR">Muritaaniya</territory>
			<territory type="MT">Maalda</territory>
			<territory type="MV">Maaldiqeen</territory>
			<territory type="MW">Malaawi</territory>
			<territory type="MX">Meksiko</territory>
			<territory type="MZ">Musambiig</territory>
			<territory type="NA">Namiibiya</territory>
			<territory type="NG">Nayjeeriya</territory>
			<territory type="NI">Nikaraaguwa</territory>
			<territory type="NO">Noorweey</territory>
			<territory type="NZ">Neyuusilaand</territory>
			<territory type="OM">Cumaan</territory>
			<territory type="PH">Filibiin</territory>
			<territory type="PK">Bakistaan</territory>
			<territory type="PL">Booland</territory>
			<territory type="PT">Bortuqaal</territory>
			<territory type="QA">Qadar</territory>
			<territory type="RO">Rumaaniya</territory>
			<territory type="RU">Ruush</territory>
			<territory type="SA">Sacuudi Carabiya</territory>
			<territory type="SD">Sudaan</territory>
			<territory type="SE">Iswidhan</territory>
			<territory type="SL">Siraaliyoon</territory>
			<territory type="SO">Soomaaliya</territory>
			<territory type="SY">Suuriya</territory>
			<territory type="TD">Jaad</territory>
			<territory type="TG">Toogo</territory>
			<territory type="TH">Taylaand</territory>
			<territory type="TN">Tuniisiya</territory>
			<territory type="TO" draft="unconfirmed">Tonga</territory>
			<territory type="TR">Turki</territory>
			<territory type="TZ">Tansaaniya</territory>
			<territory type="UG">Ugaanda</territory>
			<territory type="US">Qaramada Midoobey ee Maraykanka</territory>
			<territory type="VA">Faatikaan</territory>
			<territory type="VE">Fenisuweela</territory>
			<territory type="VN">Fiyetnaam</territory>
			<territory type="YE">Yaman</territory>
			<territory type="ZA">Koonfur Afrika</territory>
			<territory type="ZM">Saambiya</territory>
			<territory type="ZW">Simbaabwe</territory>
			<territory type="ZZ">Far aan la aqoon amase aan saxnayn</territory>
		</territories>
		<keys>
			<key type="calendar" draft="unconfirmed">Habeentiris</key>
			<key type="currency" draft="unconfirmed">Lacag</key>
		</keys>
		<types>
			<type type="hebrew" key="calendar" draft="unconfirmed">Habeentiriska yuhuudda</type>
			<type type="islamic" key="calendar" draft="unconfirmed">Habeentiriska islaamka</type>
			<type type="japanese" key="calendar" draft="unconfirmed">Habeentiriska jabbaanka</type>
		</types>
	</localeDisplayNames>
	<characters>
		<exemplarCharacters>[a-z]</exemplarCharacters>
	</characters>
	<dates>
		<calendars>
			<calendar type="gregorian">
				<months>
					<monthContext type="format">
						<monthWidth type="abbreviated">
							<month type="1">Kob</month>
							<month type="2">Lab</month>
							<month type="3">Sad</month>
							<month type="4">Afr</month>
							<month type="5">Sha</month>
							<month type="6">Lix</month>
							<month type="7">Tod</month>
							<month type="8">Sid</month>
							<month type="9">Sag</month>
							<month type="10">Tob</month>
							<month type="11">KIT</month>
							<month type="12">LIT</month>
						</monthWidth>
						<monthWidth type="wide">
							<month type="1">Bisha Koobaad</month>
							<month type="2">Bisha Labaad</month>
							<month type="3">Bisha Saddexaad</month>
							<month type="4">Bisha Afraad</month>
							<month type="5">Bisha Shanaad</month>
							<month type="6">Bisha Lixaad</month>
							<month type="7">Bisha Todobaad</month>
							<month type="8">Bisha Sideedaad</month>
							<month type="9">Bisha Sagaalaad</month>
							<month type="10">Bisha Tobnaad</month>
							<month type="11">Bisha Kow iyo Tobnaad</month>
							<month type="12">Bisha Laba iyo Tobnaad</month>
						</monthWidth>
					</monthContext>
					<monthContext type="stand-alone">
						<monthWidth type="narrow">
							<month type="1" draft="unconfirmed">K</month>
							<month type="2" draft="unconfirmed">L</month>
							<month type="3" draft="unconfirmed">S</month>
							<month type="4" draft="unconfirmed">A</month>
							<month type="5" draft="unconfirmed">S</month>
							<month type="6" draft="unconfirmed">L</month>
							<month type="7" draft="unconfirmed">T</month>
							<month type="8" draft="unconfirmed">S</month>
							<month type="9" draft="unconfirmed">S</month>
							<month type="10" draft="unconfirmed">T</month>
							<month type="11" draft="unconfirmed">K</month>
							<month type="12" draft="unconfirmed">L</month>
						</monthWidth>
					</monthContext>
				</months>
				<days>
					<dayContext type="format">
						<dayWidth type="abbreviated">
							<day type="sun">Axa</day>
							<day type="mon">Isn</day>
							<day type="tue">Sal</day>
							<day type="wed">Arb</day>
							<day type="thu">Kha</day>
							<day type="fri">Jim</day>
							<day type="sat">Sab</day>
						</dayWidth>
						<dayWidth type="wide">
							<day type="sun">Axad</day>
							<day type="mon">Isniin</day>
							<day type="tue">Salaaso</day>
							<day type="wed">Arbaco</day>
							<day type="thu">Khamiis</day>
							<day type="fri">Jimco</day>
							<day type="sat">Sabti</day>
						</dayWidth>
					</dayContext>
					<dayContext type="stand-alone">
						<dayWidth type="narrow">
							<day type="sun" draft="unconfirmed">A</day>
							<day type="mon" draft="unconfirmed">I</day>
							<day type="tue" draft="unconfirmed">S</day>
							<day type="wed" draft="unconfirmed">A</day>
							<day type="thu" draft="unconfirmed">K</day>
							<day type="fri" draft="unconfirmed">J</day>
							<day type="sat" draft="unconfirmed">S</day>
						</dayWidth>
					</dayContext>
				</days>
				<quarters>
					<quarterContext type="format">
						<quarterWidth type="abbreviated">
							<quarter type="1" draft="unconfirmed">Q1</quarter>
							<quarter type="2" draft="unconfirmed">Q2</quarter>
							<quarter type="3" draft="unconfirmed">Q3</quarter>
							<quarter type="4" draft="unconfirmed">Q4</quarter>
						</quarterWidth>
						<quarterWidth type="wide">
							<quarter type="1" draft="unconfirmed">Q1</quarter>
							<quarter type="2" draft="unconfirmed">Q2</quarter>
							<quarter type="3" draft="unconfirmed">Q3</quarter>
							<quarter type="4" draft="unconfirmed">Q4</quarter>
						</quarterWidth>
					</quarterContext>
				</quarters>
				<am>sn</am>
				<pm>gn</pm>
				<eras>
					<eraAbbr>
						<era type="0">Ciise ka hor</era>
						<era type="1">Ciise ka dib</era>
					</eraAbbr>
				</eras>
				<dateFormats>
					<dateFormatLength type="full">
						<dateFormat>
							<pattern>EEEE, MMMM dd, y</pattern>
						</dateFormat>
					</dateFormatLength>
					<dateFormatLength type="long">
						<dateFormat>
							<pattern>dd MMMM y</pattern>
						</dateFormat>
					</dateFormatLength>
					<dateFormatLength type="medium">
						<dateFormat>
							<pattern>dd-MMM-y</pattern>
						</dateFormat>
					</dateFormatLength>
					<dateFormatLength type="short">
						<dateFormat>
							<pattern>dd/MM/yy</pattern>
						</dateFormat>
					</dateFormatLength>
				</dateFormats>
				<timeFormats>
					<timeFormatLength type="full">
						<timeFormat>
							<pattern>h:mm:ss a zzzz</pattern>
						</timeFormat>
					</timeFormatLength>
					<timeFormatLength type="long">
						<timeFormat>
							<pattern>h:mm:ss a z</pattern>
						</timeFormat>
					</timeFormatLength>
					<timeFormatLength type="medium">
						<timeFormat>
							<pattern>h:mm:ss a</pattern>
						</timeFormat>
					</timeFormatLength>
					<timeFormatLength type="short">
						<timeFormat>
							<pattern>h:mm a</pattern>
						</timeFormat>
					</timeFormatLength>
				</timeFormats>
				<dateTimeFormats>
					<availableFormats>
						<dateFormatItem id="MMdd" draft="unconfirmed">dd/MM</dateFormatItem>
						<dateFormatItem id="MMMMdd" draft="unconfirmed">dd MMMM</dateFormatItem>
						<dateFormatItem id="yyMM" draft="unconfirmed">MM/yy</dateFormatItem>
						<dateFormatItem id="yyQ" draft="unconfirmed">Q yy</dateFormatItem>
						<dateFormatItem id="yyyyMMMM" draft="unconfirmed">MMMM y</dateFormatItem>
					</availableFormats>
					<intervalFormats>
						<intervalFormatFallback draft="unconfirmed">{0} - {1}</intervalFormatFallback>
						<intervalFormatItem id="d">
							<greatestDifference id="d" draft="unconfirmed">d-d</greatestDifference>
						</intervalFormatItem>
						<intervalFormatItem id="h">
							<greatestDifference id="a" draft="unconfirmed">h a - h a</greatestDifference>
							<greatestDifference id="h" draft="unconfirmed">h-h a</greatestDifference>
						</intervalFormatItem>
						<intervalFormatItem id="hm">
							<greatestDifference id="a" draft="unconfirmed">h:mm a - h:mm a</greatestDifference>
							<greatestDifference id="h" draft="unconfirmed">h:mm-h:mm a</greatestDifference>
							<greatestDifference id="m" draft="unconfirmed">h:mm-h:mm a</greatestDifference>
						</intervalFormatItem>
						<intervalFormatItem id="hmv">
							<greatestDifference id="a" draft="unconfirmed">h:mm a - h:mm a v</greatestDifference>
							<greatestDifference id="h" draft="unconfirmed">h:mm-h:mm a v</greatestDifference>
							<greatestDifference id="m" draft="unconfirmed">h:mm-h:mm a v</greatestDifference>
						</intervalFormatItem>
						<intervalFormatItem id="hv">
							<greatestDifference id="a" draft="unconfirmed">h a - h a v</greatestDifference>
							<greatestDifference id="h" draft="unconfirmed">h-h a v</greatestDifference>
						</intervalFormatItem>
						<intervalFormatItem id="M">
							<greatestDifference id="M" draft="unconfirmed">M-M</greatestDifference>
						</intervalFormatItem>
						<intervalFormatItem id="Md">
							<greatestDifference id="d" draft="unconfirmed">dd/MM - dd/MM</greatestDifference>
							<greatestDifference id="M" draft="unconfirmed">dd/MM - dd/MM</greatestDifference>
						</intervalFormatItem>
						<intervalFormatItem id="MEd">
							<greatestDifference id="d" draft="unconfirmed">E, dd/MM - E, dd/MM</greatestDifference>
							<greatestDifference id="M" draft="unconfirmed">E, dd/MM - E, dd/MM</greatestDifference>
						</intervalFormatItem>
						<intervalFormatItem id="MMM">
							<greatestDifference id="M" draft="unconfirmed">MMM-MMM</greatestDifference>
						</intervalFormatItem>
						<intervalFormatItem id="MMMd">
							<greatestDifference id="d" draft="unconfirmed">dd-dd MMM</greatestDifference>
							<greatestDifference id="M" draft="unconfirmed">dd MMM - dd MMM</greatestDifference>
						</intervalFormatItem>
						<intervalFormatItem id="MMMEd">
							<greatestDifference id="d" draft="unconfirmed">E, dd - E, dd MMM</greatestDifference>
							<greatestDifference id="M" draft="unconfirmed">E, dd MMM - E, dd MMM</greatestDifference>
						</intervalFormatItem>
						<intervalFormatItem id="y">
							<greatestDifference id="y" draft="unconfirmed">y-y</greatestDifference>
						</intervalFormatItem>
						<intervalFormatItem id="yM">
							<greatestDifference id="M" draft="unconfirmed">MM/yy - MM/yy</greatestDifference>
							<greatestDifference id="y" draft="unconfirmed">MM/yy - MM/yy</greatestDifference>
						</intervalFormatItem>
						<intervalFormatItem id="yMd">
							<greatestDifference id="d" draft="unconfirmed">dd/MM/yy - dd/MM/yy</greatestDifference>
							<greatestDifference id="M" draft="unconfirmed">dd/MM/yy - dd/MM/yy</greatestDifference>
							<greatestDifference id="y" draft="unconfirmed">dd/MM/yy - dd/MM/yy</greatestDifference>
						</intervalFormatItem>
						<intervalFormatItem id="yMEd">
							<greatestDifference id="d" draft="unconfirmed">E, dd/MM/yy - E, dd/MM/yy</greatestDifference>
							<greatestDifference id="M" draft="unconfirmed">E, dd/MM/yy - E, dd/MM/yy</greatestDifference>
							<greatestDifference id="y" draft="unconfirmed">E, dd/MM/yy - E, dd/MM/yy</greatestDifference>
						</intervalFormatItem>
						<intervalFormatItem id="yMMM">
							<greatestDifference id="M" draft="unconfirmed">MMM-MMM y</greatestDifference>
							<greatestDifference id="y" draft="unconfirmed">MMM y - MMM y</greatestDifference>
						</intervalFormatItem>
						<intervalFormatItem id="yMMMd">
							<greatestDifference id="d" draft="unconfirmed">dd-dd MMM y</greatestDifference>
							<greatestDifference id="M" draft="unconfirmed">dd MMM - dd MMM y</greatestDifference>
							<greatestDifference id="y" draft="unconfirmed">dd MMM y - dd MMM y</greatestDifference>
						</intervalFormatItem>
						<intervalFormatItem id="yMMMEd">
							<greatestDifference id="d" draft="unconfirmed">E, MMM dd - E, MMM dd, y</greatestDifference>
							<greatestDifference id="M" draft="unconfirmed">E, MMM dd - E, MMM dd, y</greatestDifference>
							<greatestDifference id="y" draft="unconfirmed">E, MMM dd, y - E, MMM dd, y</greatestDifference>
						</intervalFormatItem>
					</intervalFormats>
				</dateTimeFormats>
			</calendar>
		</calendars>
		<timeZoneNames>
			<hourFormat draft="unconfirmed">+HH:mm;-HH:mm</hourFormat>
			<gmtFormat draft="unconfirmed">GMT{0}</gmtFormat>
			<regionFormat draft="unconfirmed">{0}</regionFormat>
			<zone type="Etc/Unknown">
				<exemplarCity>Far aan la aqoon amase aan saxnayn</exemplarCity>
			</zone>
		</timeZoneNames>
	</dates>
	<numbers>
		<symbols>
			<decimal>.</decimal>
			<group>,</group>
		</symbols>
		<currencyFormats>
			<currencyFormatLength>
				<currencyFormat>
					<pattern>¤#,##0.00</pattern>
				</currencyFormat>
			</currencyFormatLength>
		</currencyFormats>
		<currencies>
			<currency type="BRL">
				<displayName draft="unconfirmed">Brazilian Real</displayName>
			</currency>
			<currency type="CNY">
				<displayName draft="unconfirmed">Chinese Yuan Renminbi</displayName>
			</currency>
			<currency type="DJF">
				<displayName draft="unconfirmed">Faran Jabbuuti</displayName>
			</currency>
			<currency type="ETB">
				<displayName draft="unconfirmed">Birta Itoobbiya</displayName>
			</currency>
			<currency type="EUR">
				<displayName draft="unconfirmed">Yuuroo</displayName>
			</currency>
			<currency type="GBP">
				<displayName draft="unconfirmed">British Pound Sterling</displayName>
			</currency>
			<currency type="INR">
				<displayName draft="unconfirmed">Indian Rupee</displayName>
			</currency>
			<currency type="JPY">
				<displayName draft="unconfirmed">Japanese Yen</displayName>
			</currency>
			<currency type="RUB">
				<displayName draft="unconfirmed">Russian Ruble</displayName>
			</currency>
			<currency type="SOS">
				<displayName draft="unconfirmed">Shilin soomaali</displayName>
			</currency>
			<currency type="USD">
				<displayName draft="unconfirmed">Doollar maraykan</displayName>
			</currency>
			<currency type="XXX">
				<displayName draft="unconfirmed">Lacag aan la qoon ama aan saxnayn</displayName>
			</currency>
		</currencies>
	</numbers>
	<posix>
		<messages>
			<yesstr>haa:h</yesstr>
			<nostr>maya:m</nostr>
		</messages>
	</posix>
</ldml>

