<?xml version="1.0" encoding="UTF-8" ?>
<!DOCTYPE ldml SYSTEM "../../common/dtd/ldml.dtd">
<ldml>
	<identity>
		<version number="$Revision: 1.57 $"/>
		<generation date="$Date: 2009/06/15 03:46:25 $"/>
		<language type="ti"/>
		<territory type="ER"/>
	</identity>
	<characters>
		<exemplarCharacters draft="unconfirmed">[\u135F ፡ ፣-፧ ። ፠ ፨ ፲-፼ ፩-፱ ሀ-ሆ ለ-ሟ ረ-ቆ ቈ ቊ-ቍ ቐ-ቖ ቘ ቚ-ቝ በ-ኆ ኈ ኊ-ኍ ነ-ኮ ኰ ኲ-ኵ ኸ-ኾ ዀ ዂ-ዅ ወ-ዎ ዐ-ዖ ዘ-ዮ ደ-ዷ ጀ-ጎ ጐ ጒ-ጕ ጠ-ጯ ጸ-ጿ ፈ-ፗ]</exemplarCharacters>
		<exemplarCharacters type="auxiliary" draft="unconfirmed">[᎐-᎙ ሇ ⶀ ᎀ-ᎃ ⶁ ሠ-ሧ ⶂ-ⶄ ቇ ᎄ-ᎇ ⶅ-ⶇ ኇ ⶈ-ⶊ ኯ ዏ ⶋ ዯ ⶌ ዸ-ዿ ⶍ ⶎ ጏ ጘ-ጟ ⶓ-ⶖ ⶏ-ⶑ ፀ-ፇ ᎈ-ᎏ ⶒ ፘ-ፚ ⶠ-ⶦ ⶨ-ⶮ ⶰ-ⶶ ⶸ-ⶾ ⷀ-ⷆ ⷈ-ⷎ ⷐ-ⷖ ⷘ-ⷞ]</exemplarCharacters>
	</characters>
	<dates>
		<calendars>
			<calendar type="gregorian">
				<months>
					<monthContext type="format">
						<monthWidth type="abbreviated">
							<month type="1">ጥሪ</month>
							<month type="2">ለካቲ</month>
							<month type="3">መጋቢ</month>
							<month type="4">ሚያዝ</month>
							<month type="5">ግንቦ</month>
							<month type="6">ሰነ</month>
							<month type="7">ሓምለ</month>
							<month type="8">ነሓሰ</month>
							<month type="9">መስከ</month>
							<month type="10">ጥቅም</month>
							<month type="11">ሕዳር</month>
							<month type="12">ታሕሳ</month>
						</monthWidth>
						<monthWidth type="wide">
							<month type="1">ጥሪ</month>
							<month type="2">ለካቲት</month>
							<month type="3">መጋቢት</month>
							<month type="4">ሚያዝያ</month>
							<month type="5">ግንቦት</month>
							<month type="6">ሰነ</month>
							<month type="7">ሓምለ</month>
							<month type="8">ነሓሰ</month>
							<month type="9">መስከረም</month>
							<month type="10">ጥቅምቲ</month>
							<month type="11">ሕዳር</month>
							<month type="12">ታሕሳስ</month>
						</monthWidth>
					</monthContext>
				</months>
				<days>
					<dayContext type="format">
						<dayWidth type="abbreviated">
							<day type="tue">ሰሉስ</day>
							<day type="thu">ሓሙስ</day>
						</dayWidth>
						<dayWidth type="wide">
							<day type="tue">ሰሉስ</day>
							<day type="thu">ሓሙስ</day>
						</dayWidth>
					</dayContext>
				</days>
				<dateFormats>
					<dateFormatLength type="full">
						<dateFormat>
							<pattern>EEEE፡ dd MMMM መዓልቲ y G</pattern>
						</dateFormat>
					</dateFormatLength>
				</dateFormats>
				<dateTimeFormats>
					<intervalFormats>
						<intervalFormatFallback draft="unconfirmed">{0} - {1}</intervalFormatFallback>
						<intervalFormatItem id="Md">
							<greatestDifference id="d" draft="unconfirmed">MM-dd - MM-dd</greatestDifference>
							<greatestDifference id="M" draft="unconfirmed">MM-dd - MM-dd</greatestDifference>
						</intervalFormatItem>
						<intervalFormatItem id="MEd">
							<greatestDifference id="d" draft="unconfirmed">E፡ MM-dd - E፡ MM-dd</greatestDifference>
							<greatestDifference id="M" draft="unconfirmed">E፡ MM-dd - E፡ MM-dd</greatestDifference>
						</intervalFormatItem>
						<intervalFormatItem id="MMM">
							<greatestDifference id="M" draft="unconfirmed">MMM-MMM</greatestDifference>
						</intervalFormatItem>
						<intervalFormatItem id="MMMd">
							<greatestDifference id="d" draft="unconfirmed">MMM d-d</greatestDifference>
							<greatestDifference id="M" draft="unconfirmed">MMM d - MMM d</greatestDifference>
						</intervalFormatItem>
						<intervalFormatItem id="MMMEd">
							<greatestDifference id="d" draft="unconfirmed">E፡ MMM d - E፡ MMM d</greatestDifference>
							<greatestDifference id="M" draft="unconfirmed">E፡ MMM d - E፡ MMM d</greatestDifference>
						</intervalFormatItem>
						<intervalFormatItem id="yM">
							<greatestDifference id="M" draft="unconfirmed">yyyy-MM - yyyy-MM</greatestDifference>
							<greatestDifference id="y" draft="unconfirmed">yyyy-MM - yyyy-MM</greatestDifference>
						</intervalFormatItem>
						<intervalFormatItem id="yMd">
							<greatestDifference id="d" draft="unconfirmed">yyyy-MM-dd - yyyy-MM-dd</greatestDifference>
							<greatestDifference id="M" draft="unconfirmed">yyyy-MM-dd - yyyy-MM-dd</greatestDifference>
							<greatestDifference id="y" draft="unconfirmed">yyyy-MM-dd - yyyy-MM-dd</greatestDifference>
						</intervalFormatItem>
						<intervalFormatItem id="yMEd">
							<greatestDifference id="d" draft="unconfirmed">E፡ yyyy-MM-dd - E፡ yyyy-MM-dd</greatestDifference>
							<greatestDifference id="M" draft="unconfirmed">E፡ yyyy-MM-dd - E፡ yyyy-MM-dd</greatestDifference>
							<greatestDifference id="y" draft="unconfirmed">E፡ yyyy-MM-dd - E፡ yyyy-MM-dd</greatestDifference>
						</intervalFormatItem>
						<intervalFormatItem id="yMMM">
							<greatestDifference id="M" draft="unconfirmed">y MMM-MMM</greatestDifference>
							<greatestDifference id="y" draft="unconfirmed">y MMM - y MMM</greatestDifference>
						</intervalFormatItem>
						<intervalFormatItem id="yMMMd">
							<greatestDifference id="d" draft="unconfirmed">y MMM d-d</greatestDifference>
							<greatestDifference id="M" draft="unconfirmed">y MMM d - MMM d</greatestDifference>
							<greatestDifference id="y" draft="unconfirmed">y MMM d - y MMM d</greatestDifference>
						</intervalFormatItem>
						<intervalFormatItem id="yMMMEd">
							<greatestDifference id="d" draft="unconfirmed">E፡ dd MMM መዓልቲ y G - E፡ dd MMM መዓልቲ y G</greatestDifference>
							<greatestDifference id="M" draft="unconfirmed">E፡ dd MMM መዓልቲ y G - E፡ dd MMM መዓልቲ y G</greatestDifference>
							<greatestDifference id="y" draft="unconfirmed">E፡ dd MMM መዓልቲ y G - E፡ dd MMM መዓልቲ y G</greatestDifference>
						</intervalFormatItem>
					</intervalFormats>
				</dateTimeFormats>
			</calendar>
		</calendars>
	</dates>
</ldml>

