<?xml version="1.0" encoding="UTF-8" ?>
<!DOCTYPE ldml SYSTEM "../../common/dtd/ldml.dtd">
<ldml>
	<identity>
		<version number="$Revision: 1.19 $"/>
		<generation date="$Date: 2009/06/15 03:46:25 $"/>
		<language type="to"/>
	</identity>
	<localeDisplayNames>
		<localeDisplayPattern>
			<localePattern draft="unconfirmed">{0} ({1})</localePattern>
			<localeSeparator draft="unconfirmed">, </localeSeparator>
		</localeDisplayPattern>
		<languages>
			<language type="ar" draft="unconfirmed">lea fakaʻalepea</language>
			<language type="art" draft="unconfirmed">lea faʻu pē kehe</language>
			<language type="de" draft="unconfirmed">lea fakasiamane</language>
			<language type="el" draft="unconfirmed">lea fakakalisi</language>
			<language type="en" draft="unconfirmed">lea fakapilitānia</language>
			<language type="es" draft="unconfirmed">lea fakasepeni</language>
			<language type="fa" draft="unconfirmed">lea fakapēsia</language>
			<language type="fi" draft="unconfirmed">lea fakafinilani</language>
			<language type="fj" draft="unconfirmed">lea fakafisi</language>
			<language type="fr" draft="unconfirmed">lea fakafalanisē</language>
			<language type="ga" draft="unconfirmed">lea fakaʻaealani</language>
			<language type="gil" draft="unconfirmed">lea fakakilipasi</language>
			<language type="grc" draft="unconfirmed">lea fakakalisimuʻa</language>
			<language type="haw" draft="unconfirmed">lea fakahauaiʻi</language>
			<language type="he" draft="unconfirmed">lea fakahepelū</language>
			<language type="it" draft="unconfirmed">lea fakaʻītali</language>
			<language type="ja" draft="unconfirmed">lea fakasiapani</language>
			<language type="ko" draft="unconfirmed">lea fakakōlea</language>
			<language type="la" draft="unconfirmed">lea fakalatina</language>
			<language type="mh" draft="unconfirmed">lea fakamāsolo</language>
			<language type="mi" draft="unconfirmed">lea fakamauli</language>
			<language type="mis" draft="unconfirmed">lea kehekehe</language>
			<language type="ms" draft="unconfirmed">lea fakamalei</language>
			<language type="my" draft="unconfirmed">lea fakapema</language>
			<language type="na" draft="unconfirmed">lea fakanaulu</language>
			<language type="niu" draft="unconfirmed">lea fakaniuē</language>
			<language type="nl" draft="unconfirmed">lea fakaholani</language>
			<language type="no" draft="unconfirmed">lea fakanoauē</language>
			<language type="pt" draft="unconfirmed">lea fakapotukali</language>
			<language type="pt_BR" draft="unconfirmed">lea fakapotukali-palāsili</language>
			<language type="rap" draft="unconfirmed">lea fakalapanui</language>
			<language type="rar" draft="unconfirmed">lea fakalalotonga</language>
			<language type="ru" draft="unconfirmed">lea fakalusia</language>
			<language type="sco" draft="unconfirmed">lea fakasikotilani</language>
			<language type="sgn" draft="unconfirmed">lea fakaʻilonga</language>
			<language type="sm" draft="unconfirmed">lea fakahaʻamoa</language>
			<language type="sv" draft="unconfirmed">lea fakasueteni</language>
			<language type="tkl" draft="unconfirmed">lea fakatokelau</language>
			<language type="to" draft="unconfirmed">lea fakatonga</language>
			<language type="tr" draft="unconfirmed">lea fakatoake</language>
			<language type="tvl" draft="unconfirmed">lea fakatūvalu</language>
			<language type="ty" draft="unconfirmed">lea fakatahisi</language>
			<language type="und" draft="unconfirmed">lea taʻeʻiloa</language>
			<language type="zh" draft="unconfirmed">lea fakasiaina</language>
			<language type="zh_Hans" draft="unconfirmed">lea fakasiaina fakangofua</language>
			<language type="zh_Hant" draft="unconfirmed">lea fakasiaina tukufakaholo</language>
			<language type="zxx" draft="unconfirmed">ʻikai ha lea</language>
		</languages>
		<scripts>
			<script type="Arab" draft="unconfirmed">tohinima fakaʻalepea</script>
			<script type="Brai" draft="unconfirmed">tohinima maʻa e kakai kui</script>
			<script type="Cyrl" draft="unconfirmed">tohinima fakalūsia</script>
			<script type="Grek" draft="unconfirmed">tohinima fakakalisi</script>
			<script type="Hani" draft="unconfirmed">tohinima fakasiaina</script>
			<script type="Hans" draft="unconfirmed">tohinima fakasiaina fakafaingofua</script>
			<script type="Hant" draft="unconfirmed">tohinima fakasiaina fakatukutala</script>
			<script type="Hebr" draft="unconfirmed">tohinima fakahepelū</script>
			<script type="Jpan" draft="unconfirmed">tohinima fakasiapani</script>
			<script type="Kore" draft="unconfirmed">tohinima fakakolea</script>
			<script type="Latn" draft="unconfirmed">tohinima fakalatina</script>
			<script type="Zxxx" draft="unconfirmed">tohinima taʻetohitohiʻi</script>
			<script type="Zyyy" draft="unconfirmed">tohinima meʻataha</script>
			<script type="Zzzz" draft="unconfirmed">tohinima taʻeʻiloa</script>
		</scripts>
		<territories>
			<territory type="001" draft="unconfirmed">Māmani</territory>
			<territory type="002" draft="unconfirmed">ʻAfelika</territory>
			<territory type="003" draft="unconfirmed">ʻAmelika tokelau</territory>
			<territory type="005" draft="unconfirmed">ʻAmelika tonga</territory>
			<territory type="009" draft="unconfirmed">ʻOseania</territory>
			<territory type="011" draft="unconfirmed">ʻAfelika hihifo</territory>
			<territory type="013" draft="unconfirmed">ʻAmelika lotoloto</territory>
			<territory type="014" draft="unconfirmed">ʻAfelika hahake</territory>
			<territory type="015" draft="unconfirmed">ʻAfelika tokelau</territory>
			<territory type="017" draft="unconfirmed">ʻAfelika lotoloto</territory>
			<territory type="018" draft="unconfirmed">ʻAfelika fakatonga</territory>
			<territory type="019" draft="unconfirmed">Ongo ʻAmelika</territory>
			<territory type="021" draft="unconfirmed">ʻAmelika tonga ange</territory>
			<territory type="029" draft="unconfirmed">Kalipea</territory>
			<territory type="030" draft="unconfirmed">ʻĒsia hahake</territory>
			<territory type="034" draft="unconfirmed">ʻĒsia tonga</territory>
			<territory type="035" draft="unconfirmed">ʻĒsia tongahahake</territory>
			<territory type="039" draft="unconfirmed">ʻEulope tonga</territory>
			<territory type="053" draft="unconfirmed">ʻAositelēlia mo Nuʻusila</territory>
			<territory type="054" draft="unconfirmed">Melanisia</territory>
			<territory type="057" draft="unconfirmed">Potu fonua Mikolonisia</territory>
			<territory type="061" draft="unconfirmed">Polinisia</territory>
			<territory type="062" draft="unconfirmed">ʻĒsia tongalotoloto</territory>
			<territory type="142" draft="unconfirmed">ʻĒsia</territory>
			<territory type="143" draft="unconfirmed">ʻĒsia lotoloto</territory>
			<territory type="145" draft="unconfirmed">ʻĒsia hihifo</territory>
			<territory type="150" draft="unconfirmed">ʻEulope</territory>
			<territory type="151" draft="unconfirmed">ʻEulope hahake</territory>
			<territory type="154" draft="unconfirmed">ʻEulope tokelau</territory>
			<territory type="155" draft="unconfirmed">ʻEulope hihifo</territory>
			<territory type="172" draft="unconfirmed">Komoniueli</territory>
			<territory type="419" draft="unconfirmed">ʻAmelika fakalatina mo Kalipea</territory>
			<territory type="AG" draft="unconfirmed">Anitikua mo Palaputa</territory>
			<territory type="AI" draft="unconfirmed">Anikuila</territory>
			<territory type="AQ" draft="unconfirmed">ʻAnetātika</territory>
			<territory type="AS" draft="unconfirmed">Haʻamoa fakaʻamelika</territory>
			<territory type="AU" draft="unconfirmed">ʻAositelēlia</territory>
			<territory type="BE" draft="unconfirmed">Pelesiume</territory>
			<territory type="BR" draft="unconfirmed">Palāsili</territory>
			<territory type="BS" draft="unconfirmed">Pahama</territory>
			<territory type="BV" draft="unconfirmed">Motu Puveti</territory>
			<territory type="BW" draft="unconfirmed">Potisiuana</territory>
			<territory type="BZ" draft="unconfirmed">Pelise</territory>
			<territory type="CA" draft="unconfirmed">Kānata</territory>
			<territory type="CH" draft="unconfirmed">Suisilani</territory>
			<territory type="CK" draft="unconfirmed">ʻOtumotu Kuki</territory>
			<territory type="CN" draft="unconfirmed">Siaina</territory>
			<territory type="CX" draft="unconfirmed">Motu Kilisimasi</territory>
			<territory type="DE" draft="unconfirmed">Siamane</territory>
			<territory type="DM" draft="unconfirmed">Tominika</territory>
			<territory type="EG" draft="unconfirmed">ʻIsipite</territory>
			<territory type="ES" draft="unconfirmed">Sepeni</territory>
			<territory type="FI" draft="unconfirmed">Finilani</territory>
			<territory type="FJ" draft="unconfirmed">Fisi</territory>
			<territory type="FM" draft="unconfirmed">Mikolonisia</territory>
			<territory type="FR" draft="unconfirmed">Falanisē</territory>
			<territory type="GB" draft="unconfirmed">Pilitānia</territory>
			<territory type="GD" draft="unconfirmed">Kelenatā</territory>
			<territory type="GG" draft="unconfirmed">Kuenisī</territory>
			<territory type="GH" draft="unconfirmed">Kana</territory>
			<territory type="GI" draft="unconfirmed">Sipalālitā</territory>
			<territory type="GM" draft="unconfirmed">Kamipia</territory>
			<territory type="GR" draft="unconfirmed">Kalisi</territory>
			<territory type="GS" draft="unconfirmed">ʻOtumotu Siosia-tonga mo Saniuisi-tonga</territory>
			<territory type="GU" draft="unconfirmed">Kuami</territory>
			<territory type="GY" draft="unconfirmed">Kuiana</territory>
			<territory type="HK" draft="unconfirmed">Hongi Kongi SAR Siaina</territory>
			<territory type="HK" alt="short" draft="unconfirmed">Hongi Kongi</territory>
			<territory type="HM" draft="unconfirmed">ʻOtumotu Heati mo Makitonali</territory>
			<territory type="HN" draft="unconfirmed">Honitulasi</territory>
			<territory type="IE" draft="unconfirmed">ʻAealani</territory>
			<territory type="IL" draft="unconfirmed">ʻIsileli</territory>
			<territory type="IM" draft="unconfirmed">Motu Mani</territory>
			<territory type="IN" draft="unconfirmed">ʻInitia</territory>
			<territory type="IO" draft="unconfirmed">Potu fonua moana ʻInitia fakapilitānia</territory>
			<territory type="IT" draft="unconfirmed">ʻĪtali</territory>
			<territory type="JE" draft="unconfirmed">Selusī</territory>
			<territory type="JP" draft="unconfirmed">Siapani</territory>
			<territory type="KE" draft="unconfirmed">Kenia</territory>
			<territory type="KI" draft="unconfirmed">Kilipasi</territory>
			<territory type="KP" draft="unconfirmed">Kōloa tokelau</territory>
			<territory type="KR" draft="unconfirmed">Kōlea tonga</territory>
			<territory type="LK" draft="unconfirmed">Sīloni</territory>
			<territory type="LR" draft="unconfirmed">Laipelia</territory>
			<territory type="LS" draft="unconfirmed">Lesoto</territory>
			<territory type="MH" draft="unconfirmed">ʻOtumotu Māsolo</territory>
			<territory type="MP" draft="unconfirmed">ʻOtumotu Maliana tokelau</territory>
			<territory type="MS" draft="unconfirmed">Moʻungaselati</territory>
			<territory type="MT" draft="unconfirmed">Malita</territory>
			<territory type="MU" draft="unconfirmed">Maulitiusi</territory>
			<territory type="MW" draft="unconfirmed">Malaui</territory>
			<territory type="MX" draft="unconfirmed">Mekesikō</territory>
			<territory type="NA" draft="unconfirmed">Namipia</territory>
			<territory type="NC" draft="unconfirmed">Niu Kaletonia</territory>
			<territory type="NF" draft="unconfirmed">Motu Nōfoliki</territory>
			<territory type="NG" draft="unconfirmed">Naisilia</territory>
			<territory type="NL" draft="unconfirmed">Holani</territory>
			<territory type="NO" draft="unconfirmed">Noauē</territory>
			<territory type="NR" draft="unconfirmed">Naulu</territory>
			<territory type="NU" draft="unconfirmed">Niuē</territory>
			<territory type="NZ" draft="unconfirmed">Nuʻusila</territory>
			<territory type="PA" draft="unconfirmed">Panamā</territory>
			<territory type="PF" draft="unconfirmed">Polinisia fakafalanisē</territory>
			<territory type="PG" draft="unconfirmed">Papuaniukini</territory>
			<territory type="PK" draft="unconfirmed">Pakisitani</territory>
			<territory type="PN" draft="unconfirmed">Pitikeni</territory>
			<territory type="PT" draft="unconfirmed">Potukali</territory>
			<territory type="PW" draft="unconfirmed">Palau</territory>
			<territory type="QU" draft="unconfirmed">ʻEulope fakataha</territory>
			<territory type="RU" draft="unconfirmed">Lūsia</territory>
			<territory type="RW" draft="unconfirmed">Luanitā</territory>
			<territory type="SB" draft="unconfirmed">ʻOtumotu Solomone</territory>
			<territory type="SC" draft="unconfirmed">ʻOtumotu Seiseli</territory>
			<territory type="SE" draft="unconfirmed">Suēteni</territory>
			<territory type="SG" draft="unconfirmed">Singapula</territory>
			<territory type="TF" draft="unconfirmed">Potu fonua tonga fakafalanisē</territory>
			<territory type="TK" draft="unconfirmed">Tokelau</territory>
			<territory type="TO" draft="unconfirmed">Tonga</territory>
			<territory type="TR" draft="unconfirmed">Toake</territory>
			<territory type="TT" draft="unconfirmed">Tilinitati mo Topako</territory>
			<territory type="TV" draft="unconfirmed">Tūvalu</territory>
			<territory type="UM" draft="unconfirmed">ʻOtumotu siʻi ʻo ʻAmelika</territory>
			<territory type="US" draft="unconfirmed">Puleʻanga fakataha ʻAmelika</territory>
			<territory type="VA" draft="unconfirmed">Vatikani</territory>
			<territory type="VG" draft="unconfirmed">ʻOtumotu Vilikini fakapilitānia</territory>
			<territory type="VI" draft="unconfirmed">ʻOtumotu Vilikini fakaʻamelika</territory>
			<territory type="VU" draft="unconfirmed">Vanuatu</territory>
			<territory type="WF" draft="unconfirmed">ʻUvea mo Futuna</territory>
			<territory type="WS" draft="unconfirmed">Haʻamoa</territory>
			<territory type="ZA" draft="unconfirmed">ʻAfelika tonga</territory>
			<territory type="ZW" draft="unconfirmed">Simipapue</territory>
			<territory type="ZZ" draft="unconfirmed">Potu fonua taʻeʻiloa pe hala</territory>
		</territories>
		<keys>
			<key type="calendar" draft="unconfirmed">tohi māhina</key>
			<key type="collation" draft="unconfirmed">tohi hokohoko</key>
			<key type="currency" draft="unconfirmed">paʻanga</key>
		</keys>
		<types>
			<type type="buddhist" key="calendar" draft="unconfirmed">fakaputa</type>
			<type type="chinese" key="calendar" draft="unconfirmed">fakasiaina</type>
			<type type="direct" key="collation" draft="unconfirmed">hangatonu</type>
			<type type="gregorian" key="calendar" draft="unconfirmed">fakakelekolia</type>
			<type type="hebrew" key="calendar" draft="unconfirmed">fakahepelū</type>
			<type type="indian" key="calendar" draft="unconfirmed">fakaʻinitia</type>
			<type type="islamic" key="calendar" draft="unconfirmed">fakamohameti</type>
			<type type="islamic-civil" key="calendar" draft="unconfirmed">fakamohameti-sivile</type>
			<type type="japanese" key="calendar" draft="unconfirmed">fakasiapani</type>
		</types>
		<measurementSystemNames>
			<measurementSystemName type="metric" draft="unconfirmed">fakamita</measurementSystemName>
			<measurementSystemName type="US" draft="unconfirmed">fakaʻamelika</measurementSystemName>
		</measurementSystemNames>
	</localeDisplayNames>
	<characters>
		<exemplarCharacters draft="unconfirmed">[a á ā e é ē f h ʻ i í ī k-n {ng} o ó ō p s-u ú ū v]</exemplarCharacters>
		<exemplarCharacters type="auxiliary" draft="unconfirmed">[à ă â å ä æ b c ç d è ĕ ê ë g ì ĭ î ï j ñ ò ŏ ô ö ø œ q r ß ù ŭ û ü w-y ÿ z]</exemplarCharacters>
		<exemplarCharacters type="currencySymbol" draft="unconfirmed">[a-z]</exemplarCharacters>
	</characters>
	<delimiters>
		<quotationStart draft="unconfirmed">“</quotationStart>
		<quotationEnd draft="unconfirmed">”</quotationEnd>
		<alternateQuotationStart draft="unconfirmed">«</alternateQuotationStart>
		<alternateQuotationEnd draft="unconfirmed">»</alternateQuotationEnd>
	</delimiters>
	<dates>
		<calendars>
			<calendar type="gregorian">
				<months>
					<monthContext type="format">
						<monthWidth type="abbreviated">
							<month type="1" draft="unconfirmed">Sān</month>
							<month type="2" draft="unconfirmed">Fēp</month>
							<month type="3" draft="unconfirmed">Maʻa</month>
							<month type="4" draft="unconfirmed">ʻEpe</month>
							<month type="5" draft="unconfirmed">Mē</month>
							<month type="6" draft="unconfirmed">Sun</month>
							<month type="7" draft="unconfirmed">Siu</month>
							<month type="8" draft="unconfirmed">ʻAok</month>
							<month type="9" draft="unconfirmed">Sēp</month>
							<month type="10" draft="unconfirmed">ʻOka</month>
							<month type="11" draft="unconfirmed">Nōv</month>
							<month type="12" draft="unconfirmed">Tis</month>
						</monthWidth>
						<monthWidth type="wide">
							<month type="1" draft="unconfirmed">Sānuali</month>
							<month type="2" draft="unconfirmed">Fēpueli</month>
							<month type="3" draft="unconfirmed">Maʻasi</month>
							<month type="4" draft="unconfirmed">ʻEpeleli</month>
							<month type="5" draft="unconfirmed">Mē</month>
							<month type="6" draft="unconfirmed">Sune</month>
							<month type="7" draft="unconfirmed">Siulai</month>
							<month type="8" draft="unconfirmed">ʻAokosi</month>
							<month type="9" draft="unconfirmed">Sēpitema</month>
							<month type="10" draft="unconfirmed">ʻOkatopa</month>
							<month type="11" draft="unconfirmed">Nōvema</month>
							<month type="12" draft="unconfirmed">Tisema</month>
						</monthWidth>
					</monthContext>
					<monthContext type="stand-alone">
						<monthWidth type="narrow">
							<month type="1" draft="unconfirmed">S</month>
							<month type="2" draft="unconfirmed">F</month>
							<month type="3" draft="unconfirmed">M</month>
							<month type="4" draft="unconfirmed">E</month>
							<month type="5" draft="unconfirmed">M</month>
							<month type="6" draft="unconfirmed">S</month>
							<month type="7" draft="unconfirmed">S</month>
							<month type="8" draft="unconfirmed">A</month>
							<month type="9" draft="unconfirmed">S</month>
							<month type="10" draft="unconfirmed">O</month>
							<month type="11" draft="unconfirmed">N</month>
							<month type="12" draft="unconfirmed">T</month>
						</monthWidth>
					</monthContext>
				</months>
				<days>
					<dayContext type="format">
						<dayWidth type="abbreviated">
							<day type="sun" draft="unconfirmed">Sāp</day>
							<day type="mon" draft="unconfirmed">Mōn</day>
							<day type="tue" draft="unconfirmed">Tus</day>
							<day type="wed" draft="unconfirmed">Pul</day>
							<day type="thu" draft="unconfirmed">Tuʻa</day>
							<day type="fri" draft="unconfirmed">Fal</day>
							<day type="sat" draft="unconfirmed">Tok</day>
						</dayWidth>
						<dayWidth type="wide">
							<day type="sun" draft="unconfirmed">Sāpate</day>
							<day type="mon" draft="unconfirmed">Mōnite</day>
							<day type="tue" draft="unconfirmed">Tusite</day>
							<day type="wed" draft="unconfirmed">Pulelulu</day>
							<day type="thu" draft="unconfirmed">Tuʻapulelulu</day>
							<day type="fri" draft="unconfirmed">Falaite</day>
							<day type="sat" draft="unconfirmed">Tokonaki</day>
						</dayWidth>
					</dayContext>
					<dayContext type="stand-alone">
						<dayWidth type="narrow">
							<day type="sun" draft="unconfirmed">S</day>
							<day type="mon" draft="unconfirmed">M</day>
							<day type="tue" draft="unconfirmed">T</day>
							<day type="wed" draft="unconfirmed">P</day>
							<day type="thu" draft="unconfirmed">T</day>
							<day type="fri" draft="unconfirmed">F</day>
							<day type="sat" draft="unconfirmed">T</day>
						</dayWidth>
					</dayContext>
				</days>
				<quarters>
					<quarterContext type="format">
						<quarterWidth type="abbreviated">
							<quarter type="1" draft="unconfirmed">K1</quarter>
							<quarter type="2" draft="unconfirmed">K2</quarter>
							<quarter type="3" draft="unconfirmed">K3</quarter>
							<quarter type="4" draft="unconfirmed">K4</quarter>
						</quarterWidth>
						<quarterWidth type="wide">
							<quarter type="1" draft="unconfirmed">kuata ʻuluaki</quarter>
							<quarter type="2" draft="unconfirmed">kuata ua</quarter>
							<quarter type="3" draft="unconfirmed">kuata tolu</quarter>
							<quarter type="4" draft="unconfirmed">kuata fā</quarter>
						</quarterWidth>
					</quarterContext>
					<quarterContext type="stand-alone">
						<quarterWidth type="narrow">
							<quarter type="1" draft="unconfirmed">1</quarter>
							<quarter type="2" draft="unconfirmed">2</quarter>
							<quarter type="3" draft="unconfirmed">3</quarter>
							<quarter type="4" draft="unconfirmed">4</quarter>
						</quarterWidth>
						<quarterWidth type="wide">
							<quarter type="1" draft="unconfirmed">kuata 1</quarter>
							<quarter type="2" draft="unconfirmed">kuata 2</quarter>
							<quarter type="3" draft="unconfirmed">kuata 3</quarter>
							<quarter type="4" draft="unconfirmed">kuata 4</quarter>
						</quarterWidth>
					</quarterContext>
				</quarters>
				<am draft="unconfirmed">HH</am>
				<pm draft="unconfirmed">EA</pm>
				<eras>
					<eraNames>
						<era type="0" draft="unconfirmed">ki muʻa</era>
						<era type="1" draft="unconfirmed">taʻu ʻo Sīsū</era>
					</eraNames>
					<eraAbbr>
						<era type="0" draft="unconfirmed">KM</era>
						<era type="1" draft="unconfirmed">TS</era>
					</eraAbbr>
					<eraNarrow>
						<era type="0" draft="unconfirmed">KāMā</era>
						<era type="1" draft="unconfirmed">TāSā</era>
					</eraNarrow>
				</eras>
				<dateFormats>
					<dateFormatLength type="full">
						<dateFormat>
							<pattern draft="unconfirmed">EEEE d MMMM y</pattern>
						</dateFormat>
					</dateFormatLength>
					<dateFormatLength type="long">
						<dateFormat>
							<pattern draft="unconfirmed">d MMMM y</pattern>
						</dateFormat>
					</dateFormatLength>
					<dateFormatLength type="medium">
						<dateFormat>
							<pattern draft="unconfirmed">d MMM y</pattern>
						</dateFormat>
					</dateFormatLength>
					<dateFormatLength type="short">
						<dateFormat>
							<pattern draft="unconfirmed">dd-MM-yyyy</pattern>
						</dateFormat>
					</dateFormatLength>
				</dateFormats>
				<timeFormats>
					<timeFormatLength type="full">
						<timeFormat>
							<pattern draft="unconfirmed">HH:mm:ss zzzz</pattern>
						</timeFormat>
					</timeFormatLength>
					<timeFormatLength type="long">
						<timeFormat>
							<pattern draft="unconfirmed">HH:mm:ss z</pattern>
						</timeFormat>
					</timeFormatLength>
					<timeFormatLength type="medium">
						<timeFormat>
							<pattern draft="unconfirmed">HH:mm:ss</pattern>
						</timeFormat>
					</timeFormatLength>
					<timeFormatLength type="short">
						<timeFormat>
							<pattern draft="unconfirmed">HH:mm</pattern>
						</timeFormat>
					</timeFormatLength>
				</timeFormats>
				<dateTimeFormats>
					<availableFormats>
						<dateFormatItem id="d" draft="unconfirmed">d</dateFormatItem>
						<dateFormatItem id="Hm" draft="unconfirmed">H:mm</dateFormatItem>
						<dateFormatItem id="M" draft="unconfirmed">L</dateFormatItem>
						<dateFormatItem id="Md" draft="unconfirmed">d-M</dateFormatItem>
						<dateFormatItem id="MEd" draft="unconfirmed">E d-M</dateFormatItem>
						<dateFormatItem id="MMM" draft="unconfirmed">LLL</dateFormatItem>
						<dateFormatItem id="MMMd" draft="unconfirmed">d MMM</dateFormatItem>
						<dateFormatItem id="MMMEd" draft="unconfirmed">E d MMM</dateFormatItem>
						<dateFormatItem id="MMMMd" draft="unconfirmed">d MMMM</dateFormatItem>
						<dateFormatItem id="MMMMEd" draft="unconfirmed">E d MMMM</dateFormatItem>
						<dateFormatItem id="ms" draft="unconfirmed">mm:ss</dateFormatItem>
						<dateFormatItem id="y" draft="unconfirmed">y</dateFormatItem>
						<dateFormatItem id="yM" draft="unconfirmed">M-yyyy</dateFormatItem>
						<dateFormatItem id="yMEd" draft="unconfirmed">EEE d-M-yyyy</dateFormatItem>
						<dateFormatItem id="yMMM" draft="unconfirmed">MMM y</dateFormatItem>
						<dateFormatItem id="yMMMEd" draft="unconfirmed">EEE d MMM y</dateFormatItem>
						<dateFormatItem id="yMMMM" draft="unconfirmed">MMMM y</dateFormatItem>
						<dateFormatItem id="yQ" draft="unconfirmed">yyyy Q</dateFormatItem>
						<dateFormatItem id="yQQQ" draft="unconfirmed">y QQQ</dateFormatItem>
						<dateFormatItem id="yyMM" draft="unconfirmed">MM-yy</dateFormatItem>
						<dateFormatItem id="yyMMM" draft="unconfirmed">MMM yy</dateFormatItem>
						<dateFormatItem id="yyQ" draft="unconfirmed">Q yy</dateFormatItem>
					</availableFormats>
				</dateTimeFormats>
				<fields>
					<field type="era">
						<displayName draft="unconfirmed">kuonga</displayName>
					</field>
					<field type="year">
						<displayName draft="unconfirmed">taʻu</displayName>
					</field>
					<field type="month">
						<displayName draft="unconfirmed">māhina</displayName>
					</field>
					<field type="week">
						<displayName draft="unconfirmed">uike</displayName>
					</field>
					<field type="day">
						<displayName draft="unconfirmed">ʻaho</displayName>
						<relative type="-2" draft="unconfirmed">ʻaneheafi</relative>
						<relative type="-1" draft="unconfirmed">ʻaneafi</relative>
						<relative type="0" draft="unconfirmed">ʻahó ni</relative>
						<relative type="1" draft="unconfirmed">ʻapongipongi</relative>
						<relative type="2" draft="unconfirmed">ʻahepongipongi</relative>
					</field>
					<field type="weekday">
						<displayName draft="unconfirmed">ʻaho ʻo e uike</displayName>
					</field>
					<field type="dayperiod">
						<displayName draft="unconfirmed">HH/EA</displayName>
					</field>
					<field type="hour">
						<displayName draft="unconfirmed">houa</displayName>
					</field>
					<field type="minute">
						<displayName draft="unconfirmed">miniti</displayName>
					</field>
					<field type="second">
						<displayName draft="unconfirmed">sekoni</displayName>
					</field>
					<field type="zone">
						<displayName draft="unconfirmed">vahetaimi</displayName>
					</field>
				</fields>
			</calendar>
		</calendars>
		<timeZoneNames>
			<hourFormat draft="unconfirmed">+HH:mm;-HH:mm</hourFormat>
			<gmtFormat draft="unconfirmed">GMT{0}</gmtFormat>
			<regionFormat draft="unconfirmed">Houa {0}</regionFormat>
			<metazone type="Fiji">
				<long>
					<standard draft="unconfirmed">houa fakafisi</standard>
					<daylight draft="unconfirmed">houa fakafisi fakamaama</daylight>
				</long>
			</metazone>
			<metazone type="Hawaii_Aleutian">
				<long>
					<standard draft="unconfirmed">houa fakahauaʻi</standard>
				</long>
			</metazone>
			<metazone type="New_Zealand">
				<long>
					<generic draft="unconfirmed">houa fakanuʻusila</generic>
					<standard draft="unconfirmed">houa fakanuʻusila fakasīpinga</standard>
					<daylight draft="unconfirmed">houa fakanuʻusila fakamaama</daylight>
				</long>
			</metazone>
			<metazone type="Niue">
				<long>
					<standard draft="unconfirmed">houa fakaniuē</standard>
				</long>
			</metazone>
			<metazone type="Samoa">
				<long>
					<standard draft="unconfirmed">houa fakahaʻamoa</standard>
				</long>
			</metazone>
			<metazone type="Tahiti">
				<long>
					<standard draft="unconfirmed">houa fakatahisi</standard>
				</long>
			</metazone>
			<metazone type="Tokelau">
				<long>
					<standard draft="unconfirmed">houa fakatokelau</standard>
				</long>
			</metazone>
			<metazone type="Tonga">
				<long>
					<standard draft="unconfirmed">houa fakatonga</standard>
					<daylight draft="unconfirmed">houa fakatonga lotohē</daylight>
				</long>
			</metazone>
			<metazone type="Tuvalu">
				<long>
					<standard draft="unconfirmed">houa fakatūvalu</standard>
				</long>
			</metazone>
			<metazone type="Wallis">
				<long>
					<standard draft="unconfirmed">houa fakaʻuvea mo futuna</standard>
				</long>
			</metazone>
		</timeZoneNames>
	</dates>
	<numbers>
		<symbols>
			<decimal draft="unconfirmed">.</decimal>
			<group draft="unconfirmed">,</group>
			<list draft="unconfirmed">;</list>
			<percentSign draft="unconfirmed">%</percentSign>
			<nativeZeroDigit draft="unconfirmed">0</nativeZeroDigit>
			<patternDigit draft="unconfirmed">#</patternDigit>
			<plusSign draft="unconfirmed">+</plusSign>
			<minusSign draft="unconfirmed">-</minusSign>
			<exponential draft="unconfirmed">E</exponential>
			<perMille draft="unconfirmed">‰</perMille>
			<infinity draft="unconfirmed">∞</infinity>
			<nan draft="unconfirmed">NaN</nan>
		</symbols>
		<decimalFormats>
			<decimalFormatLength>
				<decimalFormat>
					<pattern draft="unconfirmed">#,##0.###</pattern>
				</decimalFormat>
			</decimalFormatLength>
		</decimalFormats>
		<scientificFormats>
			<scientificFormatLength>
				<scientificFormat>
					<pattern draft="unconfirmed">#E0</pattern>
				</scientificFormat>
			</scientificFormatLength>
		</scientificFormats>
		<percentFormats>
			<percentFormatLength>
				<percentFormat>
					<pattern draft="unconfirmed">#,##0%</pattern>
				</percentFormat>
			</percentFormatLength>
		</percentFormats>
		<currencyFormats>
			<currencyFormatLength>
				<currencyFormat>
					<pattern draft="unconfirmed">¤ #,##0.00</pattern>
				</currencyFormat>
			</currencyFormatLength>
			<unitPattern count="other" draft="unconfirmed">{0} {1}</unitPattern>
		</currencyFormats>
	</numbers>
	<units>
		<unit type="day">
			<unitPattern count="other">{0} ʻa</unitPattern>
		</unit>
		<unit type="minute">
			<unitPattern count="other">{0} m</unitPattern>
		</unit>
		<unit type="week">
			<unitPattern count="other">{0} u</unitPattern>
		</unit>
		<unit type="year">
			<unitPattern count="other">{0} t</unitPattern>
		</unit>
	</units>
	<posix>
		<messages>
			<yesstr draft="unconfirmed">ʻio</yesstr>
			<nostr draft="unconfirmed">ʻikai</nostr>
		</messages>
	</posix>
</ldml>

