<?xml version="1.0" encoding="UTF-8" ?>
<!DOCTYPE ldml SYSTEM "../../common/dtd/ldml.dtd">
<ldml>
	<identity>
		<version number="$Revision: 1.30 $"/>
		<generation date="$Date: 2009/05/05 23:06:41 $"/>
		<language type="ug"/>
	</identity>
	<localeDisplayNames>
		<variants>
			<variant type="REVISED" draft="unconfirmed">Uyghur</variant>
		</variants>
	</localeDisplayNames>
	<layout>
		<orientation characters="right-to-left"/>
	</layout>
	<characters>
		<exemplarCharacters draft="unconfirmed">[ئ-ب پ ت ج چ خ د ر ز ژ س ش غ ف-ك ڭ گ ل-ه ە و ۆ-ۈ ۋ ى ي ې]</exemplarCharacters>
	</characters>
	<dates>
		<calendars>
			<calendar type="gregorian">
				<dateTimeFormats>
					<availableFormats>
						<dateFormatItem id="yyQ" draft="unconfirmed">Q yy</dateFormatItem>
					</availableFormats>
				</dateTimeFormats>
			</calendar>
		</calendars>
		<timeZoneNames>
			<hourFormat draft="unconfirmed">+HH:mm;-HH:mm</hourFormat>
			<gmtFormat draft="unconfirmed">GMT{0}</gmtFormat>
			<regionFormat draft="unconfirmed">{0}</regionFormat>
		</timeZoneNames>
	</dates>
	<references>
		<reference type="R232" uri="http://www.ukij.org" draft="unconfirmed">The Uyghur Computer Science Association</reference>
		<reference type="RP1" uri="http://www.omniglot.com/writing/uyghur.htm">Omniglot on Uighur</reference>
	</references>
</ldml>
