<?xml version="1.0"?>
<projectProfile>
  <projectDirectory>
    <projectProfileFile/>
    <applicationDirectory>
      <apisDirectory enabled="false"/>
      <configsDirectory>
        <applicationConfigFile type="ini"/>
      </configsDirectory>
      <controllersDirectory>
        <controllerFile controllerName="index">
          <actionMethod/>
        </controllerFile>
        <controllerFile controllerName="error"/>
        <controllerFile controllerName="guestbook">
          <actionMethod/>
          <actionMethod/>
        </controllerFile>
      </controllersDirectory>
      <layoutsDirectory enabled="false"/>
      <modelsDirectory/>
      <modulesDirectory enabled="false"/>
      <viewsDirectory>
        <viewScriptsDirectory>
          <viewControllerScriptsDirectory forControllerName="index">
            <viewScriptFile forActionName="index"/>
          </viewControllerScriptsDirectory>
          <viewControllerScriptsDirectory forControllerName="error">
            <viewScriptFile forActionName="error"/>
          </viewControllerScriptsDirectory>
          <viewControllerScriptsDirectory forControllerName="guestbook">
            <viewScriptFile forActionName="index"/>
          </viewControllerScriptsDirectory>
        </viewScriptsDirectory>
        <viewHelpersDirectory/>
        <viewFiltersDirectory enabled="false"/>
      </viewsDirectory>
      <bootstrapFile/>
    </applicationDirectory>
    <dataDirectory enabled="false">
      <cacheDirectory enabled="false"/>
      <searchIndexesDirectory enabled="false"/>
      <localesDirectory enabled="false"/>
      <logsDirectory enabled="false"/>
      <sessionsDirectory enabled="false"/>
      <uploadsDirectory enabled="false"/>
    </dataDirectory>
    <libraryDirectory>
      <zfStandardLibraryDirectory enabled="false"/>
    </libraryDirectory>
    <publicDirectory>
      <publicStylesheetsDirectory enabled="false"/>
      <publicScriptsDirectory enabled="false"/>
      <publicImagesDirectory enabled="false"/>
      <publicIndexFile/>
      <htaccessFile/>
    </publicDirectory>
    <projectProvidersDirectory enabled="false"/>
    <temporaryDirectory enabled="false"/>
    <testsDirectory>
      <testPHPUnitConfigFile/>
      <testApplicationDirectory>
        <testApplicationBootstrapFile/>
        <testApplicationControllerDirectory>
          <testApplicationControllerFile/>
          <testApplicationControllerFile/>
          <testApplicationControllerFile/>
          <testApplicationControllerFile/>
          <testApplicationControllerFile/>
        </testApplicationControllerDirectory>
      </testApplicationDirectory>
      <testLibraryDirectory>
        <testLibraryBootstrapFile/>
      </testLibraryDirectory>
    </testsDirectory>
  </projectDirectory>
</projectProfile>
