<?xml version="1.0" encoding="UTF-8" ?>
<!DOCTYPE ldml SYSTEM "../../common/dtd/ldml.dtd">
<ldml>
	<identity>
		<version number="$Revision: 1.7 $"/>
		<generation date="$Date: 2009/05/05 23:28:47 $"/>
		<language type="bn"/>
	</identity>
	<collations  validSubLocales="bn_BD">
		<collation type="standard" draft="unconfirmed" references="Bangla Academy Byabahrik Bangla Abhidhan, Published by Bangla Academy, September 2003; Minor Changes by CRBLP http://www.bracuniversity.net/research/crblp/index.php">
			<settings normalization="on"/>
			<rules>
				<reset>৺</reset>
				<p>৸</p>
				<p>৹</p>
				<p>৲</p>
				<p>৳</p>
				<p>অ</p>
				<p>আ</p>
				<p>ই</p>
				<p>ঈ</p>
				<p>উ</p>
				<p>ঊ</p>
				<p>ঋ</p>
				<p>ৠ</p>
				<p>ঌ</p>
				<p>ৡ</p>
				<p>এ</p>
				<p>ঐ</p>
				<p>ও</p>
				<p>ঔ</p>
				<p>়</p>
				<p>ং</p>
				<p>ঃ</p>
				<p>ঁ</p>
				<p>ক</p>
				<p>খ</p>
				<p>গ</p>
				<p>ঘ</p>
				<p>ঙ</p>
				<p>চ</p>
				<p>ছ</p>
				<p>জ</p>
				<p>ঝ</p>
				<p>ঞ</p>
				<p>ট</p>
				<p>ঠ</p>
				<p>ড</p>
				<p>ড়</p>
				<i>ড়</i>
				<p>ঢ</p>
				<p>ঢ়</p>
				<i>ঢ়</i>
				<p>ণ</p>
				<p>ৎ</p>
				<p>ত</p>
				<p>থ</p>
				<p>দ</p>
				<p>ধ</p>
				<p>ন</p>
				<p>প</p>
				<p>ফ</p>
				<p>ব</p>
				<p>ভ</p>
				<p>ম</p>
				<p>য</p>
				<p>য়</p>
				<i>য়</i>
				<p>র</p>
				<p>ৰ</p>
				<p>ল</p>
				<p>ৱ</p>
				<p>শ</p>
				<p>ষ</p>
				<p>স</p>
				<p>হ</p>
				<p>ঽ</p>
				<p>া</p>
				<p>ি</p>
				<p>ী</p>
				<p>ু</p>
				<p>ূ</p>
				<p>ৃ</p>
				<p>ৄ</p>
				<p>ৢ</p>
				<p>ৣ</p>
				<p>ে</p>
				<p>ৈ</p>
				<p>ো</p>
				<i>ো</i>
				<p>ৌ</p>
				<i>ৌ</i>
				<p>্</p>
				<p>ৗ</p>
			</rules>
		</collation>
	</collations>
</ldml>

