<?xml version="1.0" encoding="UTF-8" ?>
<!DOCTYPE ldml SYSTEM "../../common/dtd/ldml.dtd">
<ldml>
	<identity>
		<version number="$Revision: 1.24 $"/>
		<generation date="$Date: 2009/05/05 23:28:47 $"/>
		<language type="en" /> 
	</identity>
	<collations  validSubLocales="en_AU en_BW en_CA en_GB en_HK en_IE en_IN en_MT en_NZ en_PH en_SG en_US en_US_POSIX en_VI en_ZA en_ZW">
		<collation type="standard" >
			<rules>
				<reset>ae</reset>
				<s>æ</s>
				<t>Æ</t>
<!--
				<reset>A</reset>
				<x><s>Æ</s><extend>E</extend></x>
				<reset>a</reset>
				<x><s>æ</s><extend>e</extend></x>
-->
			</rules>
		</collation  >
	</collations>
</ldml>
