<?xml version="1.0" encoding="UTF-8" ?>
<!DOCTYPE ldml SYSTEM "../../common/dtd/ldml.dtd">
<ldml>
	<identity>
		<version number="$Revision: 1.28 $"/>
		<generation date="$Date: 2009/05/05 23:28:47 $"/>
		<language type="fi" /> 
	</identity>
		<collations  validSubLocales="fi_FI">
            <default type="phonebook"/>
			<collation type="standard" >
				<rules>
					<reset>D</reset>
					<s>ð</s>
					<t>Ð</t>
					<s>đ</s>
					<t>Đ</t>
					<reset>N</reset>
					<s>ŋ</s>
					<t>Ŋ</t>
					<reset>T</reset>
					<x><s>þ</s><extend>h</extend></x>
					<x><t>Þ</t><extend>h</extend></x>
					<reset>V</reset>
					<s>w</s>
					<t>W</t>
					<reset>Y</reset>
					<s>ü</s>
					<t>Ü</t>
					<s>ű</s>
					<t>Ű</t>
					<reset before="primary">ʒ</reset>
					<p>å</p>
					<t>Å</t>
					<p>ä</p>
					<t>Ä</t>
					<s>æ</s>
					<t>Æ</t>
					<p>ö</p>
					<t>Ö</t>
					<s>ø</s>
					<t>Ø</t>
					<s>ő</s>
					<t>Ő</t>
					<s>õ</s>
					<t>Õ</t>
					<s>œ</s>
					<t>Œ</t>
				</rules>
			</collation  >
			<collation type="standard" alt="proposed" draft="unconfirmed">
				<rules>
					<!-- D and U+0335 -->
					<reset>D ̵</reset>
					<s>đ</s>
					<t>Đ</t>
					<!-- G and U+0335 -->
					<reset>G ̵</reset>
					<s>ǥ</s>
					<t>Ǥ</t>
					<!-- N and U+0335 -->
					<reset>N ̵</reset>
					<s>ŋ</s>
					<t>Ŋ</t>
					<!-- T and U+0335 -->
					<reset>T ̵</reset>
					<s>ŧ</s>
					<t>Ŧ</t>
					<reset>V</reset>
					<s>w</s>
					<t>W</t>
					<reset>Y</reset>
					<s>ü</s>
					<t>Ü</t>
					<!-- Z and U+0335 -->
					<reset>Z ̵</reset>
					<s>ʒ</s>
					<t>Ʒ</t>
					<!-- U+0291, LATIN SMALL LETTER Z WITH CURL, the last Z-like character. -->
					<reset>ʑ</reset>
					<p>å</p>
					<t>Å</t>
					<p>ä</p>
					<t>Ä</t>
					<s>æ</s>
					<t>Æ</t>
					<p>ö</p>
					<t>Ö</t>
					<s>ø</s>
					<t>Ø</t>
				</rules>
			</collation>
			<!-- For the phonebook collation, the only change is to collate v and w as separate characters, i.e.: -->
			<collation type="phonebook">
				<rules>
					<!-- D and U+0335 -->
					<reset>D ̵</reset>
					<s>đ</s>
					<t>Đ</t>
					<!-- G and U+0335 -->
					<reset>G ̵</reset>
					<s>ǥ</s>
					<t>Ǥ</t>
					<!-- N and U+0335 -->
					<reset>N ̵</reset>
					<s>ŋ</s>
					<t>Ŋ</t>
					<!-- T and U+0335 -->
					<reset>T ̵</reset>
					<s>ŧ</s>
					<t>Ŧ</t>
					<reset>Y</reset>
					<s>ü</s>
					<t>Ü</t>
					<!-- Z and U+0335 -->
					<reset>Z ̵</reset>
					<s>ʒ</s>
					<t>Ʒ</t>
					<!-- U+0291, LATIN SMALL LETTER Z WITH CURL, the last Z-like character. -->
					<reset>ʑ</reset>
					<p>å</p>
					<t>Å</t>
					<p>ä</p>
					<t>Ä</t>
					<s>æ</s>
					<t>Æ</t>
					<p>ö</p>
					<t>Ö</t>
					<s>ø</s>
					<t>Ø</t>
				</rules>
			</collation>
		</collations>
</ldml>
