<?xml version="1.0" encoding="UTF-8" ?>
<!DOCTYPE ldml SYSTEM "../../common/dtd/ldml.dtd">
<ldml>
	<identity>
		<version number="$Revision: 1.23 $"/>
		<generation date="$Date: 2009/05/05 23:28:47 $"/>
		<language type="is" /> 
	</identity>
		<collations  validSubLocales="is_IS">
			<collation type="standard" >
				<rules>
					<reset before="primary">b</reset>
					<p>á</p>
					<t>Á</t>
					<reset>d</reset>
					<s>đ</s>
					<t>Đ</t>
					<p>ð</p>
					<t>Ð</t>
					<reset before="primary">f</reset>
					<p>é</p>
					<t>É</t>
					<reset before="primary">j</reset>
					<p>í</p>
					<t>Í</t>
					<reset before="primary">p</reset>
					<p>ó</p>
					<t>Ó</t>
					<reset before="primary">v</reset>
					<p>ú</p>
					<t>Ú</t>
					<reset before="primary">z</reset>
					<p>ý</p>
					<t>Ý</t>
					<reset before="primary">ʒ</reset>
					<p>þ</p>
					<t>Þ</t>
					<p>æ</p>
					<t>Æ</t>
					<s>ä</s>
					<t>Ä</t>
					<p>ö</p>
					<t>Ö</t>
					<s>ø</s>
					<t>Ø</t>
					<p>å</p>
					<t>Å</t>
				</rules>
			</collation  >
		</collations>
</ldml>
