<?xml version="1.0" encoding="UTF-8" ?>
<!DOCTYPE ldml SYSTEM "../../common/dtd/ldml.dtd">
<ldml>
	<identity>
		<version number="$Revision: 1.30 $"/>
		<generation date="$Date: 2009/05/05 23:28:47 $"/>
		<language type="pa" /> 
	</identity>
		<collations  validSubLocales="pa_Arab pa_Arab_PK pa_Guru pa_Guru_IN">
			<collation type="standard" >
				<settings normalization="on"  />
			</collation  >
			<collation type="standard" references="Punjabi University: Punjabi-English Dictionary
ISBN:8173800960" draft="unconfirmed" alt="proposed">
			<settings normalization="on"/>
			<rules>
				<reset>ੱ</reset>
					<s>ੰ</s>
					<s>ਂ</s>
					<s>ਁ</s>
					<s>਼</s>
        <reset>ੜ</reset>
            <p>੍</p>
    </rules>
</collation>

		</collations>
</ldml>
