<?xml version="1.0" encoding="UTF-8" ?>
<!DOCTYPE ldml SYSTEM "../../common/dtd/ldml.dtd">
<ldml>
	<identity>
		<version number="$Revision: 1.29 $"/>
		<generation date="$Date: 2009/05/05 23:28:47 $"/>
		<language type="root" /> 
	</identity>
		<collations validSubLocales="ga ga_IE id id_ID ms ms_BN ms_MY nl nl_BE nl_NL pt pt_BR pt_PT">
			<default type="standard"/>
			<collation type="standard" >
			</collation  >
		</collations>
    <!-- for UCA rules please see: http://www.unicode.org/reports/tr10/ -->
</ldml>
