<?xml version="1.0" encoding="UTF-8" ?>
<!DOCTYPE ldml SYSTEM "../../common/dtd/ldml.dtd">
<ldml>
	<identity>
		<version number="$Revision: 1.2 $"/>
		<generation date="$Date: 2009/05/05 23:28:48 $"/>
		<language type="si" /> 
	</identity>
	<collations  validSubLocales="si_LK">
		<collation type="standard" references="Sri Lanka standard 1134 Part 1 - 2007 edition - Sri Lanka Standards Institution" >
			<settings normalization="on"/>
			<rules>
				<reset>෴</reset>
				<p>අ</p>
				<reset>ඖ</reset>
				<p>ං</p>
				<p>ඃ</p>
				<reset>ෳ</reset>
				<p>්</p>
				<reset>ෘ</reset>
				<p>ෲ</p>
				<p>ෟ</p>
				<p>ෳ</p>
				<reset>ඥ</reset>
				<p>ඤ</p>
			</rules>
		</collation>
		<collation type="dictionary" references="Sri Lanka standard 1134 Part 1 - 2007 edition - Sri Lanka Standards Institution" >
			<settings normalization="on"/>
			<rules>
				<reset>෴</reset>
				<p>අ</p>
				<reset>ඖ</reset>
				<p>ං</p>
				<p>ඃ</p>
				<reset>ෳ</reset>
				<p>්</p>
				<reset>ෘ</reset>
				<p>ෲ</p>
				<p>ෟ</p>
				<p>ෳ</p>
				<reset>ජ්ඤ</reset>
				<s>ඥ</s>
			</rules>
		</collation>
	</collations>
</ldml>
