<?xml version="1.0" encoding="UTF-8" ?>
<!DOCTYPE ldml SYSTEM "../../common/dtd/ldml.dtd">
<ldml>
	<identity>
		<version number="$Revision: 1.27 $"/>
		<generation date="$Date: 2009/05/05 23:28:48 $"/>
		<language type="sv" /> 
	</identity>
		<collations  validSubLocales="sv_FI sv_SE">
			<default type="reformed"/>
			<collation type="standard" >
				<rules>
					<reset>D</reset>
					<s>đ</s>
					<t>Đ</t>
					<s>ð</s>
					<t>Ð</t>
					<reset>t</reset>
					<x><t>þ</t><extend>h</extend></x>
					<reset>T</reset>
					<x><t>Þ</t><extend>H</extend></x>
					<reset>v</reset>
					<t>w</t>
					<reset>V</reset>
					<t>W</t>
					<reset>Y</reset>
					<s>ü</s>
					<t>Ü</t>
					<s>ű</s>
					<t>Ű</t>
					<reset before="primary">ʒ</reset>
					<p>å</p>
					<t>Å</t>
					<p>ä</p>
					<t>Ä</t>
					<s>æ</s>
					<t>Æ</t>
					<s>ę</s>
					<t>Ę</t>
					<p>ö</p>
					<t>Ö</t>
					<s>ø</s>
					<t>Ø</t>
					<s>ő</s>
					<t>Ő</t>
					<s>œ</s>
					<t>Œ</t>
					<s>ô</s>
					<t>Ô</t>
				</rules>
			</collation  >
			<collation type="reformed" >
				<rules>
					<reset>D</reset>
					<s>đ</s>
					<t>Đ</t>
					<s>ð</s>
					<t>Ð</t>
					<reset>t</reset>
					<x><t>þ</t><extend>h</extend></x>
					<reset>T</reset>
					<x><t>Þ</t><extend>H</extend></x>
					<reset>Y</reset>
					<s>ü</s>
					<t>Ü</t>
					<s>ű</s>
					<t>Ű</t>
					<reset before="primary">ʒ</reset>
					<p>å</p>
					<t>Å</t>
					<p>ä</p>
					<t>Ä</t>
					<s>æ</s>
					<t>Æ</t>
					<s>ę</s>
					<t>Ę</t>
					<p>ö</p>
					<t>Ö</t>
					<s>ø</s>
					<t>Ø</t>
					<s>ő</s>
					<t>Ő</t>
					<s>œ</s>
					<t>Œ</t>
					<s>ô</s>
					<t>Ô</t>
				</rules>
			</collation  >
		</collations>
</ldml>
