<?xml version="1.0" encoding="UTF-8" ?>
<!DOCTYPE ldml SYSTEM "../../common/dtd/ldml.dtd">
<ldml>
	<identity>
		<version number="$Revision: 1.4 $"/>
		<generation date="$Date: 2009/05/05 23:28:48 $"/>
		<language type="ur" /> 
	</identity>
	<collations  validSubLocales="ur_PK ur_IN">
		<default type="standard"/>
		<collation type="standard" >
			<rules>
				<reset>ا</reset>
				<p>آ</p>
				<p>ب</p>
				<p>پ</p>
				<p>ت</p>
				<p>ٹ</p>
				<p>ث</p>
				<p>ج</p>
				<p>چ</p>
				<p>ح</p>
				<p>خ</p>
				<p>د</p>
				<p>ڈ</p>
				<p>ذ</p>
				<p>ر</p>
				<p>ڑ</p>
				<p>ز</p>
				<p>ژ</p>
				<p>س</p>
				<p>ش</p>
				<p>ص</p>
				<p>ض</p>
				<p>ط</p>
				<p>ظ</p>
				<p>ع</p>
				<p>غ</p>
				<p>ف</p>
				<p>ق</p>
				<p>ک</p>
				<p>گ</p>
				<p>ل</p>
				<p>م</p>
				<p>ن</p>
				<p>ں</p>
				<p>و</p>
				<p>ہ</p>
				<p>ی</p>
				<p>ۂ</p>
				<p>ِھ</p>
				<p>ۃ</p>
				<p>ء</p>
				<p>ئ</p>
				<p>ے</p>
				<reset>ِ</reset>
				<s>ُ</s>
				<s>ٰ</s>
				<s>ٖ</s>
				<s>ٗ</s>
				<s>ً</s>
				<s>ٍ</s>
				<s>ٌ</s>
				<s>ٔ</s>
				<s>ّ</s>
				<s>٘</s>
				<s>ٓ</s>
				<reset>ؐ</reset>
				<t>ؑ</t>
				<t>ؒ</t>
				<t>ؓ</t>
				<t>ؔ</t>
				<t>َ</t>
			</rules>
		</collation>
	</collations>
</ldml>
