<?xml version="1.0" encoding="UTF-8"?>
<configdata>
    <home>
        <label>Home</label>
        <controller>test</controller>
        <action>index</action>
        <route>default</route>
        <module>default</module>
    </home>
    <zf>
        <label>Zend Framework</label>
        <controller>zf</controller>
        <action>index</action>
        <route>default</route>
        <module>default</module>
        <pages>
            <zend_navigation>
                <label>Zend_Navigation</label>
                <controller>zf</controller>
                <action>navigation</action>
                <route>default</route>
                <module>default</module>
            </zend_navigation>
            <zend_view>
                <label>Zend_View</label>
                <controller>zf</controller>
                <action>view</action>
                <route>default</route>
                <module>default</module>
                <pages>
                    <zend_view_helper>
                        <label>Zend_View_Helper</label>
                        <controller>zf</controller>
                        <action>viewhelper</action>
                        <route>default</route>
                        <module>default</module>
                        <pages>
                            <zend_view_helper_navigation>
                                <label>Zend_View_Helper_Navigation</label>
                                <controller>zf</controller>
                                <action>viewhelpernavigation</action>
                                <route>default</route>
                                <module>default</module>
                            </zend_view_helper_navigation>
                        </pages>
                    </zend_view_helper>
                </pages>
            </zend_view>
        </pages>
    </zf>
</configdata>