<?xml version="1.0" encoding="UTF-8"?><InteractionHistory Id="http://framework.zend.com/issues-19232" Version="1"><InteractionEvent Delta="null" EndDate="2009-10-20 18:19:37.578 PDT" Interest="1.0" Kind="propagation" Navigation="null" OriginId="org.eclipse.php.ui.explorer" StartDate="2009-10-20 18:19:37.578 PDT" StructureHandle="/date-example" StructureKind="resource"/><InteractionEvent Delta="null" EndDate="2009-10-20 18:19:35.296 PDT" Interest="1.0" Kind="propagation" Navigation="org.eclipse.mylyn.core.model.edges.containment" OriginId="org.eclipse.mylyn.core.model.interest.propagation" StartDate="2009-10-20 18:19:35.296 PDT" StructureHandle="=date-example/" StructureKind="DLTK"/><InteractionEvent Delta="null" EndDate="2009-10-20 18:19:23.15 PDT" Interest="1.0" Kind="propagation" Navigation="org.eclipse.mylyn.core.model.edges.containment" OriginId="org.eclipse.mylyn.core.model.interest.propagation" StartDate="2009-10-20 18:19:23.15 PDT" StructureHandle="=date-example-test/&amp;lt;" StructureKind="DLTK"/><InteractionEvent Delta="null" EndDate="2009-10-20 18:19:23.15 PDT" Interest="1.0" Kind="propagation" Navigation="org.eclipse.mylyn.core.model.edges.containment" OriginId="org.eclipse.mylyn.core.model.interest.propagation" StartDate="2009-10-20 18:19:23.15 PDT" StructureHandle="=date-example-test/" StructureKind="DLTK"/><InteractionEvent Delta="null" EndDate="2009-10-20 18:19:23.15 PDT" Interest="1.0" Kind="propagation" Navigation="org.eclipse.mylyn.core.model.edges.containment" OriginId="org.eclipse.mylyn.core.model.interest.propagation" StartDate="2009-10-20 18:19:23.15 PDT" StructureHandle="/" StructureKind="resource"/><InteractionEvent Delta="null" EndDate="2009-10-20 18:18:16.703 PDT" Interest="4.0" Kind="propagation" Navigation="null" OriginId="org.eclipse.php.editor" StartDate="2009-10-20 18:18:16.93 PDT" StructureHandle="/date-example-test/DateTest.php" StructureKind="resource" NumEvents="4" CreationCount="1"/><InteractionEvent Delta="null" EndDate="2009-10-20 18:18:16.703 PDT" Interest="4.0" Kind="propagation" Navigation="org.eclipse.mylyn.core.model.edges.containment" OriginId="org.eclipse.mylyn.core.model.interest.propagation" StartDate="2009-10-20 18:18:16.93 PDT" StructureHandle="=date-example-test" StructureKind="resource" NumEvents="4" CreationCount="1"/><InteractionEvent Delta="null" EndDate="2009-10-20 18:19:23.15 PDT" Interest="1.0" Kind="propagation" Navigation="org.eclipse.mylyn.core.model.edges.containment" OriginId="org.eclipse.mylyn.core.model.interest.propagation" StartDate="2009-10-20 18:19:23.15 PDT" StructureHandle="=date-example-test" StructureKind="resource"/><InteractionEvent Delta="null" EndDate="2009-10-20 18:20:04.390 PDT" Interest="1.0" Kind="propagation" Navigation="org.eclipse.mylyn.core.model.edges.containment" OriginId="org.eclipse.mylyn.core.model.interest.propagation" StartDate="2009-10-20 18:20:04.390 PDT" StructureHandle="=date-example-test" StructureKind="resource"/><InteractionEvent Delta="null" EndDate="2009-10-20 18:18:16.421 PDT" Interest="2.0" Kind="selection" Navigation="null" OriginId="org.eclipse.php.editor" StartDate="2009-10-20 18:18:16.78 PDT" StructureHandle="=date-example-test/&amp;lt;{DateTest.php" StructureKind="DLTK" NumEvents="2" CreationCount="1"/><InteractionEvent Delta="null" EndDate="2009-10-20 18:18:45.703 PDT" Interest="1.0" Kind="edit" Navigation="null" OriginId="org.eclipse.php.editor" StartDate="2009-10-20 18:18:45.703 PDT" StructureHandle="=date-example-test/&amp;lt;{DateTest.php" StructureKind="DLTK"/><InteractionEvent Delta="null" EndDate="2009-10-20 18:19:52.250 PDT" Interest="1.0" Kind="propagation" Navigation="null" OriginId="org.eclipse.php.ui.explorer" StartDate="2009-10-20 18:19:52.250 PDT" StructureHandle="/" StructureKind="resource"/><InteractionEvent Delta="null" EndDate="2009-10-20 18:18:45.703 PDT" Interest="1.0" Kind="propagation" Navigation="org.eclipse.mylyn.core.model.edges.containment" OriginId="org.eclipse.mylyn.core.model.interest.propagation" StartDate="2009-10-20 18:18:45.703 PDT" StructureHandle="/" StructureKind="resource"/><InteractionEvent Delta="null" EndDate="2009-10-20 18:20:04.218 PDT" Interest="1.0" Kind="propagation" Navigation="org.eclipse.mylyn.core.model.edges.containment" OriginId="org.eclipse.mylyn.core.model.interest.propagation" StartDate="2009-10-20 18:20:04.218 PDT" StructureHandle="=date-example-test" StructureKind="resource"/><InteractionEvent Delta="null" EndDate="2009-10-20 18:20:03.203 PDT" Interest="1.0" Kind="selection" Navigation="null" OriginId="org.eclipse.php.ui.explorer" StartDate="2009-10-20 18:20:03.203 PDT" StructureHandle="=date-example-test/&amp;lt;{TestHelper.php" StructureKind="DLTK"/><InteractionEvent Delta="null" EndDate="2009-10-20 18:20:00.250 PDT" Interest="1.0" Kind="propagation" Navigation="null" OriginId="org.eclipse.php.ui.explorer" StartDate="2009-10-20 18:20:00.250 PDT" StructureHandle="/" StructureKind="resource"/><InteractionEvent Delta="null" EndDate="2009-10-20 18:18:45.687 PDT" Interest="1.0" Kind="edit" Navigation="null" OriginId="org.eclipse.php.editor" StartDate="2009-10-20 18:18:45.687 PDT" StructureHandle="=date-example-test/&amp;lt;{DateTest.php" StructureKind="DLTK"/><InteractionEvent Delta="null" EndDate="2009-10-20 18:20:04.390 PDT" Interest="0.69999886" Kind="propagation" Navigation="org.eclipse.mylyn.core.model.edges.containment" OriginId="org.eclipse.mylyn.core.model.interest.propagation" StartDate="2009-10-20 18:20:04.390 PDT" StructureHandle="=date-example-test/&amp;lt;" StructureKind="DLTK"/><InteractionEvent Delta="null" EndDate="2009-10-20 18:19:55.781 PDT" Interest="1.0" Kind="propagation" Navigation="null" OriginId="org.eclipse.php.ui.explorer" StartDate="2009-10-20 18:19:55.781 PDT" StructureHandle="/date-example" StructureKind="resource"/><InteractionEvent Delta="null" EndDate="2009-10-20 18:19:35.296 PDT" Interest="1.0" Kind="propagation" Navigation="null" OriginId="org.eclipse.php.ui.explorer" StartDate="2009-10-20 18:19:35.296 PDT" StructureHandle="/" StructureKind="resource"/><InteractionEvent Delta="null" EndDate="2009-10-20 18:19:55.781 PDT" Interest="1.0" Kind="selection" Navigation="null" OriginId="org.eclipse.php.ui.explorer" StartDate="2009-10-20 18:19:55.781 PDT" StructureHandle="=date-example/&amp;lt;Zend" StructureKind="DLTK"/><InteractionEvent Delta="null" EndDate="2009-10-20 18:19:37.578 PDT" Interest="1.0" Kind="propagation" Navigation="null" OriginId="org.eclipse.php.ui.explorer" StartDate="2009-10-20 18:19:37.578 PDT" StructureHandle="/" StructureKind="resource"/><InteractionEvent Delta="null" EndDate="2009-10-20 18:19:35.296 PDT" Interest="0.01700002" Kind="propagation" Navigation="org.eclipse.mylyn.core.model.edges.containment" OriginId="org.eclipse.mylyn.core.model.interest.propagation" StartDate="2009-10-20 18:19:35.296 PDT" StructureHandle="=date-example" StructureKind="resource"/><InteractionEvent Delta="null" EndDate="2009-10-20 18:20:04.234 PDT" Interest="1.0" Kind="propagation" Navigation="null" OriginId="org.eclipse.php.ui.explorer" StartDate="2009-10-20 18:20:04.234 PDT" StructureHandle="/date-example-test" StructureKind="resource"/><InteractionEvent Delta="null" EndDate="2009-10-20 18:20:04.390 PDT" Interest="1.0" Kind="propagation" Navigation="null" OriginId="org.eclipse.php.editor" StartDate="2009-10-20 18:20:04.390 PDT" StructureHandle="/date-example-test/DateTest.php" StructureKind="resource"/><InteractionEvent Delta="null" EndDate="2009-10-20 18:19:35.859 PDT" Interest="1.0" Kind="selection" Navigation="null" OriginId="org.eclipse.php.ui.explorer" StartDate="2009-10-20 18:19:35.859 PDT" StructureHandle="=date-example/&amp;lt;Zend{Date.php" StructureKind="DLTK"/><InteractionEvent Delta="null" EndDate="2009-10-20 18:18:16.703 PDT" Interest="4.0" Kind="propagation" Navigation="org.eclipse.mylyn.core.model.edges.containment" OriginId="org.eclipse.mylyn.core.model.interest.propagation" StartDate="2009-10-20 18:18:16.93 PDT" StructureHandle="/" StructureKind="resource" NumEvents="4" CreationCount="1"/><InteractionEvent Delta="null" EndDate="2009-10-20 18:18:45.703 PDT" Interest="0.7000005" Kind="propagation" Navigation="org.eclipse.mylyn.core.model.edges.containment" OriginId="org.eclipse.mylyn.core.model.interest.propagation" StartDate="2009-10-20 18:18:45.703 PDT" StructureHandle="=date-example-test/" StructureKind="DLTK"/><InteractionEvent Delta="null" EndDate="2009-10-20 18:20:04.218 PDT" Interest="1.0" Kind="selection" Navigation="null" OriginId="org.eclipse.php.ui.explorer" StartDate="2009-10-20 18:20:04.218 PDT" StructureHandle="=date-example-test/&amp;lt;{DateTest.php" StructureKind="DLTK"/><InteractionEvent Delta="null" EndDate="2009-10-20 18:20:04.234 PDT" Interest="1.0000005" Kind="propagation" Navigation="org.eclipse.mylyn.core.model.edges.containment" OriginId="org.eclipse.mylyn.core.model.interest.propagation" StartDate="2009-10-20 18:20:04.234 PDT" StructureHandle="=date-example-test/&amp;lt;" StructureKind="DLTK"/><InteractionEvent Delta="null" EndDate="2009-10-20 18:19:25.62 PDT" Interest="1.0000005" Kind="propagation" Navigation="org.eclipse.mylyn.core.model.edges.containment" OriginId="org.eclipse.mylyn.core.model.interest.propagation" StartDate="2009-10-20 18:19:25.62 PDT" StructureHandle="=date-example-test" StructureKind="resource"/><InteractionEvent Delta="null" EndDate="2009-10-20 18:18:45.703 PDT" Interest="0.6999998" Kind="propagation" Navigation="org.eclipse.mylyn.core.model.edges.containment" OriginId="org.eclipse.mylyn.core.model.interest.propagation" StartDate="2009-10-20 18:18:45.703 PDT" StructureHandle="=date-example-test/&amp;lt;" StructureKind="DLTK"/><InteractionEvent Delta="null" EndDate="2009-10-20 18:20:04.390 PDT" Interest="0.6999998" Kind="propagation" Navigation="org.eclipse.mylyn.core.model.edges.containment" OriginId="org.eclipse.mylyn.core.model.interest.propagation" StartDate="2009-10-20 18:20:04.390 PDT" StructureHandle="=date-example-test/" StructureKind="DLTK"/><InteractionEvent Delta="null" EndDate="2009-10-20 18:19:35.859 PDT" Interest="0.0169999" Kind="propagation" Navigation="org.eclipse.mylyn.core.model.edges.containment" OriginId="org.eclipse.mylyn.core.model.interest.propagation" StartDate="2009-10-20 18:19:35.859 PDT" StructureHandle="=date-example" StructureKind="resource"/><InteractionEvent Delta="null" EndDate="2009-10-20 18:19:34.640 PDT" Interest="1.0" Kind="propagation" Navigation="org.eclipse.mylyn.core.model.edges.containment" OriginId="org.eclipse.mylyn.core.model.interest.propagation" StartDate="2009-10-20 18:19:34.640 PDT" StructureHandle="" StructureKind="DLTK"/><InteractionEvent Delta="null" EndDate="2009-10-20 18:18:16.703 PDT" Interest="2.0" Kind="edit" Navigation="null" OriginId="org.eclipse.php.editor" StartDate="2009-10-20 18:18:16.703 PDT" StructureHandle="=date-example-test/&amp;lt;{DateTest.php" StructureKind="DLTK" NumEvents="2" CreationCount="1"/><InteractionEvent Delta="null" EndDate="2009-10-20 18:19:34.640 PDT" Interest="1.0" Kind="selection" Navigation="null" OriginId="org.eclipse.php.ui.explorer" StartDate="2009-10-20 18:19:34.640 PDT" StructureHandle="=date-example" StructureKind="DLTK"/><InteractionEvent Delta="null" EndDate="2009-10-20 18:18:45.703 PDT" Interest="1.0" Kind="propagation" Navigation="org.eclipse.mylyn.core.model.edges.containment" OriginId="org.eclipse.mylyn.core.model.interest.propagation" StartDate="2009-10-20 18:18:45.703 PDT" StructureHandle="=date-example-test" StructureKind="resource"/><InteractionEvent Delta="null" EndDate="2009-10-20 18:18:45.703 PDT" Interest="1.0" Kind="propagation" Navigation="null" OriginId="org.eclipse.php.editor" StartDate="2009-10-20 18:18:45.703 PDT" StructureHandle="/date-example-test" StructureKind="resource"/><InteractionEvent Delta="null" EndDate="2009-10-20 18:18:52.625 PDT" Interest="1.0" Kind="propagation" Navigation="org.eclipse.mylyn.core.model.edges.containment" OriginId="org.eclipse.mylyn.core.model.interest.propagation" StartDate="2009-10-20 18:18:52.625 PDT" StructureHandle="=date-example-test/&amp;lt;" StructureKind="DLTK"/><InteractionEvent Delta="null" EndDate="2009-10-20 18:19:35.859 PDT" Interest="1.0" Kind="propagation" Navigation="null" OriginId="org.eclipse.php.ui.explorer" StartDate="2009-10-20 18:19:35.859 PDT" StructureHandle="/date-example/Zend/Date.php" StructureKind="resource"/><InteractionEvent Delta="null" EndDate="2009-10-20 18:19:52.250 PDT" Interest="1.0" Kind="propagation" Navigation="org.eclipse.mylyn.core.model.edges.containment" OriginId="org.eclipse.mylyn.core.model.interest.propagation" StartDate="2009-10-20 18:19:52.250 PDT" StructureHandle="=date-example/C:&amp;gt;temp&amp;gt;studio-7_1-45&amp;gt;plugins&amp;gt;org.zend.php.framework.resource_7.1.0.v20091006-1758&amp;gt;resources&amp;gt;ZendFramework-1&amp;gt;library&amp;gt;" StructureKind="DLTK"/><InteractionEvent Delta="null" EndDate="2009-10-20 18:20:04.375 PDT" Interest="1.0" Kind="edit" Navigation="null" OriginId="org.eclipse.php.editor" StartDate="2009-10-20 18:20:04.375 PDT" StructureHandle="=date-example-test/&amp;lt;{DateTest.php" StructureKind="DLTK"/><InteractionEvent Delta="null" EndDate="2009-10-20 18:18:16.703 PDT" Interest="3.4" Kind="propagation" Navigation="org.eclipse.mylyn.core.model.edges.containment" OriginId="org.eclipse.mylyn.core.model.interest.propagation" StartDate="2009-10-20 18:18:16.93 PDT" StructureHandle="=date-example-test/&amp;lt;" StructureKind="DLTK" NumEvents="4" CreationCount="1"/><InteractionEvent Delta="null" EndDate="2009-10-20 18:19:25.62 PDT" Interest="1.0000005" Kind="propagation" Navigation="org.eclipse.mylyn.core.model.edges.containment" OriginId="org.eclipse.mylyn.core.model.interest.propagation" StartDate="2009-10-20 18:19:25.62 PDT" StructureHandle="/" StructureKind="resource"/><InteractionEvent Delta="null" EndDate="2009-10-20 18:19:25.62 PDT" Interest="1.0" Kind="propagation" Navigation="org.eclipse.mylyn.core.model.edges.containment" OriginId="org.eclipse.mylyn.core.model.interest.propagation" StartDate="2009-10-20 18:19:25.62 PDT" StructureHandle="=date-example-test/&amp;lt;" StructureKind="DLTK"/><InteractionEvent Delta="null" EndDate="2009-10-20 18:19:37.578 PDT" Interest="1.0" Kind="propagation" Navigation="null" OriginId="org.eclipse.php.ui.explorer" StartDate="2009-10-20 18:19:37.578 PDT" StructureHandle="/date-example/Zend" StructureKind="resource"/><InteractionEvent Delta="null" EndDate="2009-10-20 18:19:52.250 PDT" Interest="1.0" Kind="propagation" Navigation="null" OriginId="org.eclipse.php.ui.explorer" StartDate="2009-10-20 18:19:52.250 PDT" StructureHandle="/date-example" StructureKind="resource"/><InteractionEvent Delta="null" EndDate="2009-10-20 18:19:25.62 PDT" Interest="1.0" Kind="propagation" Navigation="org.eclipse.mylyn.core.model.edges.containment" OriginId="org.eclipse.mylyn.core.model.interest.propagation" StartDate="2009-10-20 18:19:25.62 PDT" StructureHandle="=date-example-test/" StructureKind="DLTK"/><InteractionEvent Delta="null" EndDate="2009-10-20 18:19:23.15 PDT" Interest="1.0" Kind="propagation" Navigation="null" OriginId="org.eclipse.php.ui.explorer" StartDate="2009-10-20 18:19:23.15 PDT" StructureHandle="/date-example-test" StructureKind="resource"/><InteractionEvent Delta="null" EndDate="2009-10-20 18:19:37.578 PDT" Interest="1.0" Kind="propagation" Navigation="org.eclipse.mylyn.core.model.edges.containment" OriginId="org.eclipse.mylyn.core.model.interest.propagation" StartDate="2009-10-20 18:19:37.578 PDT" StructureHandle="=date-example" StructureKind="resource"/><InteractionEvent Delta="null" EndDate="2009-10-20 18:19:37.578 PDT" Interest="1.0" Kind="propagation" Navigation="org.eclipse.mylyn.core.model.edges.containment" OriginId="org.eclipse.mylyn.core.model.interest.propagation" StartDate="2009-10-20 18:19:37.578 PDT" StructureHandle="=date-example/" StructureKind="DLTK"/><InteractionEvent Delta="null" EndDate="2009-10-20 18:20:04.390 PDT" Interest="0.69999886" Kind="propagation" Navigation="org.eclipse.mylyn.core.model.edges.containment" OriginId="org.eclipse.mylyn.core.model.interest.propagation" StartDate="2009-10-20 18:20:04.390 PDT" StructureHandle="=date-example-test/" StructureKind="DLTK"/><InteractionEvent Delta="null" EndDate="2009-10-20 18:19:35.859 PDT" Interest="1.0" Kind="propagation" Navigation="null" OriginId="org.eclipse.php.ui.explorer" StartDate="2009-10-20 18:19:35.859 PDT" StructureHandle="/" StructureKind="resource"/><InteractionEvent Delta="null" EndDate="2009-10-20 18:18:45.703 PDT" Interest="0.6999998" Kind="propagation" Navigation="org.eclipse.mylyn.core.model.edges.containment" OriginId="org.eclipse.mylyn.core.model.interest.propagation" StartDate="2009-10-20 18:18:45.703 PDT" StructureHandle="=date-example-test/" StructureKind="DLTK"/><InteractionEvent Delta="null" EndDate="2009-10-20 18:18:52.625 PDT" Interest="1.0" Kind="selection" Navigation="null" OriginId="org.eclipse.php.ui.explorer" StartDate="2009-10-20 18:18:52.625 PDT" StructureHandle="=date-example-test/&amp;lt;{DateTest.php" StructureKind="DLTK"/><InteractionEvent Delta="null" EndDate="2009-10-20 18:20:04.390 PDT" Interest="0.6999998" Kind="propagation" Navigation="org.eclipse.mylyn.core.model.edges.containment" OriginId="org.eclipse.mylyn.core.model.interest.propagation" StartDate="2009-10-20 18:20:04.390 PDT" StructureHandle="=date-example-test/&amp;lt;" StructureKind="DLTK"/><InteractionEvent Delta="null" EndDate="2009-10-20 18:20:03.203 PDT" Interest="1.0" Kind="propagation" Navigation="null" OriginId="org.eclipse.php.ui.explorer" StartDate="2009-10-20 18:20:03.203 PDT" StructureHandle="/date-example-test/TestHelper.php" StructureKind="resource"/><InteractionEvent Delta="null" EndDate="2009-10-20 18:19:35.296 PDT" Interest="1.0" Kind="propagation" Navigation="null" OriginId="org.eclipse.php.ui.explorer" StartDate="2009-10-20 18:19:35.296 PDT" StructureHandle="/date-example/Zend" StructureKind="resource"/><InteractionEvent Delta="null" EndDate="2009-10-20 18:18:52.625 PDT" Interest="1.0" Kind="propagation" Navigation="null" OriginId="org.eclipse.php.ui.explorer" StartDate="2009-10-20 18:18:52.625 PDT" StructureHandle="/date-example-test/DateTest.php" StructureKind="resource"/><InteractionEvent Delta="null" EndDate="2009-10-20 18:20:04.390 PDT" Interest="1.0" Kind="propagation" Navigation="null" OriginId="org.eclipse.php.editor" StartDate="2009-10-20 18:20:04.390 PDT" StructureHandle="/date-example-test" StructureKind="resource"/><InteractionEvent Delta="null" EndDate="2009-10-20 18:19:34.640 PDT" Interest="1.0" Kind="propagation" Navigation="null" OriginId="org.eclipse.php.ui.explorer" StartDate="2009-10-20 18:19:34.640 PDT" StructureHandle="/date-example" StructureKind="resource"/><InteractionEvent Delta="null" EndDate="2009-10-20 18:19:35.859 PDT" Interest="0.01700002" Kind="propagation" Navigation="org.eclipse.mylyn.core.model.edges.containment" OriginId="org.eclipse.mylyn.core.model.interest.propagation" StartDate="2009-10-20 18:19:35.859 PDT" StructureHandle="=date-example/" StructureKind="DLTK"/><InteractionEvent Delta="null" EndDate="2009-10-20 18:18:52.625 PDT" Interest="1.0" Kind="propagation" Navigation="org.eclipse.mylyn.core.model.edges.containment" OriginId="org.eclipse.mylyn.core.model.interest.propagation" StartDate="2009-10-20 18:18:52.625 PDT" StructureHandle="=date-example-test/" StructureKind="DLTK"/><InteractionEvent Delta="null" EndDate="2009-10-20 18:19:35.296 PDT" Interest="1.0" Kind="propagation" Navigation="null" OriginId="org.eclipse.php.ui.explorer" StartDate="2009-10-20 18:19:35.296 PDT" StructureHandle="/date-example" StructureKind="resource"/><InteractionEvent Delta="null" EndDate="2009-10-20 18:20:00.250 PDT" Interest="1.0" Kind="selection" Navigation="null" OriginId="org.eclipse.php.ui.explorer" StartDate="2009-10-20 18:20:00.250 PDT" StructureHandle="=date-example/C:&amp;gt;temp&amp;gt;studio-7_1-45&amp;gt;plugins&amp;gt;org.eclipse.php.core_2.2.0.v20091005-1758&amp;gt;Resources&amp;gt;language&amp;gt;php5&amp;gt;" StructureKind="DLTK"/><InteractionEvent Delta="null" EndDate="2009-10-20 18:19:35.859 PDT" Interest="0.01700002" Kind="propagation" Navigation="org.eclipse.mylyn.core.model.edges.containment" OriginId="org.eclipse.mylyn.core.model.interest.propagation" StartDate="2009-10-20 18:19:35.859 PDT" StructureHandle="/date-example/Zend" StructureKind="resource"/><InteractionEvent Delta="null" EndDate="2009-10-20 18:18:52.625 PDT" Interest="1.0" Kind="propagation" Navigation="org.eclipse.mylyn.core.model.edges.containment" OriginId="org.eclipse.mylyn.core.model.interest.propagation" StartDate="2009-10-20 18:18:52.625 PDT" StructureHandle="/" StructureKind="resource"/><InteractionEvent Delta="null" EndDate="2009-10-20 18:19:34.640 PDT" Interest="1.0" Kind="propagation" Navigation="null" OriginId="org.eclipse.php.ui.explorer" StartDate="2009-10-20 18:19:34.640 PDT" StructureHandle="/" StructureKind="resource"/><InteractionEvent Delta="null" EndDate="2009-10-20 18:19:35.859 PDT" Interest="0.01699996" Kind="propagation" Navigation="org.eclipse.mylyn.core.model.edges.containment" OriginId="org.eclipse.mylyn.core.model.interest.propagation" StartDate="2009-10-20 18:19:35.859 PDT" StructureHandle="" StructureKind="DLTK"/><InteractionEvent Delta="null" EndDate="2009-10-20 18:19:37.578 PDT" Interest="1.0" Kind="propagation" Navigation="org.eclipse.mylyn.core.model.edges.containment" OriginId="org.eclipse.mylyn.core.model.interest.propagation" StartDate="2009-10-20 18:19:37.578 PDT" StructureHandle="" StructureKind="DLTK"/><InteractionEvent Delta="null" EndDate="2009-10-20 18:19:23.15 PDT" Interest="1.0" Kind="selection" Navigation="null" OriginId="org.eclipse.php.ui.explorer" StartDate="2009-10-20 18:19:23.15 PDT" StructureHandle="=date-example-test/&amp;lt;{DateTest.php" StructureKind="DLTK"/><InteractionEvent Delta="null" EndDate="2009-10-20 18:20:04.234 PDT" Interest="1.0000014" Kind="propagation" Navigation="org.eclipse.mylyn.core.model.edges.containment" OriginId="org.eclipse.mylyn.core.model.interest.propagation" StartDate="2009-10-20 18:20:04.234 PDT" StructureHandle="=date-example-test/" StructureKind="DLTK"/><InteractionEvent Delta="null" EndDate="2009-10-20 18:18:52.625 PDT" Interest="1.0" Kind="propagation" Navigation="org.eclipse.mylyn.core.model.edges.containment" OriginId="org.eclipse.mylyn.core.model.interest.propagation" StartDate="2009-10-20 18:18:52.625 PDT" StructureHandle="=date-example-test" StructureKind="resource"/><InteractionEvent Delta="null" EndDate="2009-10-20 18:19:55.781 PDT" Interest="1.0" Kind="propagation" Navigation="org.eclipse.mylyn.core.model.edges.containment" OriginId="org.eclipse.mylyn.core.model.interest.propagation" StartDate="2009-10-20 18:19:55.781 PDT" StructureHandle="=date-example" StructureKind="resource"/><InteractionEvent Delta="null" EndDate="2009-10-20 18:19:25.62 PDT" Interest="1.0" Kind="propagation" Navigation="null" OriginId="org.eclipse.php.editor" StartDate="2009-10-20 18:19:25.62 PDT" StructureHandle="/date-example-test" StructureKind="resource"/><InteractionEvent Delta="null" EndDate="2009-10-20 18:18:45.703 PDT" Interest="1.0000002" Kind="propagation" Navigation="org.eclipse.mylyn.core.model.edges.containment" OriginId="org.eclipse.mylyn.core.model.interest.propagation" StartDate="2009-10-20 18:18:45.703 PDT" StructureHandle="/" StructureKind="resource"/><InteractionEvent Delta="null" EndDate="2009-10-20 18:19:25.62 PDT" Interest="1.0" Kind="selection" Navigation="null" OriginId="org.eclipse.php.editor" StartDate="2009-10-20 18:19:25.62 PDT" StructureHandle="=date-example-test/&amp;lt;{DateTest.php" StructureKind="DLTK"/><InteractionEvent Delta="null" EndDate="2009-10-20 18:20:03.203 PDT" Interest="1.0" Kind="propagation" Navigation="null" OriginId="org.eclipse.php.ui.explorer" StartDate="2009-10-20 18:20:03.203 PDT" StructureHandle="/date-example-test" StructureKind="resource"/><InteractionEvent Delta="null" EndDate="2009-10-20 18:19:55.781 PDT" Interest="1.0" Kind="propagation" Navigation="null" OriginId="org.eclipse.php.ui.explorer" StartDate="2009-10-20 18:19:55.781 PDT" StructureHandle="/" StructureKind="resource"/><InteractionEvent Delta="null" EndDate="2009-10-20 18:19:35.296 PDT" Interest="0.01700002" Kind="propagation" Navigation="org.eclipse.mylyn.core.model.edges.containment" OriginId="org.eclipse.mylyn.core.model.interest.propagation" StartDate="2009-10-20 18:19:35.296 PDT" StructureHandle="" StructureKind="DLTK"/><InteractionEvent Delta="null" EndDate="2009-10-20 18:20:04.390 PDT" Interest="1.0" Kind="edit" Navigation="null" OriginId="org.eclipse.php.editor" StartDate="2009-10-20 18:20:04.390 PDT" StructureHandle="=date-example-test/&amp;lt;{DateTest.php" StructureKind="DLTK"/><InteractionEvent Delta="null" EndDate="2009-10-20 18:18:52.625 PDT" Interest="1.0" Kind="propagation" Navigation="null" OriginId="org.eclipse.php.ui.explorer" StartDate="2009-10-20 18:18:52.625 PDT" StructureHandle="/date-example-test" StructureKind="resource"/><InteractionEvent Delta="null" EndDate="2009-10-20 18:19:55.781 PDT" Interest="1.0" Kind="propagation" Navigation="null" OriginId="org.eclipse.php.ui.explorer" StartDate="2009-10-20 18:19:55.781 PDT" StructureHandle="/date-example/Zend" StructureKind="resource"/><InteractionEvent Delta="null" EndDate="2009-10-20 18:19:55.781 PDT" Interest="1.0" Kind="propagation" Navigation="org.eclipse.mylyn.core.model.edges.containment" OriginId="org.eclipse.mylyn.core.model.interest.propagation" StartDate="2009-10-20 18:19:55.781 PDT" StructureHandle="" StructureKind="DLTK"/><InteractionEvent Delta="null" EndDate="2009-10-20 18:19:55.781 PDT" Interest="0.9999999" Kind="propagation" Navigation="org.eclipse.mylyn.core.model.edges.containment" OriginId="org.eclipse.mylyn.core.model.interest.propagation" StartDate="2009-10-20 18:19:55.781 PDT" StructureHandle="=date-example/" StructureKind="DLTK"/><InteractionEvent Delta="null" EndDate="2009-10-20 18:18:16.703 PDT" Interest="4.0" Kind="propagation" Navigation="null" OriginId="org.eclipse.php.editor" StartDate="2009-10-20 18:18:16.93 PDT" StructureHandle="/date-example-test" StructureKind="resource" NumEvents="4" CreationCount="1"/><InteractionEvent Delta="null" EndDate="2009-10-20 18:18:45.703 PDT" Interest="1.0000002" Kind="propagation" Navigation="org.eclipse.mylyn.core.model.edges.containment" OriginId="org.eclipse.mylyn.core.model.interest.propagation" StartDate="2009-10-20 18:18:45.703 PDT" StructureHandle="=date-example-test" StructureKind="resource"/><InteractionEvent Delta="null" EndDate="2009-10-20 18:20:04.218 PDT" Interest="1.0" Kind="propagation" Navigation="null" OriginId="org.eclipse.php.ui.explorer" StartDate="2009-10-20 18:20:04.218 PDT" StructureHandle="/date-example-test/DateTest.php" StructureKind="resource"/><InteractionEvent Delta="null" EndDate="2009-10-20 18:18:45.703 PDT" Interest="1.0" Kind="propagation" Navigation="null" OriginId="org.eclipse.php.editor" StartDate="2009-10-20 18:18:45.703 PDT" StructureHandle="/date-example-test/DateTest.php" StructureKind="resource"/><InteractionEvent Delta="null" EndDate="2009-10-20 18:19:23.15 PDT" Interest="1.0" Kind="propagation" Navigation="null" OriginId="org.eclipse.php.ui.explorer" StartDate="2009-10-20 18:19:23.15 PDT" StructureHandle="/date-example-test/DateTest.php" StructureKind="resource"/><InteractionEvent Delta="null" EndDate="2009-10-20 18:19:35.859 PDT" Interest="0.01700002" Kind="propagation" Navigation="org.eclipse.mylyn.core.model.edges.containment" OriginId="org.eclipse.mylyn.core.model.interest.propagation" StartDate="2009-10-20 18:19:35.859 PDT" StructureHandle="=date-example/&amp;lt;Zend" StructureKind="DLTK"/><InteractionEvent Delta="null" EndDate="2009-10-20 18:18:16.703 PDT" Interest="3.4" Kind="propagation" Navigation="org.eclipse.mylyn.core.model.edges.containment" OriginId="org.eclipse.mylyn.core.model.interest.propagation" StartDate="2009-10-20 18:18:16.93 PDT" StructureHandle="=date-example-test/" StructureKind="DLTK" NumEvents="4" CreationCount="1"/><InteractionEvent Delta="null" EndDate="2009-10-20 18:20:00.250 PDT" Interest="1.0" Kind="propagation" Navigation="null" OriginId="org.eclipse.php.ui.explorer" StartDate="2009-10-20 18:20:00.250 PDT" StructureHandle="/date-example" StructureKind="resource"/><InteractionEvent Delta="null" EndDate="2009-10-20 18:19:37.578 PDT" Interest="1.0" Kind="selection" Navigation="null" OriginId="org.eclipse.php.ui.explorer" StartDate="2009-10-20 18:19:37.578 PDT" StructureHandle="=date-example/&amp;lt;Zend" StructureKind="DLTK"/><InteractionEvent Delta="null" EndDate="2009-10-20 18:19:25.62 PDT" Interest="1.0" Kind="propagation" Navigation="null" OriginId="org.eclipse.php.editor" StartDate="2009-10-20 18:19:25.62 PDT" StructureHandle="/date-example-test/DateTest.php" StructureKind="resource"/><InteractionEvent Delta="null" EndDate="2009-10-20 18:18:45.703 PDT" Interest="0.70000005" Kind="propagation" Navigation="org.eclipse.mylyn.core.model.edges.containment" OriginId="org.eclipse.mylyn.core.model.interest.propagation" StartDate="2009-10-20 18:18:45.703 PDT" StructureHandle="=date-example-test/&amp;lt;" StructureKind="DLTK"/><InteractionEvent Delta="null" EndDate="2009-10-20 18:19:35.859 PDT" Interest="1.0" Kind="propagation" Navigation="null" OriginId="org.eclipse.php.ui.explorer" StartDate="2009-10-20 18:19:35.859 PDT" StructureHandle="/date-example" StructureKind="resource"/><InteractionEvent Delta="null" EndDate="2009-10-20 18:19:52.250 PDT" Interest="1.0" Kind="selection" Navigation="null" OriginId="org.eclipse.php.ui.explorer" StartDate="2009-10-20 18:19:52.250 PDT" StructureHandle="=date-example/C:&amp;gt;temp&amp;gt;studio-7_1-45&amp;gt;plugins&amp;gt;org.zend.php.framework.resource_7.1.0.v20091006-1758&amp;gt;resources&amp;gt;ZendFramework-1&amp;gt;library&amp;gt;&amp;lt;Zend" StructureKind="DLTK"/><InteractionEvent Delta="null" EndDate="2009-10-20 18:19:35.296 PDT" Interest="1.0" Kind="selection" Navigation="null" OriginId="org.eclipse.php.ui.explorer" StartDate="2009-10-20 18:19:35.296 PDT" StructureHandle="=date-example/&amp;lt;Zend" StructureKind="DLTK"/></InteractionHistory>